id,name,platform,profile_url,followers,avg_views,engagement_rate,niche,content_themes,recent_titles,email,email_source,instagram_url,website,audience_age,audience_gender,audience_geo,country,language,last_upload,brand_fit_score,status,fail_reasons,source,fetched_at
UC5v4flMlRtXBRyyQVHBU7Gg,Himi Khandelwal,YouTube,https://www.youtube.com/channel/UC5v4flMlRtXBRyyQVHBU7Gg,91900.0,52631.6,0.0532702705796688,"skincare, makeup, beauty, hair, style, cosmetics","skincare, makeup, beauty, hair, style, cosmetics","[""Illegal in Europe, Sold in India!"", ""Avoid Shady Weight Loss Products! \u274c"", ""Period Acne? Here\u2019s What I Do a Week Before"", ""Minimum Kharcha, Maximum Impact \ud83d\udcaf"", ""Vicco Turmeric fought the Government???"", ""Truth About Nykaa\u2019s \u20b9500 Conditioners \ud83d\udd2c| Loreal, Dove, Tresemme and more"", ""Stop Using These Ghar Ke Nuskhe \ud83d\uded1 (Ranked by Science)"", ""SUGAR Lost 80% Valuation. Why Are We Celebrating?"", ""Why We Rejected 13 Skincare Samples \ud83d\udeab\ud83e\uddf4| Building PRUF"", ""6 Budget Products That Beat Expensive Ones | 10+ Years of Use""]",Not Found,Not Found,Not Found,https://www.amazon.in/shop/theskintellectualgirl,Not Found,Not Found,Not Found,IN,Not Found,2026-09-25T03:24:19Z,98.67,PASS_NO_EMAIL,[],Indian skincare routine,2026-10-01T18:04:38.042012+00:00
UClpPjy_7iXk34LbWFNgG12Q,Pooja,YouTube,https://www.youtube.com/channel/UClpPjy_7iXk34LbWFNgG12Q,0.0,5.0,0.0,"skincare, makeup, haul, style, lookbook","skincare, makeup, haul, style, lookbook","[""My First Video on YouTube | My Morning Skincare Routine for Glowing Skin\u2728""]",Not Found,Not Found,Not Found,Not Found,Not Found,Not Found,Not Found,IN,bn,2026-10-01T08:31:15Z,45.0,FAIL,"[""followers outside configured range or unavailable"", ""engagement rate below threshold or unavailable"", ""language does not match configured language""]",Indian skincare routine,2026-10-01T18:04:38.042012+00:00
UClB1ODW_aiHyUNQtgoriTHA,Indian Skin Blog ,YouTube,https://www.youtube.com/channel/UClB1ODW_aiHyUNQtgoriTHA,96400.0,56492.3,0.0266853521641517,"skincare, beauty, hair","skincare, beauty, hair","[""dopamine skincare: my daily habits for healthy, glowing skin"", ""5 Hair Growth Products That Actually Work | Hair Fall & Thinning"", ""Overnight Soaks for Skin, Gut and Hair"", ""5 Shampoos Under \u20b9500 for Dry Hair - Buy Again or Skip?"", ""My Oily Skin LOVES This Cleansing Balm"", ""Wishcare Hair Growth Serum Honest Review"", ""Best hair products to buy from Nykaa: shampoo, mask, conditioner, hair growth serum, leave in"", ""the most expensive serum I own"", ""I tried methi water for hair growth! Hair Density Challenge Episode 4"", ""Best Acne Products in India? I Rated Them Brutally""]",Not Found,Not Found,https://www.instagram.com/indianskinblog/?hl=en,Not Found,Not Found,Not Found,Not Found,IN,Not Found,2026-09-30T16:53:39Z,83.46,PASS_NO_EMAIL,[],Indian skincare routine,2026-10-01T18:04:38.042012+00:00
UCgmp2st6zPBDfDKXfOIaZZQ,Indian Beauty Solutions ,YouTube,https://www.youtube.com/channel/UCgmp2st6zPBDfDKXfOIaZZQ,775000.0,862.3,0.0057289453423256,"skincare, makeup, beauty, fashion, haul, hair, style","skincare, makeup, beauty, fashion, haul, hair, style","[""Make your Kajal look more intense #makeup"", ""Which is better ?"", ""Mars mascara in 200"", ""Glowing skin without makeup "", ""Genuine solutions of hair and skin problems "", ""Light Smokey kajal look in 2 min #makeup #kajal"", ""Bold Kajal in 1 min"", ""Thin hair line ? Here is the solution"", ""How to create shimmery lip look "", ""#makeup""]",alifpc2016@gmail.com,channel description,Not Found,Not Found,Not Found,Not Found,Not Found,IN,Not Found,2026-09-28T15:52:38Z,48.34,FAIL,"[""followers outside configured range or unavailable"", ""engagement rate below threshold or unavailable""]",Indian skincare routine,2026-10-01T18:04:38.042012+00:00
UCihwYSBT8NkVDEDElmpkGgA,The Indian Girl,YouTube,https://www.youtube.com/channel/UCihwYSBT8NkVDEDElmpkGgA,348000.0,12678.5,0.0302211695117318,"skincare, makeup, beauty, hair, cosmetics","skincare, makeup, beauty, hair, cosmetics","[""Nykaa Hot Pink Sale \ud83c\udf80 : More than 35 products I got ( 8 lip stick swatches ) \ud83d\udc84"", ""Favorite Lip Combo \ud83d\udc84  #lipcombo #liptint #makeup #lipstick #mac #lipgloss"", ""How I Regrew My Hair After Severe Thinning | Hair Growth Serum & Shampoo #hairgrowth "", ""Finally I am 30 \ud83c\udf38\ud83d\udc95 #happybirthday"", ""I Tried 11 Moisturisers So You Don\u2019t Have To & Wasted \u20b96882 "", ""8 Hair Growth Serums for Reduced Hair fall & Hair Growth ( what didn\u2019t work? ) "", ""Finally got a \u201cHair trim\u201d after 2 years of HAIR REGROWTH \ud83d\udc87\u200d\u2640\ufe0f"", "" \u201cUnsponsored\u201d Affordable 4-step Morning Skincare Routine for Healthy Glowing Skin \u2728"", ""how much money \ud83d\udcb0 I have spent on Skincare, Haircare & body care products in past 3 years \ud83d\ude30\ud83e\udd2f part 1"", ""ME BEFORE CLEAR SKIN \u2728 #acne""]",theindiangirlmonalisa@gmail.com,channel description,Not Found,Not Found,Not Found,Not Found,Not Found,IN,Not Found,2026-07-17T12:33:22Z,49.27,FAIL,"[""followers outside configured range or unavailable""]",Indian skincare routine,2026-10-01T18:04:38.042012+00:00
UCj4nEnx8t_HJ5wpL1YPxHaw,Chetali Chadha,YouTube,https://www.youtube.com/channel/UCj4nEnx8t_HJ5wpL1YPxHaw,681000.0,50640.9,0.0215226729449155,"skincare, makeup, beauty, fashion, hair, style, grwm","skincare, makeup, beauty, fashion, hair, style, grwm","[""Acne & Acne Marks Skincare Routine #acneproneskin #acneremoval"", ""UNBOXING My Birthday Gifts | Skincare, Makeup, Perfume, Bag, Sunglasses & More | Chetali Chadha"", ""6 Indian Budget Shampoos for different Hair Types! #shampoo #haircaretips"", ""Reviewing 3 Viral Skincare Launches! What\u2019s worth your money\ud83d\udcb0? #viralskincare"", ""My Nighttime Anti-Aging/Barrier Repair Skincare Routine | GURWM Post Event | Chetali Chadha"", ""1 Product For Your Hair Problem! The Haircare Cheatsheet you need in 2026! #haircare #hairgrowth"", ""Best Lip Glosses! Rating 8 Popular Lip Glosses in India \ud83c\uddee\ud83c\uddf3 #lipgloss"", ""GRWM IN GOA for YouTube\u2019s BIGGEST Creators Event\u2026 AND WE WON AN AWARD! \ud83e\udd79\ud83c\udfc6 | Chetali Chadha"", ""Best Gripping Primers | Rating 8 Popular Gripping Primers #primer #makeup"", ""Teenagers Budget Skincare Routine For All skin Types | Oily/Acne/Combo/Dry Skin | Chetali Chadha""]",Not Found,Not Found,Not Found,Not Found,Not Found,Not Found,Not Found,IN,Not Found,2026-09-30T13:17:48Z,59.84,FAIL,"[""followers outside configured range or unavailable""]",Indian skincare routine,2026-10-01T18:04:38.042012+00:00
UCPzUamxy0w2OxwX7aDU9Gjg,INDIA BE-FIIT,YouTube,https://www.youtube.com/channel/UCPzUamxy0w2OxwX7aDU9Gjg,683000.0,796.4,0.0366162037793636,"skincare, beauty, fashion, haul, hair, style","skincare, beauty, fashion, haul, hair, style","["" WATCHES HAUL for Mens \ud83d\ude18\ud83d\ude0d\u2705 | SONATA Watches for Mens"", ""How to Upgrade your Personality "", ""How to Impress Girls \ud83d\ude0d\u2728 | Ladki Kaise Patae |How to Attract Girls 7 \u0926\u093f\u0928\u094b\u0902 \u092e\u0947\u0902 \u0932\u095c\u0915\u0940 Impress \ud83d\ude0d\ud83d\ude18"", ""Look all Day Fresh in Monsoon \ud83d\udca6\ud83d\ude0d"", ""SKINCARE with DECONSTRUCT \ud83d\ude0d\ud83e\udd70| Deconstruct SKINCARE Review  "", ""Summer Essentials for Men\u2019s Under 500 \ud83d\ude0d\u2705 | Summer Essential \u0939\u0930 \u0932\u095c\u0915\u0947 \u0915\u0947 \u092a\u093e\u0938 \u0939\u094b\u0928\u0947 \u091a\u093e\u0907\u092f\u0947 "", ""How to Get Attractive Face \ud83d\ude0d\ud83c\udf0d"", ""Fashion Upgrade \u0915\u0930\u094b | Upgrade Your Fashion in Summers"", ""7 \u0926\u093f\u0928\u094b\u0902 \u092e\u0947\u0902 \u0932\u095c\u0915\u0940 Impress\ud83d\ude0d\u2728| How to Impress Girls | Ladki Kaise Patae |How to Attract Girls \ud83d\ude0d\ud83d\ude18"", ""\u092a\u0942\u0930\u093e \u0926\u093f\u0928 Fresh Look \ud83d\ude0d\ud83e\udd70 | How to Look all Day Fresh in Summers | Look Handsome & Attractive in Summer""]",teamhemantnegi@flickzilla.in,channel description,Not Found,Not Found,Not Found,Not Found,Not Found,IN,Not Found,2026-09-24T19:43:38Z,69.3,FAIL,"[""followers outside configured range or unavailable""]",Indian skincare routine,2026-10-01T18:04:38.042012+00:00
UCejOQPlrxFx-e48x9fCfODA,Indian SkinCare,YouTube,https://www.youtube.com/channel/UCejOQPlrxFx-e48x9fCfODA,5.0,519.3333333333334,0.2956074943486405,"skincare, beauty, hair","skincare, beauty, hair","[""Garmi me Pimples kyu badhte hain? \ud83d\ude31 (Easy Solution)#pimples #acne #summeracne #skincare #glowingskin"", ""1 baar lagao, chamak dekh ke hairaan ho jaoge #haldi #turmeri #haldipack #shortvideo #glowingskin"", ""100% Natural Glow \u2013 Multani Mitti Face Pack at Home #multanimitti #multani #glowingskin #shortvideo"", ""Face Se Dark Spots Kaise Hataye | Simple Skincare Routine #glowingskin #indianskin #shortvideo"", ""Sirf 7 din me skin glow! Ye foods zarur khaye \ud83d\ude0d#glowingskin #trendingvideo #viralvideo #shortvideo "", ""\u201cGarmi me Skin Care Kaise Kare? #indianskincare#skincareindia#indianskin#desiskincare#indianglow ""]",Not Found,Not Found,Not Found,Not Found,Not Found,Not Found,Not Found,Not Found,Not Found,2026-04-07T10:25:53Z,60.0,FAIL,"[""followers outside configured range or unavailable"", ""last upload is older than configured activity window""]",Indian skincare routine,2026-10-01T18:04:38.042012+00:00
UClcYchlRF3XUbkxL0u1GCvQ,Nipun Kapur ,YouTube,https://www.youtube.com/channel/UClcYchlRF3XUbkxL0u1GCvQ,410000.0,238667.0,0.0236136971802365,"skincare, makeup, beauty, hair","skincare, makeup, beauty, hair","[""Don't Buy Beauty of Joseon Until You Watch This! \ud83d\ude33 #shorts"", ""How to get rid of pores in texture for a flawless base as a bride #bridalbeauty #skincare"", ""How to get rid of face tan ? Best serum to remove face tan in India #tanremoval #facetan"", ""Ranking viral Medicube products #viralkorean #skincare #medicubeskincare"", ""How to shave your face correctly #faceshaving #shaving #bestrazorforwomen"", ""How to get rid of dull tanned face? #facetan #dullskin"", ""Is dr Althea cream really worth it? Review of Dr Althea skincare #345cream #147cream #dralthea"", ""How to treat pigmentation at home | Best serum for pigmentation in India | melasma skincare India"", ""HAIRFALL versus hair breakage #hair #hairfall #hairgrowth"", ""How to get rid of intense body tan? #tanremoval #bodytan #bodycare""]",Not Found,Not Found,Not Found,Not Found,Not Found,Not Found,Not Found,AE,Not Found,2026-09-24T14:00:32Z,59.97,FAIL,"[""followers outside configured range or unavailable"", ""country does not match configured region""]",Indian skincare routine,2026-10-01T18:04:38.042012+00:00
UCtLpPnn0bg52IPFhzMwkvBw,RABIA SKINCARE 2.0,YouTube,https://www.youtube.com/channel/UCtLpPnn0bg52IPFhzMwkvBw,4960000.0,29509.2,0.0470627645730431,"skincare, beauty, hair","skincare, beauty, hair","[""90% \u0932\u094b\u0917 \u0928\u0939\u0940\u0902 \u091c\u093e\u0928\u0924\u0947- Ek Vitamin \u0938\u0947- \u091d\u095c \u0930\u0939\u0947 \u0939\u0948 \u0906\u092a\u0915\u0947 \u0918\u0928\u0947 \u092c\u093e\u0932, \u0930\u0941\u0915 \u0917\u092f\u0940 \u0939\u0948 Growth, \u0959\u0924\u094d\u092e \u0939\u094b \u0930\u0939\u0940 \u0939\u0948 Density"", ""\u092a\u0924\u0932\u0947 \u092c\u093e\u0932\u094b\u0902 \u0915\u094b 15 Days \u092e\u0947\u0902 3X \u092e\u094b\u091f\u093e \u0914\u0930 \u0918\u0928\u093e \u0915\u0930\u0928\u0947 \u0915\u093e Science- Dermarolling for 3X Faster Hair Regrowth"", ""15 \u0926\u093f\u0928\u094b\u0902 \u092e\u0947\u0902 3X Hair Growth Activation Challenge-\u0938\u093f\u0930\u094d\u092b \u0907\u0928 5 \u091a\u0940\u095b\u094b\u0902 \u0938\u0947-Stop Thinning & Regrow 3X Hair"", ""\u0915\u093e\u0936 \u092a\u0939\u0932\u0947 \u092a\u0924\u093e \u0939\u094b\u0924\u093e \ud83d\ude31I put THIS and Store my Skin & Haircare DIY's -For 18 months-at room temperature"", ""PMOS-Medical Science ki ek galti-\u0915\u0930\u094b\u095c\u094b \u092e\u0939\u093f\u0932\u093e\u0913\u0902 \u0915\u093e \u0939\u0941\u0906 \u0917\u0932\u0924 TREATMENT? Hairfall \u0914\u0930 Weight Gain \u0915\u094d\u092f\u0942\u0901 ?"", ""\u092f\u0939 \u0939\u0948\ud83d\udc46\ud83c\udffb\u0906\u092a\u0915\u0947 Hair Thinning \u0915\u0940 \u0905\u0938\u0932 \u0935\u091c\u0939- Hormonal Imbalance Explained-Excess Weight/Hairfall/PCOS"", ""Dabur Gulabari EXPOSED- Is Gulabari REAL Rosewater??? Ingredients \ud83d\ude33 me #readlabels #brandexposed"", ""I made REAL Hibiscus Shampoo for my Long Shiny Hair after knowing what brands actually sell "", ""Rating Worst to Best Hair Habits- For Healthy Hair- Reduce Hairfall, Hair Damage & Frizziness"", ""Rating Natural Ingredients for Skin Brightening- Rabia Skincare -For Clear Glowing Bright Skin""]",Not Found,Not Found,Not Found,Not Found,Not Found,Not Found,Not Found,IN,Not Found,2026-07-09T09:45:36Z,59.28,FAIL,"[""followers outside configured range or unavailable""]",Indian skincare routine,2026-10-01T18:04:38.042012+00:00
UCWNo3RECWv-1askkneKe2gQ,Indian Beauty Vlogger,YouTube,https://www.youtube.com/channel/UCWNo3RECWv-1askkneKe2gQ,98800.0,56517.4,0.0073173551999543,"skincare, makeup, beauty, fashion, hair, style, cosmetics","skincare, makeup, beauty, fashion, hair, style, cosmetics","[""If You\u2019re Struggling With Hair Fall, Watch This"", ""My Flat Hair Needed a Serious Volume Intervention \ud83d\ude02"", ""How I Refreshed My Hair Color at Home Ft. L'Or\u00e9al Paris"", ""how I stay calm & comfortable during my period (no stress routine)"", ""Frizz-Free All Summer: Game-Changing Hair Hacks You Need Now! #ad"", ""Dull to GLOWING in 15 Minutes \ud83d\ude0d L'Or\u00e9al Paris Glycolic Bright Anti Dark Spot Peel"", ""If Your Periods Hurt More in Winter, This Video Explains Everything"", ""You\u2019re Applying Perfume WRONG! Do This & It Lasts Twice as Long #perfumes #skincare #perfumehack"", ""Don\u2019t Attend a Wedding Without Watching This Hair Colour Hack #haircolouring #haircare #skincare"", ""The Glow I Got From This? UNREAL. You Need to See This #skincare #darkspots @SwissBeautyCosmetics""]",Not Found,Not Found,Not Found,Not Found,Not Found,Not Found,Not Found,IN,Not Found,2026-09-25T16:08:11Z,68.79,FAIL,"[""engagement rate below threshold or unavailable""]",Indian skincare routine,2026-10-01T18:04:38.042012+00:00
UCAFU6ek5Tbz0RoGoAaG6KCQ,House Of Beauty India®,YouTube,https://www.youtube.com/channel/UCAFU6ek5Tbz0RoGoAaG6KCQ,1070000.0,4391.3,0.0160586000553281,"skincare, beauty, hair, style","skincare, beauty, hair, style","[""One Microcurrent Tool for Wrinkles, Neck Lines & Sagging \u2728 | House of beauty"", ""Are You Making These Gua Sha Mistakes? \ud83d\udc40 | House of beauty India"", ""Oily Skin? Avoid Thick Creams in Your Morning Routine \ud83d\ude05 | House of beauty India"", ""Real Acne Transformation  | Anti-Acne Facial Before & After   #houseofbeautyindia  #skincare"", ""Sculpt Pro Magic Loved by Thousands, Now Reaching More Women |  #houseofbeautyindia #skincare"", ""Get That Celebrity Sculpted Look with Sculpt Lift Pro |  #houseofbeautyindia #skincare #beauty"", ""What If an LED Mask + Microcurrent Tool Had a Baby? | Sculpt Pro  #houseofbeautyindia #skincare"", ""7 LED Lights. Multiple Skin Concerns. One Sculpt Pro |  #houseofbeautyindia #skincare #beauty"", ""The Viral Facial Tool Everyone Needs to Know About | Sculpt Lift Pro  #houseofbeautyindia #skincare"", ""India, Meet Sculpt Lift Pro  Your New Face Sculpting Essential |   #houseofbeautyindia #skincare""]",Not Found,Not Found,Not Found,Not Found,Not Found,Not Found,Not Found,IN,en-IN,2026-10-01T14:30:33Z,56.24,FAIL,"[""followers outside configured range or unavailable"", ""language does not match configured language""]",Indian skincare routine,2026-10-01T18:04:38.042012+00:00
UCk8U-j3BoWWd9cny2YNe4jg,Helloshreee,YouTube,https://www.youtube.com/channel/UCk8U-j3BoWWd9cny2YNe4jg,1140000.0,375191.8,0.0211988626404547,makeup,makeup,"[""Love your chaos a little more, because it\u2019s what makes you, YOU. \u2665\ufe0f"", ""Some of you asked for a detailed video so tap on the link to check it out \u2665\ufe0f#breastreductionjourney"", ""Sharing the most life changing experience of my life! My breast reduction journey!! "", ""Clearing some fun drafts \u2665\ufe0f"", ""Whoever drapes a saree perfectly, hats off to them. \ud83d\ude0d\ud83e\udee1 it\u2019s definitely a talent."", ""\ud83e\uddff\u2665\ufe0f"", ""Hi! Its been a Long since my last post \u2665\ufe0f\ud83e\uddff"", ""How to get glowy makeup by using just one product under your makeup #ad"", ""Dream big and be consistent with whatever you are doing, god will bless you one day \u2665\ufe0f\ud83e\uddff"", ""none of these are 100% healthy so make sure to eat in limit and do not overboard \ud83e\udd23 I know you will""]",Not Found,Not Found,Not Found,Not Found,Not Found,Not Found,Not Found,IN,Not Found,2026-10-01T07:20:49Z,47.34,FAIL,"[""followers outside configured range or unavailable"", ""insufficient fashion/beauty keyword matches""]",Indian skincare routine,2026-10-01T18:04:38.042012+00:00
UCfGCPkRVQ96abMaDyjN-YSg,Samapti Banerjee,YouTube,https://www.youtube.com/channel/UCfGCPkRVQ96abMaDyjN-YSg,341000.0,26138.8,0.0206985879948035,"skincare, beauty, hair","skincare, beauty, hair","[""Ayurvedic Beauty Finds"", ""Kay Beauty vs Maybelline Cushion Foundation"", ""Hidden haircare gems"", ""Baseline vs Baseline \ud83d\ude05"", ""Amazon Beauty Finds\u2728"", ""Indian Pink Moisturisers Under 499\u20b9"", ""September \u2728"", ""5 Korean Skincare Products Worth Buying in India For Glowing Skin | Honest Review"", ""Hidden Beauty Gems\u2728"", ""Beauty finds under 299\u20b9""]",samaptibanerjee777@gmail.com,channel description,Not Found,Not Found,Not Found,Not Found,Not Found,Not Found,Not Found,2026-10-01T08:13:15Z,59.49,FAIL,"[""followers outside configured range or unavailable""]",Indian skincare routine,2026-10-01T18:04:38.042012+00:00
UCQ1X6NuAr9mxbxLUEHw3-OA,Skincare routine,YouTube,https://www.youtube.com/channel/UCQ1X6NuAr9mxbxLUEHw3-OA,6.0,731.0,0.0078921732974856,"skincare, hair","skincare, hair","[""flaxseed gel for hair growth #flaxseed #flaxseedbenefites #flaxseedgelforhair"", ""instant glowing face pack or banana face pack #banana #bananafacepack #bananafacemask #glowingskin"", ""french green clay face pack at home #facepack #facepackathome #facepackforoilyskin #facepackforacne"", ""How to prepare rosemary oil at home #rosemarybenefits #rosemaryoilforhairgrowth #rosemary #hairlover"", ""Rosemary oil for best hair growth #rosemary #rosemarybenefits #rosemaryoilforhairgrowth #rosemarytip"", ""Grey hair and  regrow hairpack for womens & Mens #hairpack #haircare #hairgrowth #auyervedic"", ""Best glowing facepack #skincareroutine #avarampoo #turmeric #instantglowfacial #skincaretips"", ""Instant glowing face pack #skincareroutine #flaxseed #turmeric #flaxseedbenefites #flaxseedgel"", ""Morning skincare routine #skincareroutine #skincaretips #skin #skinbrightening"", ""flax seed  facepack #flaxseed #flaxseedbenefites #flaxseedgelforhair #flaxseedgel""]",Not Found,Not Found,Not Found,Not Found,Not Found,Not Found,Not Found,Not Found,Not Found,2025-05-29T16:40:00Z,30.52,FAIL,"[""followers outside configured range or unavailable"", ""engagement rate below threshold or unavailable"", ""last upload is older than configured activity window""]",Indian skincare routine,2026-10-01T18:04:38.042012+00:00
UCDYcHTeaMptE9a7BAPFdveQ,Bioderma India,YouTube,https://www.youtube.com/channel/UCDYcHTeaMptE9a7BAPFdveQ,119000.0,35402.0,0.0025007041454858,"skincare, makeup, grwm","skincare, makeup, grwm","[""The Glow Your Skin Deserves \u2728 | BIODERMA Atoderm Creme Ultra"", ""Soft & Hydrated Skin with BIODERMA Atoderm Cr\u00e8me Ultra | Dry Skin Care"", ""Krystle D\u2019Souza\u2019s 2-Step Glow Ritual\u2728 | BIODERMA India"", ""Festive Skincare Routine with Atoderm Cr\u00e8me Ultra | BIODERMA"", ""How to Keep Dry Skin Hydrated Every Day | Atoderm Creme Ultra"", ""BIODERMA Atoderm Cr\u00e8me Ultra | Daily Moisturiser for Dry & Sensitive Skin"", ""GRWM for the Festive Season \u2728 Glowing Skin Prep ft. Atoderm Cr\u00e8me Ultra"", ""Tinted Sunscreen for Oily & Acne-Prone Skin | Bioderma Photoderm Aquafluide Tinted"", ""Moisturiser for Dry, Acne-Prone Skin | BIODERMA S\u00e9bium Hydra"", ""Sunscreen for Dry Skin & Travel | Bioderma Photoderm Cr\u00e8me""]",Not Found,Not Found,Not Found,Not Found,Not Found,Not Found,Not Found,IN,Not Found,2026-10-01T06:00:00Z,46.75,FAIL,"[""followers outside configured range or unavailable"", ""engagement rate below threshold or unavailable""]",Indian skincare routine,2026-10-01T18:04:38.042012+00:00
UC2QBCIyo_FbTlm0Rfh_6wkw,INDIANGIRL BEAUTY BLOGGER TRISHA,YouTube,https://www.youtube.com/channel/UC2QBCIyo_FbTlm0Rfh_6wkw,2400000.0,312472.9,0.0095822573046562,"skincare, makeup, beauty, hair, style","skincare, makeup, beauty, hair, style","[""Best Brown Hair Shades To Try | L'Or\u00e9al Paris"", ""How to Get Salon-Worthy Volume at Home | L'Or\u00e9al Paris Collagen Lifter"", ""My Honest Hair Care Update: Less Hair Fall & Baby Hair"", ""Balancing Motherhood Starts with Taking Care of Yourself."", ""My Secret to Staying Fresh This Summer | How I Say Goodbye to Discomfort with VWash"", ""Recreating My Favorite Celebrity Bridal Look with Faces Canada \ud83d\udc84\u2728"", ""Glass Skin at Home?! Under Rs.200 Changed My Skin in 6 Steps"", ""Summer Skin Savior, 50X Vitamin C Body Lotion You NEED"", ""Zero Oil\u2026 But Look At That Glow \u2013 Matte Finish, Instant Glow."", ""No More DIY Fixes\u2014Prevent Tan the Smart Way with @niveaindia""]",Not Found,Not Found,Not Found,Not Found,Not Found,Not Found,Not Found,IN,Not Found,2026-08-24T14:18:46Z,43.26,FAIL,"[""followers outside configured range or unavailable"", ""engagement rate below threshold or unavailable""]",Indian skincare routine,2026-10-01T18:04:38.042012+00:00
UCTIC3sdzVDRrvsBRV2sBKLw,Alite Skincare | Acne Care Backed by Science,YouTube,https://www.youtube.com/channel/UCTIC3sdzVDRrvsBRV2sBKLw,102.0,8931485.1,0.0065664304844768,skincare,skincare,"[""The Science Behind Clearer Skin | Alite Anti Acne Gel"", ""Alite Anti-Acne Facewash \u2013 Wash Away Pimples, Reveal Clear Skin"", ""Science Se Jeeto Acne Ki Fight! | Alite Anti-Acne Face Wash"", ""When Trending Skincare Advice Goes Wrong... | Alite Anti-Acne Gel"", ""Alite Anti-Acne Gel | Acne Treatment with Clinically Proven Actives | Ft. Anushka Sen & Taaruk Raina"", ""Fight Acne the Smart Way | Alite Anti-Acne Face Wash | Ft. Anushka Sen & Taaruk Raina"", ""#ScienceSeJeetoAcneKiFight - Teaser Video 1 | Alite Skincare"", ""\""\ud83c\udf0a Meet the Clear Skin Squad Skin-ready. Always Alite \ud83d\udc9a"", ""Can they guess the right Alite product? \ud83d\udc40\ud83d\udc9a"", ""\""\ud83c\udf81 What\u2019s inside the box?Alite team edition \u2014 some nailed it, some\u2026 some didnt!""]",Not Found,Not Found,Not Found,Not Found,Not Found,Not Found,Not Found,IN,Not Found,2026-06-18T10:13:46Z,17.1,FAIL,"[""followers outside configured range or unavailable"", ""engagement rate below threshold or unavailable"", ""insufficient fashion/beauty keyword matches"", ""last upload is older than configured activity window""]",Indian skincare routine,2026-10-01T18:04:38.042012+00:00
UCRm2WF_5-xf4IDjO8M_Yg4Q,Scientific Skincare For Indian Skin,YouTube,https://www.youtube.com/channel/UCRm2WF_5-xf4IDjO8M_Yg4Q,3.0,12.5,0.4326923076923077,"skincare, haul","skincare, haul","[""Korean Skincare | Korean Glass Skincare |  #skincare |Indian Skincare | Korean Skincare Kaise Kare"", ""Biggest mistake done by skincare influencers on YouTube Facebook Instagram LinkedIn. #skincare""]",Not Found,Not Found,Not Found,Not Found,Not Found,Not Found,Not Found,IN,en-IN,2023-10-09T07:29:07Z,60.0,FAIL,"[""followers outside configured range or unavailable"", ""last upload is older than configured activity window"", ""language does not match configured language""]",Indian skincare routine,2026-10-01T18:04:38.042012+00:00
UCGaflFnSwaoKjRb5_dZyTxA,Skin & Shine by Nehhaaa,YouTube,https://www.youtube.com/channel/UCGaflFnSwaoKjRb5_dZyTxA,12.0,299.3333333333333,0.1445582157908647,"skincare, makeup, beauty, hair","skincare, makeup, beauty, hair","[""My Lazy Girl AM Skincare Routine \ud83d\ude0c\u2728 #shorts #morningroutine #trendingshorts"", ""Easy Everyday Makeup Using Only 3 Products \u2728\ud83d\udc96 #shorts #makeup #youtubeshorts"", ""My Real Night Skincare Routine for Glowing Skin \u2728 | Skin & Shine by Nehhaaa #winter #skincare #fyp ""]",Not Found,Not Found,Not Found,Not Found,Not Found,Not Found,Not Found,IN,Not Found,2026-02-15T14:30:25Z,60.0,FAIL,"[""followers outside configured range or unavailable"", ""last upload is older than configured activity window""]",Indian skincare routine,2026-10-01T18:04:38.042012+00:00
UCvtuynOD5XCGTylSocjIMDQ,All about skincare,YouTube,https://www.youtube.com/channel/UCvtuynOD5XCGTylSocjIMDQ,10.0,508.3,0.0130733504793227,skincare,skincare,"[""Moisturizer for all skintypes"", ""Glass skin routine for night"", ""Teenage skincare for summers"", ""vitamin c skincare"", ""pharmacy skincare for acne"", ""moisturizer from pharmacy"", ""Vitamin C for Life \u2764\ufe0f"", ""pregnancy safe night serums"", ""pregnancy safe sunscreen"", ""pedicure and manicure""]",Not Found,Not Found,Not Found,Not Found,Not Found,Not Found,Not Found,Not Found,Not Found,2023-07-08T04:40:04Z,21.65,FAIL,"[""followers outside configured range or unavailable"", ""insufficient fashion/beauty keyword matches"", ""last upload is older than configured activity window""]",Indian skincare routine,2026-10-01T18:04:38.042012+00:00
UCPpjp_MTSIOaIgSh7FGFNUA,Daily skincare routine ,YouTube,https://www.youtube.com/channel/UCPpjp_MTSIOaIgSh7FGFNUA,59.0,129.1,0.0719324339279522,"skincare, hair","skincare, hair","[""28 August 2026"", ""30 July 2026"", ""28 January 2026"", ""#hairfall #hairfallsolution #hairfallcontrol"", ""#skincare #winterskincare #sunscreen #moismoisturiser"", ""#retinol #retinolcream #murad #dryskin #skincare"", ""Foot cream #music #footcream #skincare #dryskin"", ""#facepack #winterskincare #viralvideo"", ""#dotnkey #eyemasks #skincare #winterskincare"", ""moisturiser #skincare #bodyshop #moismoisturiser #dryskin #winter""]",Not Found,Not Found,Not Found,Not Found,Not Found,Not Found,Not Found,Not Found,Not Found,2026-08-28T05:44:59Z,72.44,FAIL,"[""followers outside configured range or unavailable""]",Indian skincare routine,2026-10-01T18:04:38.042012+00:00
UCCsSs59OTx2cGCCKeIqi22Q,Citta World,YouTube,https://www.youtube.com/channel/UCCsSs59OTx2cGCCKeIqi22Q,7000.0,185.6,0.0361852146722516,"skincare, hair","skincare, hair","[""Is Salicylic Acid Good for acne? \ud83e\udd14#shortsindian #acnesolutions #salicylicacidcreamforacne"", ""Why Your Dandruff Keeps Coming Back (And How to Fix It)"", ""Why acne care hurts so much? How to reduce pigmentation? #acnecare #causeofacne #pimpletreatment"", ""Tired of the Same Old Acne Advice? So Are We \ud83c\udf3f #acnecare #taboo #skincaremyths"", ""CITTA made a debut at #femina circle\u2728 #shortsindian #indianskincarebrand #madeinindia"", ""How Hair Growth Serum works | CITTA's secret to fuller,healthier Hair"", ""Ceramides inspired by age old traditions \u2728 #ceramides #indianskincareroutine"", ""Why Everyone is loving this Sunscreen?  #thanaka #sunscreen #bestsunscreeninindia"", ""Does Shampoo really grow hair? Myths about Hair growth| Hair Growth Serum that actually works?#nocap"", ""The Real Problem With Skincare in India || (Nobody Talks About This) #indianskincarebrand #ceramides""]",Not Found,Not Found,Not Found,Not Found,Not Found,Not Found,Not Found,IN,Not Found,2025-12-22T09:35:00Z,70.33,FAIL,"[""last upload is older than configured activity window""]",Indian skincare routine,2026-10-01T18:04:38.042012+00:00
UCO9B0EfgMzyEV8d8Y87eLwQ,Le' Skin India,YouTube,https://www.youtube.com/channel/UCO9B0EfgMzyEV8d8Y87eLwQ,23.0,923.3,0.0180971261632855,"skincare, makeup, beauty","skincare, makeup, beauty","[""Le\u2019Skin India #skincare"", ""#thailand #skin #secret"", ""Pour some #milk on your #skincare routine \ud83e\udd17"", ""Meet Le\u2019Skin India most Viral Body Lotion #thailand #skincare"", ""My skin has so confusing lately \ud83d\ude14 #skincare #thailand"", ""Experience the power of #milk #thailand #skincare"", ""Glow starts with good #skincare #facemask #facemaskforglowingskin"", ""POV: Your skin looks exactly how your day felt \ud83d\ude1e #skincare #skinpositivity"", ""Rough Texture ? Dull Skin ? Zero Glow ? Not anymore \u2026.. Try #leskin"", ""\u2728 Thailand\u2019s glow secret has finally arrived in India! #skincare #bodywash #showercream #india""]",hello@leskinindia.com,channel description,https://www.instagram.com/leskinindia/,https://leskinindia.com/,Not Found,Not Found,Not Found,IN,Not Found,2026-06-30T09:58:42Z,37.67,FAIL,"[""followers outside configured range or unavailable"", ""last upload is older than configured activity window""]",Indian skincare routine,2026-10-01T18:04:38.042012+00:00
UCr2UwNrDH1rqeUHltq_fCOA,Urvashi Singh,YouTube,https://www.youtube.com/channel/UCr2UwNrDH1rqeUHltq_fCOA,46700.0,65121.9,0.0551090700344431,"skincare, makeup, beauty, haul, hair, style, grwm","skincare, makeup, beauty, haul, hair, style, grwm","[""beauty empties declutter + restock haul\ud83e\udd0e haircare, bodycare & hygiene essentials, skincare & makeup "", ""Everything Beauty Routine\ud83e\udd0epost shower skin, body, hair and makeup *GET READY WITH ME*"", ""Beauty Maintenance Routine\ud83e\uddd6\ud83c\udffc\u200d\u2640\ufe0f hair transformation, everything shower, pedicure, waxing, facial\ud83e\udee7\ud83d\udec1"", ""my 15 minute hair blowout routine\ud83e\udd0e\ud83d\udca8"", ""contouring with blush for lifted sunkissed flush\u2600\ufe0f\ud83d\udc95 @Nykaa"", ""smokey eye desi makeup\ud83e\udeb7\ud83e\udd9a"", ""best dermat approved moisturiser? *honest* bioderma atoderm creme review\ud83e\udd0d"", ""haircare routine for long hair and healthy scalp\u2b50\ufe0f best dermat approved hair growth serum"", ""toasty makeup\ud83d\udc06\ud83e\udd0e"", ""best beauty finds from homegrown brands\ud83d\udc10\u2b50\ufe0f""]",itsmeurvashi.work@gmail.com,channel description,Not Found,Not Found,Not Found,Not Found,Not Found,Not Found,Not Found,2026-09-29T16:45:02Z,99.56,PASS,[],Indian skincare routine,2026-10-01T18:04:38.042012+00:00
UC0iiPDABxXax-0CstSKHEhw,Sneha Sen Indian Beauty Blogger,YouTube,https://www.youtube.com/channel/UC0iiPDABxXax-0CstSKHEhw,953000.0,375539.4,0.0104631828023121,"skincare, hair","skincare, hair","[""New MAC Lustreglass Lipstick - You Can't Dull My Shine"", ""8 Months Postpartum: My Hair Fall Journey + Baby Hair Update"", ""Lip Tints that last all day"", ""Lip gloss stains for Indian skin that last all day \ufffc"", ""Skincare actives for different skin concerns"", ""Best Anti-Pigmentation Routine for Dark Spots Ft. La Roche-Posay"", ""Best Haircare Routine For Salon-Like Volume | L'Or\u00e9al Paris Collagen Lifter"", ""How To Remove Dark Spots On Face?"", ""The Hair Serum That Helped My Hair Grow Back | Honest Journey #AD"", ""The Hair Mask That Changed My Wash Day Routine \u2728 #AD""]",-sneha.sen@honeycombmedia.in,channel description,Not Found,Not Found,Not Found,Not Found,Not Found,IN,Not Found,2026-09-30T14:38:47Z,52.1,FAIL,"[""followers outside configured range or unavailable""]",Indian skincare routine,2026-10-01T18:04:38.042012+00:00
UCH4e-pEtSZMeFpFaduI7y-w,SERENE Skincare,YouTube,https://www.youtube.com/channel/UCH4e-pEtSZMeFpFaduI7y-w,2.0,263.3,0.0012074105901183,"skincare, beauty","skincare, beauty","[""My Skin Barrier Was Completely Damaged\u2026 Until I Tried This! #skincare #shorts"", ""SERENE Daily Defence SPF 50 PA++++ Sunscreen For Bright, Protected & Healthy Skin #shorts #skincare"", ""Do This Before Bed for Better Skin \ud83d\udc40 #skincare #shorts"", ""How to Use Jade Roller & Gua Sha for Glowing Skin #shorts #jaderoller #skincare"", ""Brighter Skin in Weeks? Try This Millet-based Vitamin C Serum #shorts #skincare"", ""This Indian Ingredient Is Changing Skincare #skincare #shorts"", ""Meet India's First Millet-based Vitamin C Serum #skincare  #shortvideo"", ""Hyaluronic Acid or Ceramides: Which is Better for Your SkinShort Video?  #skincare  #shortvideo"", ""Winter Skincare Tips That Actually Work #skincare #shorts"", ""5 Simple Wellness Tips for a Happier You! \ud83e\udd2b  #beauty #beautytips #skincare""]",Not Found,Not Found,Not Found,https://getserene.in/,Not Found,Not Found,Not Found,Not Found,Not Found,2026-05-21T06:24:01Z,25.85,FAIL,"[""followers outside configured range or unavailable"", ""engagement rate below threshold or unavailable"", ""last upload is older than configured activity window""]",Indian skincare routine,2026-10-01T18:04:38.042012+00:00
UCSWHSSqZQjtx8Az3g1JkutA,Urbanyouth Skincare,YouTube,https://www.youtube.com/channel/UCSWHSSqZQjtx8Az3g1JkutA,2.0,564.0,0.0071481504359788,skincare,skincare,"[""\u2728 Get glowing skin with UrbanYouth Skincare. Vitamin C Serum, Face Wash & more! #UrbanYouth"", ""\u2728 Get glowing skin with UrbanYouth Skincare. Vitamin C Serum, Face Wash & more! #UrbanYouth"", ""Best Face Serum for Glowing Skin? Try UrbanYouth Vitamin C Serum""]",Not Found,Not Found,Not Found,Not Found,Not Found,Not Found,Not Found,Not Found,Not Found,2026-08-06T03:06:22Z,25.06,FAIL,"[""followers outside configured range or unavailable"", ""engagement rate below threshold or unavailable"", ""insufficient fashion/beauty keyword matches""]",Indian skincare routine,2026-10-01T18:04:38.042012+00:00
UCGativVg-XZRJ5ur7xUmC0Q,Herbista,YouTube,https://www.youtube.com/channel/UCGativVg-XZRJ5ur7xUmC0Q,5.0,744.25,0.0387759738449241,"skincare, makeup, beauty, cosmetics, grwm","skincare, makeup, beauty, cosmetics, grwm","[""Skincare Is Simple: Clean. Treat. Protect. | The Herbista Philosophy #shorts"", ""Sunscreen Roz Lagana Zaroori Hai? \u2600\ufe0f UV Rays Ka Sach | Cloudy Day Pe Bhi? #shorts"", ""My 4-Step Skincare Routine \u2728 Face Wash \u2192 Mist \u2192 Serum \u2192 Moisturiser | Herbista #Shorts"", ""Moisturizer + Sunscreen in ONE Tube?! \ud83d\ude31 SPF 30 That Doesn't Feel Heavy | Herbista #Shorts"", ""Stop Wasting Money on a 10-Step Skincare Routine \ud83d\ude33 You Only Need These 3 | Herbista #Shorts"", ""My 3-Step Daily Skincare Routine \u2728 Face Wash \u2192 Serum \u2192 Moisturizer | Herbista Regime Kit #Shorts"", ""Mrs. India Tourism Reviews Herbista Face Wash \ud83c\udf3f Niacinamide + Vitamin C #Shorts"", ""Herbista \ud83c\udf3f Where Nature Meets Science | Skincare for Indian Skin #Shorts""]",care@herbista.in,channel description,Not Found,Not Found,Not Found,Not Found,Not Found,Not Found,Not Found,2026-09-24T05:09:14Z,70.59,FAIL,"[""followers outside configured range or unavailable""]",Indian skincare routine,2026-10-01T18:04:38.042012+00:00
UCtGQTdsnR4bJSMq7irTjQPA,Melt Beauty,YouTube,https://www.youtube.com/channel/UCtGQTdsnR4bJSMq7irTjQPA,10.0,391.125,0.0577503421984764,"skincare, makeup, beauty, grwm","skincare, makeup, beauty, grwm","[""Cheek Tint  I just have two minutes and this product is a savior"", ""Melt Beauty Clear Bomb Gloss for Ultra shiny and smooth lips| Plumping lip|clear gloss"", ""Skincare ft. Melt Beauty| Indian skincare| Viral Moisturizer|#1 #beautyessentials #skincareroute"", ""Melt Beauty 'AquaLux' Collection recent launch Review|Melt Beauty skincare Products| Indian Skincare"", ""Skincare Therapy using Melt Beauty Products|AquaLux collection|meltbeauty.net|skincare routine|GRWM"", ""Skincare routine using Melt Beauty|Gel Moisturizer |Tea Tree oil Serum Products| #ayurvedic #beauty"", ""Melt Beauty Hydrating Tea Tree oil |Skincare products |Melt Beauty"", ""GRWM using MELT BEAUTY products Melt Beauty Review|Tea Tree oil Serum & Hydrating Gel Moisturizer""]",Not Found,Not Found,Not Found,Not Found,Not Found,Not Found,Not Found,IN,Not Found,2025-06-23T18:21:59Z,60.0,FAIL,"[""followers outside configured range or unavailable"", ""last upload is older than configured activity window""]",Indian skincare routine,2026-10-01T18:04:38.042012+00:00
UCSHkwCT2scxrC6U8QUlK3og,Skincare by Bhawna ,YouTube,https://www.youtube.com/channel/UCSHkwCT2scxrC6U8QUlK3og,1.0,200.0,0.0327007264221354,skincare,skincare,"[""majboori in corporate majdoori \ud83e\udee0     #skincare #corporategirl #fyp #explore #funny"", ""If you've ever wondered what goes first in your skincare routine, this one's for you \ud83e\ude77  #foryou"", ""Hydration for your skin this summer \ud83c\udf1e\ud83c\udfdd\ufe0f       #skincare #selfcare #face #facemask #biodancesheetmask"", ""Best face mist and toner for your skin\u2728    #skincare #fyp #facemist #selfcare""]",work.bhawnabhatt@gmail.com,channel description,Not Found,Not Found,Not Found,Not Found,Not Found,Not Found,Not Found,2026-08-04T07:00:15Z,42.5,FAIL,"[""followers outside configured range or unavailable"", ""insufficient fashion/beauty keyword matches""]",Indian skincare routine,2026-10-01T18:04:38.042012+00:00
UCXg05U8HC9qQDcWq2fU7xJQ,Trisha Chatterjee,YouTube,https://www.youtube.com/channel/UCXg05U8HC9qQDcWq2fU7xJQ,380.0,682.6,0.0059828093253268,"skincare, makeup, beauty, style","skincare, makeup, beauty, style","[""ENEM Tumbler Review | My Everyday  Water Tumbler \u2615\ud83e\udd0d #tumbler #enem #youtubeshort"", ""Why Your Dark Spots Keep Coming Back (And What Actually Works) #skinregimen #renewskin #shortsindia"", ""I Replaced My 5-Step Routine With This One Spray Serum | Recode Spray Serum #ashortaday #shortsfeed"", ""Running Late? These 2 Pixi Vitamin-C Masks Give You a Glow in 10 Mins \u2728 #pixibeauty #ashortaday"", ""This Vitamin C Sunscreen Gives You a Glow While Protecting You \u2600\ufe0f Mamaearth SPF 50 #sunscreen"", ""No White Cast. No Grease. Just Glow. \ud83c\udf1f Mamaearth Vitamin C Sunscreen Review #sunscreen #ashortaday"", ""Himalaya Dark Spot Clearing Turmeric Face Serum Review |  Glow Serum for Dark Spots & Pigmentation"", ""This Sunscreen Changed My Mind About SPF \ud83d\udc40 #skincare #sunscreen #hyphen"", ""I Tried a 6-Step K-Beauty Facial at Home & My Skin Looked Unreal | Swiss Beauty #ashortaday"", ""Maybelline Bubble Mascara Review \u2728 Viral Test | Volume, Lift & No Clumps #shorts""]",teamtrishaa@gmail.com,channel description,Not Found,Not Found,Not Found,Not Found,Not Found,IN,Not Found,2026-08-04T06:29:14Z,36.3,FAIL,"[""followers outside configured range or unavailable"", ""engagement rate below threshold or unavailable""]",Indian skincare routine,2026-10-01T18:04:38.042012+00:00
UCQWYmZNj9718kXLr3hk8E0A,Indian Skincare Products ,YouTube,https://www.youtube.com/channel/UCQWYmZNj9718kXLr3hk8E0A,32.0,739.3,0.0278078969299825,"skincare, beauty, hair, style, grwm","skincare, beauty, hair, style, grwm","[""Perfumes That Will Make You Irresistible! ( College, Party, Casual) #beardo #mensperfume #viralvideo"", ""8 Everyday Habits DESTROYING Your Hair (causes balding) #haircaretips #hairlosssolution #shortsindia"", ""Best Hair Growth Supplements in India |Complete Haircare Routine For Men & Women #haircare #ytshots"", ""Best Tan Removal Products In India Under 500rs | How to Remove Tan From Body | #tanremoving #ytviral"", ""Best Sunscreen in India under \u20b9500 | Sabse achi sunscreen konsi hai #sunscreenmurah #shortsindia"", ""How to Get Celebrity like Skin? | Bollywood Celebrity Skincare Products  #celebrityskincare #ytviral"", ""Best Korean Skincare Products For Men In India #mensgrooming  #koreanskincare #ytshortsvideo #viral"", ""Types of Acne and Best Ingredients To Treat Them | #acnetreatments #dermatology #ytshortstrending"", ""Best Korean Face Serum in India | 5 in 1 Chicnutrix Outshine Brightening Serum| #shortsfeed #shorts"", ""Best Dermatologists Recommended Creams for Skin Whitening #glowingskin #whiteskin #tanremoving""]",Not Found,Not Found,Not Found,Not Found,Not Found,Not Found,Not Found,IN,Not Found,2024-12-03T06:30:18Z,44.47,FAIL,"[""followers outside configured range or unavailable"", ""last upload is older than configured activity window""]",Indian skincare routine,2026-10-01T18:04:38.042012+00:00
UC4u0qaMIAgOL8L37RwLcDQA,Dr. Vanita Rattan ,YouTube,https://www.youtube.com/channel/UC4u0qaMIAgOL8L37RwLcDQA,1230000.0,19054.7,0.0279398057328742,"skincare, makeup, beauty, hair, grwm","skincare, makeup, beauty, hair, grwm","[""Are Eye Creams A Scam"", ""GRWM Dinner With Friends"", ""Stop Burning Your Skin"", ""Emmys 2026 \u2728 Behind The Scenes"", ""\u201cSkincare shouldn\u2019t burn.\u201d"", ""The Best & Worst Eye Creams For Dark Circles"", ""Is your foundation covering today\u2019s breakout\u2026 while contributing to tomorrow\u2019s?"", ""How to Safely exfoliate"", ""Treating Pimples In Skin Of Colour"", ""Promised glass skin but ended up with darker marks?""]",Not Found,Not Found,Not Found,https://www.skincarebydrv.com,Not Found,Not Found,Not Found,GB,Not Found,2026-09-30T19:56:30Z,64.56,FAIL,"[""followers outside configured range or unavailable"", ""country does not match configured region""]",Indian skincare routine,2026-10-01T18:04:38.042012+00:00
UCjI-2xJtNQqPpBzRdEiVaLw,Indian Beauty,YouTube,https://www.youtube.com/channel/UCjI-2xJtNQqPpBzRdEiVaLw,636.0,88.6,0.0075391794945236,"skincare, makeup, beauty","skincare, makeup, beauty","[""Day 12 Lipstick Swatch (Chambor RIOT Matte Lipstick Swatch) #makeup #lipsticklover #lipstickswatch"", ""Day 11 Lipstick Swatch (Maybelline Soft Matte Lipstick Swatch) #makeup #lipsticklover #shorts"", ""Day 10 Lipstick Swatch (Loreal Paris Color Riche Lipstick) #makeup #lipstickswatch #shorts"", ""Day 9 Lipstick Swatch #Kirobeauty Liquid Lipstick Swatch #shorts #makeup #lipstickswatch"", ""Day 8 Lipstick Swatch #Missclaire Lip Gloss Swatch #shorts #lipstickswatch #lipsticks"", ""Day 7 Lipstick Swatch | Revlon Lip Cream | Daily wear Nude Lipstick for Fair Skin #shorts #lipsticks"", ""Day 6 Lipstick Swatch ( Viral Korean Etude House Lip Tint ) #lipsticklover #makeup #shorts"", ""Day 5 Lipstick Swatch (Viral Korean Lip Tint Swatch) #makeup #lipstickswatch #lipsticklover #shorts"", ""Day 4 Lipstick Swatch (Kay Beauty Luxurious Lipstick Swatch) #lipsticklover #makeup #lipstickswatch"", ""Unboxing K beauty Skincare #skincare #kbeauty #kbeautyroutine""]",Not Found,Not Found,Not Found,Not Found,Not Found,Not Found,Not Found,IN,Not Found,2024-01-31T13:43:30Z,30.28,FAIL,"[""followers outside configured range or unavailable"", ""engagement rate below threshold or unavailable"", ""last upload is older than configured activity window""]",Indian skincare routine,2026-10-01T18:04:38.042012+00:00
UCNrCtR4w7RMc8JX8dYc03FA,cloudskindiary | budget skincare,YouTube,https://www.youtube.com/channel/UCNrCtR4w7RMc8JX8dYc03FA,17.0,651.3,0.0341339798548175,"skincare, beauty","skincare, beauty","[""best indian sunscreens for combination skin \u2601\ufe0f\u2728 #combinationskin #sunscreen #skincareindia"", ""best moisturizers under \u20b9500 for combination skin \u2601\ufe0f\u2728 #combinationskin #budgetskincare #moisturizer"", ""best korean moisturizers for combination skin \u2601\ufe0f\u2728 #oilyskin #combinationskinroutine #skincare"", ""best indian moisturizers for combination skin  #combinationskin #moisturizer #skincare"", ""best korean cleansers for combination skin \u2601\ufe0f\u2728 #kbeauty #combinationskin #koreanskincare"", ""best indian cleansers for combination skin \u2601\ufe0f\u2728 #combinationskin #cleanser #skincareindia"", ""foxtale oily skin routine \u2601\ufe0f\u2728 #foxtale #oilyskin #skincareroutine"", ""Foxtale products actually worth trying! \u2601\ufe0f #skincare #oilyskin"", ""Complete skincare affordable routine full video on channel #oilyskin #koreanskincare #skincareindia"", ""simple oily skin skincare routine for beginners \u2601\ufe0f""]",Not Found,Not Found,Not Found,Not Found,Not Found,Not Found,Not Found,IN,Not Found,2026-06-03T13:03:17Z,48.89,FAIL,"[""followers outside configured range or unavailable"", ""last upload is older than configured activity window""]",Indian skincare routine,2026-10-01T18:04:38.042012+00:00
UCRKHSqoxXbAVjf7uQ-9t3xw,Skincare Notes,YouTube,https://www.youtube.com/channel/UCRKHSqoxXbAVjf7uQ-9t3xw,27.0,598.7,,"skincare, beauty","skincare, beauty","[""Dull skin?Try this VitaminC scrub at home \ud83c\udf4aNatural glow in min #vitaminscrub #diyfacescrub #shorts"", ""STOP doing these if your skin barrier is damaged #BarrierRepair #SkincareTips #SkincareShorts#shorts"", ""If your skin shows these signs, #skinaging #skinregimen #pigmentedskin #healthyskin   #SkinBarrier"", ""Signs Your Skin Barrier Is Damaged | Skincare Tips\ud83d\udcdd #SkincareShorts #SkinBarrier #SkincareTips"", ""Why Your Skincare Is Not Working | Skincare Mistakes\u274c\ud83d\udeab.#SkincareShorts #SkincareTips #HealthySkin"", ""Best Ingredients for Combination Skin | #CombinationSkin #SkincareShorts #SkincareTips #shorts"", ""Combination skin needs gentle care #skincaremistakes #combinationskin #skincaretips #shorts#skincare"", ""Stop avoiding suncreen indoors \u274c\ud83d\udeab #skincaretips #skincare#shorts #glowingskin #sunscreen #shortvideo"", ""MyAM routine for fresh glow\u2728 #jalebibabymeme #remix #song #skincare #shorts #shortsvideo #amroutine"", ""This PM Routine Keeps My Skin Balanced \ud83d\ude0c\u2728#skincare#pmroutine#nightroutine#shorts #skincareroutine""]",Not Found,Not Found,Not Found,Not Found,Not Found,Not Found,Not Found,IN,Not Found,2026-01-16T13:58:41Z,25.0,FAIL,"[""followers outside configured range or unavailable"", ""engagement rate below threshold or unavailable"", ""last upload is older than configured activity window""]",Indian skincare routine,2026-10-01T18:04:38.042012+00:00
UCx_QCUL7jjTi9ThRCUzhsug,Macali Skincare and lifestyle,YouTube,https://www.youtube.com/channel/UCx_QCUL7jjTi9ThRCUzhsug,294.0,340.6,0.1163716300720801,"skincare, beauty, style","skincare, beauty, style","[""Macali Vitamin C Serum | Reduce dullness, blemish, tan, uneven skin tone #shorts"", ""Confession to make Macali Facewash gives glow #shorts"", ""Macali Facewash for women and men simple step clean refresh #shorts"", ""Macali Vitamin C Serum to heal dry skin,  reduce tan and uneven skin tone #viral"", ""Macali hydrating and nourishing moisturiser for daily use"", ""Macali Enterprise Facewash for women and men for bright and fresh skin #shorts"", ""Macali purifying and refreshing facewash with aloevera for men and women"", ""Get Glowing, hydrated, skin from Macali Enterprise Vitamin C Serum for modern women and men #shorts"", ""Facewash for men and women for fresh and bright skin #shorts"", ""Macali Moisturiser for Glowing, Hydrated Skin \u2728 | Daily Skincare for Men & Women""]",Not Found,Not Found,Not Found,https://macalienterprise.com,Not Found,Not Found,Not Found,IN,Not Found,2026-10-01T15:00:05Z,80.0,FAIL,"[""followers outside configured range or unavailable""]",Indian skincare routine,2026-10-01T18:04:38.042012+00:00
UCXuLnEkLb26u-zgj14EvBDQ,Glowing Skin Lover ,YouTube,https://www.youtube.com/channel/UCXuLnEkLb26u-zgj14EvBDQ,124.0,333.3,0.0498907158870812,skincare,skincare,"[""Best Sunscreen for Indian Summer | COSRX Invisible Sunscreen SPF 50 follow@glowingskinlover"", ""\u201cGives instant hydration \u2728\u201d #skincare #summer #aloevera for more  follow @glowingskinlover"", ""Simple Night Routine with Retinal | Dry & Combination Skin follow @glowingskinlover"", ""yes or no #notsponsored #review follow for more videos @glowingskinlover"", ""ny bae lipstick shade #hugsandmugs #nybaelipsticks follow @glowingskinlover"", ""2025 Best Skincare Products in Telugu | Skin Type Wise"", ""Top 3 korean masks comparison  #telugu #skincare follow for more @glowingskinlover"", ""Best  korean toner #koreanskincare  follow @glowingskinlover   part 8"", ""best toner for oily skin \u2728 #koreanskincare #part7 follow for more @glowingskinlover"", ""Glowing skin \u2728 products follow for more @glowingskinlover #skincareroutine""]",Not Found,Not Found,Not Found,Not Found,Not Found,Not Found,Not Found,IN,Not Found,2026-02-28T13:01:11Z,47.42,FAIL,"[""followers outside configured range or unavailable"", ""insufficient fashion/beauty keyword matches"", ""last upload is older than configured activity window""]",Indian skincare routine,2026-10-01T18:04:38.042012+00:00
UCwEzfpBwVc2ft0cTauGEe2A,Janhvi UGC | Skincare & Fashion ,YouTube,https://www.youtube.com/channel/UCwEzfpBwVc2ft0cTauGEe2A,7.0,792.5,0.0153818114302379,"skincare, beauty, fashion","skincare, beauty, fashion","[""#skincare #indianskincare #skincareroutine #women #viralvideo"", ""#shorts #viral #trending #skincare #skincaretips #glowingskin #indianskincare #nobatidao"", ""#srk #filming #motivation #viralshorts"", ""#skincare #indianskincare #dot&key #sunscreen #viralshort"", ""#skincare #skincareroutine #indianskincare #ytshorts"", ""Daily Skincare Routine #skincare #skincareroutine #indianskincare #viralshort"", ""Summer Skincare | Dermatouch SPF50 Sunscreen #shorts #skincare #skincareroutine #beautyshorts #viral"", ""Dermatouch SPF 50 sunscreen | Janhvi | #skincareroutine #viralshorts #skincare""]",Not Found,Not Found,Not Found,Not Found,Not Found,Not Found,Not Found,Not Found,Not Found,2026-04-15T05:51:18Z,35.77,FAIL,"[""followers outside configured range or unavailable"", ""last upload is older than configured activity window""]",Indian skincare routine,2026-10-01T18:04:38.042012+00:00
UCKfQ5leI69BoFiZ9oKkbS7g,Zinnia Skincare,YouTube,https://www.youtube.com/channel/UCKfQ5leI69BoFiZ9oKkbS7g,28.0,925.8571428571428,0.0089884828432371,"skincare, makeup, beauty, haul, hair, style","skincare, makeup, beauty, haul, hair, style","[""ZINNIA Glycolactic Serum {High AHA Conc.} #foryou #facewash #skincareroutine #beauty"", ""ZINNIA Ultimate De-Tan #foryou #skincare #detan #antitan #tanremovel"", ""ZINNIA Facewash Wash WINE extract flavoured #facewash #skincare #foryou #beauty"", ""Zinnia Skincare | Sunblock Lotion SP30/SP50 | India's Best Skincare Products in Quality"", ""Zinnia skincare  products #skincare #foryou #skincareroutine"", ""My Cart is full more than Your DMs \ud83d\ude02 #skincare #acnetreatment #foryou #sunscreen"", ""Zinnia Skincare | India's Best Skincare Products | Premium Products are now affordable @zinniaco.in""]",Not Found,Not Found,Not Found,Not Found,Not Found,Not Found,Not Found,IN,Not Found,2024-09-14T12:30:05Z,31.29,FAIL,"[""followers outside configured range or unavailable"", ""engagement rate below threshold or unavailable"", ""last upload is older than configured activity window""]",Indian skincare routine,2026-10-01T18:04:38.042012+00:00
UCH1oQHtduFoUFtOxw9ToK_g,Luxurium Beauty,YouTube,https://www.youtube.com/channel/UCH1oQHtduFoUFtOxw9ToK_g,17.0,142.2,0.0251955120730152,"skincare, beauty","skincare, beauty","[""My Night Time Skincare Routine \ud83c\udf19\u2728 Relaxing 3-Step Glass Skin | Luxurium Beauty  #skincare #beauty"", ""Don't Just Give a Rakhi! \ud83e\uddf5 Give The Glow She Deserves | Luxurium Beauty"", ""Day In My Life as a PG Resident Doctor \ud83e\ude7a Skincare Before Night Duty | Luxurium Beauty"", ""Skincare Texture Test! \u2728 Full 3-Step Routine Swatch & Unboxing | Luxurium Beauty"", ""A Little Skincare Love! \u2728 Mini Skincare Swatch & Routine | Luxurium Beauty"", ""3 Magic Products for Glowing Skin! \u2728 PR Unboxing & Routine | Luxurium Beauty"", ""Look What I Found From Luxurium! \ud83d\udce6\ud83d\udc96 Real Skincare Unboxing & Review"", ""Kailash Hydration \ud83c\udfd4\ufe0f\u2728 Icy Pure Glow | Luxurium Beauty"", ""The Full Skincare Lineup Unboxed! \u2728 Ingredients & Texture Test | Luxurium Beauty"", ""Fresh Splashing ZorGlow Cleanser! \ud83c\udf3f\ud83d\udca7 | Luxurium Beauty""]",Not Found,Not Found,Not Found,Not Found,Not Found,Not Found,Not Found,IN,Not Found,2026-08-26T18:27:39Z,54.64,FAIL,"[""followers outside configured range or unavailable""]",Indian skincare routine,2026-10-01T18:04:38.042012+00:00
UCLAGbMSwp-v9CyZPM2SW4mA,Varsha Vlogs and Skincare,YouTube,https://www.youtube.com/channel/UCLAGbMSwp-v9CyZPM2SW4mA,20.0,494.4,0.0387098531899614,"skincare, beauty, hair, style","skincare, beauty, hair, style","[""my type \ud83d\ude0d\ud83d\udc97#love brown \ud83d\udfe4 skin boy's \u2764\ufe0f\ud83d\ude0d#shortvideo #trending#darling#fyp\u30b7\u309aviral"", ""Dream of prabhas fans\u2728#prabhas #anushkashetty #shorts #fans"", ""andhuku ala vuntaru salu\ud83e\udd14 #minivlog #clg #fyp\u30b7\u309aviral"", ""Telugu Exam Prep = Cinema Dialogues Only \ud83c\udfac\ud83d\udcd6\u201d \ud83d\ude0a#teluguyoutuber #trendingshorts #support #foryou"", ""My Simple Morning Skincare Routine \ud83c\udf1e#\u2728MorningRoutine \u2728#SkincarySkin \ud83d\udc95#SkincareTips \ud83c\udf80"", ""\u201cSkin Type Ela Telusukovali? | Beginners Guide\u201d##skincare #skintype #beautytips #teluguyoutuber"", ""about new productsn \ud83d\udc96#newproducts #from #fyyyyyyyyyyyyyyyy #realgrowth"", ""hair fall\ud83d\udeab#haircare #dailyvlog #foryou #clgfun #realgrowth"", ""Best Oils for Hair Care Routine | Simple Oils for Hair Growth"", ""clg vlog #hastag #foryou #clgfun""]",varshithacom313@gmail.com,channel description,Not Found,Not Found,Not Found,Not Found,Not Found,Not Found,Not Found,2026-06-06T05:43:04Z,52.1,FAIL,"[""followers outside configured range or unavailable"", ""last upload is older than configured activity window""]",Indian skincare routine,2026-10-01T18:04:38.042012+00:00
UCc024nptM8Cuz63F4M8w_3w,BEAUTY & SKINCARE,YouTube,https://www.youtube.com/channel/UCc024nptM8Cuz63F4M8w_3w,40.0,233.66666666666663,0.13417684596663,"skincare, makeup, beauty, fashion, hair","skincare, makeup, beauty, fashion, hair","[""\ud835\ude71\ud835\ude8e\ud835\ude9c\ud835\ude9d \ud835\ude71\ud835\ude8e\ud835\ude97\ud835\ude90\ud835\ude8a\ud835\ude95\ud835\ude92 \ud835\ude85\ud835\ude92\ud835\ude8d\ud835\ude8e\ud835\ude98 2022 || \ud835\ude7a\ud835\ude9e\ud835\ude95\ud835\ude8d\ud835\ude92\ud835\ude99 & \ud835\ude7f\ud835\ude9b\ud835\ude92\ud835\udea2\ud835\ude8a\ud835\ude97\ud835\ude94\ud835\ude8a \u2764|| \ud835\ude72\ud835\ude92\ud835\ude97\ud835\ude8e\ud835\ude96\ud835\ude8a\ud835\ude9d\ud835\ude92\ud835\ude8c \ud835\ude75\ud835\ude9e\ud835\ude95\ud835\ude95 \ud835\ude85\ud835\ude92\ud835\ude8d\ud835\ude8e\ud835\ude98."", ""\ud835\ude7a\ud835\ude9e\ud835\ude95\ud835\ude8d\ud835\ude92\ud835\ude99 & \ud835\ude7f\ud835\ude9b\ud835\ude92\ud835\udea2\ud835\ude8a\ud835\ude97\ud835\ude94\ud835\ude8a || \ud835\ude71\ud835\ude8e\ud835\ude9c\ud835\ude9d \ud835\ude71\ud835\ude8e\ud835\ude97\ud835\ude90\ud835\ude8a\ud835\ude95\ud835\ude92 \ud835\ude86\ud835\ude8e\ud835\ude8d\ud835\ude8d\ud835\ude92\ud835\ude97\ud835\ude90 \ud835\ude83\ud835\ude8e\ud835\ude8a\ud835\ude9c\ud835\ude8e\ud835\ude9b || \ud835\ude73\ud835\ude9e\ud835\ude9b\ud835\ude90\ud835\ude8a\ud835\ude99\ud835\ude9e\ud835\ude9b"", ""MY NIGHT SKINCARE ROUTINE\ud83c\udf19 | EASY & AFFORDABLE\ud83c\udf1f| FOR COMBINATION TO OILY SKIN\ud83c\udf3c"", ""DIY DOOR HANGER | Wall Hanging Idea | DIY Crafts\ud83c\udf3c"", ""MY MORNING SKINCARE ROUTINE\ud83c\udf1e |EASY & AFFORDABLE SKINCARE FOR OILY/COMBINATION SKIN| INDIAN SKINCARE\ud83c\udf3c"", ""Channel Intro\ud83d\ude4f| Benzoyl peroxide to cure acne\ud83c\udf44| I Took 4 Month's Bridal Glow Challenge From Today\ud83c\udf3c""]",Not Found,Not Found,Not Found,Not Found,Not Found,Not Found,Not Found,Not Found,Not Found,2022-05-06T06:27:53Z,60.0,FAIL,"[""followers outside configured range or unavailable"", ""last upload is older than configured activity window""]",Indian skincare routine,2026-10-01T18:04:38.042012+00:00
UCKRZ7N6ijJwLaOJ-iM6QbMQ,Clinique India,YouTube,https://www.youtube.com/channel/UCKRZ7N6ijJwLaOJ-iM6QbMQ,2780.0,40006.2,0.0283335833520847,"skincare, makeup","skincare, makeup","[""The Honeys Have Arrived | Who's Your Honey  \ud83d\udda4\ud83e\ude77\ud83e\udd0e"", ""Almost Showtime, Honey \ud83d\udda4\ud83e\ude77\ud83e\udd0e"", ""Behind the Scenes Before Honey Takes Over \ud83d\udda4\ud83e\udd0e"", ""Savleen\u2019s Vision | Who\u2019s Your Honey Ep 4"", ""Styling the Muses | Who's Your Honey Ep 3"", ""Your Honey season is almost ready. \ud83e\udd0e\ud83e\ude77\ud83d\udda4"", ""Meet our honeys | Who\u2019s your Honey Ep 2"", ""A little Black Honey. A little mystery. \ud83e\udd0e"", ""Three universally flattering shades | One Honey for every mood. \ud83e\udd0e"", ""Hunt For Honey Begins |  Who\u2019s Your Honey Ep 1""]",Not Found,Not Found,Not Found,Not Found,Not Found,Not Found,Not Found,IN,Not Found,2026-09-20T12:31:18Z,62.39,FAIL,"[""followers outside configured range or unavailable""]",Indian skincare routine,2026-10-01T18:04:38.042012+00:00
UC3Hw8dVAvTw-r3HJwjMmUgA,Lashita Dhingra,YouTube,https://www.youtube.com/channel/UC3Hw8dVAvTw-r3HJwjMmUgA,1620.0,3311.9,0.0089255103633238,"skincare, makeup, beauty, haul, style","skincare, makeup, beauty, haul, style","[""!!All my girls!! Does anyone recognise the packaging? I NEED to buy this lipgloss \ud83d\ude2d #help #find"", ""Fun video edit inspo for all fellow creators and girlies! Prompt is in the comments! \ud83d\udc95"", ""Anyone else wish they could skip work and just travel the world? Trust fund baby dreams \ud83d\ude02\u2708\ufe0f"", ""Risk management level: Booked non-refundable tickets before the visa. \u2708\ufe0f\ud83d\ude05"", ""Don\u2019t come @ me. I didn\u2019t start the war. Hard to ignore the chaos when civilians suffer most. #war"", ""Come with me to Universal Studios Japan Super Nintendo World, Yoshi\u2019s adventure! what a beauty\ud83e\udef0\ud83c\udffb"", ""52 Sundaze Body Milk ASMR , Unboxing & Texture #skincare #bodycare #india"", ""From a fire to fein \ud83e\udd2f travis scott concert india, circus maximus tour"", ""Red Blush on brown skin \ud83c\udf36\ufe0f #makeup #blush #brownskin #beauty"", ""First impressions of Ariul Korean skincare range \ud83c\udf4f #beauty #skincare #fyp ""]",skinfitbylashita@gmail.com,channel description,Not Found,Not Found,Not Found,Not Found,Not Found,Not Found,Not Found,2026-03-19T05:22:49Z,31.25,FAIL,"[""followers outside configured range or unavailable"", ""engagement rate below threshold or unavailable"", ""last upload is older than configured activity window""]",Indian skincare routine,2026-10-01T18:04:38.042012+00:00
UCJ574fcgMofaQlN-gvJuS6A,Glowwith_Chandni,YouTube,https://www.youtube.com/channel/UCJ574fcgMofaQlN-gvJuS6A,14.0,496.5,0.035218850136592,"skincare, makeup, beauty, outfit, haul, style, grwm","skincare, makeup, beauty, outfit, haul, style, grwm","[""Rakhi Makeup Tutorial \ud83d\udc84\u2728 | Easy Festive Makeup Look | Glowwith_Chandni #Shorts #rakhi #rakshabandhan"", ""3 Product Makeup Look \ud83d\udc84\u2728 | Simple & Easy Makeup | Glowwith_Chandni #Shorts"", ""Recreating Poonam\u2019s iconic Vivah look \u2728\u2764\ufe0fA little desi glam, a little nostalgia \ud83e\udd79\u2728\ud83d\udc95 #short"", ""GRWM: Desi Edition \u2728\ud83d\udc97 | Indian Girl Glow-Up \ud83d\udc84 #Shorts #easymakeup"", ""Quick Skincare Routine \u2728 | Simple Everyday Skincare for Glowing Skin \ud83d\udc97 | Glowwith_Chandni #Shorts"", ""Easy Makeup for Beginners \ud83d\udc84\u2728 | Simple Everyday Makeup Look | Glowwith_Chandni #Shorts""]",chandnithakur7172@gmail.com,channel description,Not Found,Not Found,Not Found,Not Found,Not Found,IN,Not Found,2026-08-29T08:06:27Z,62.32,FAIL,"[""followers outside configured range or unavailable""]",Indian skincare routine,2026-10-01T18:04:38.042012+00:00
UCFEMAcAPYaZiow2nbvoaP7g,Makeup & Skincare Lab,YouTube,https://www.youtube.com/channel/UCFEMAcAPYaZiow2nbvoaP7g,31700.0,1527.4,0.0211815255659667,"skincare, makeup, beauty, fashion, outfit, haul, hair, style, grwm","skincare, makeup, beauty, fashion, outfit, haul, hair, style, grwm","[""GRWM for a Coffee Date \u2615\ud83d\udc95 | Simple & Cute Look"", ""best cream for acne prone skin #skincare"", ""Caresmith Trimmer Review \u2728 Salon Like Results at Home? \ud83d\ude0d #Shorts"", ""microfiber towel for hair #hair"", ""skincare"", ""hair detangler brush #hair"", ""comeback \ud83d\ude4c #motivation"", ""best hair mask for hair #hair"", ""om namah shivaya"", ""comment for link \ud83d\udd87\ufe0f These Meesho finds are too good for the price""]",Not Found,Not Found,Not Found,Not Found,Not Found,Not Found,Not Found,IN,Not Found,2026-09-13T16:45:09Z,75.83,PASS_NO_EMAIL,[],Indian skincare routine,2026-10-01T18:04:38.042012+00:00
UCtEqcx74Nd8eJqTtgtE-nRg,Orancia Skincare,YouTube,https://www.youtube.com/channel/UCtEqcx74Nd8eJqTtgtE-nRg,32.0,70.0,,"skincare, beauty","skincare, beauty","[""Niacinamide facewash"", ""Herbal Face Wash"", ""Where Luxury Meets Skincare : Orancia Skincare"", ""Where Luxury Meets Skincare : Orancia Skincare"", ""Where Luxury Meets Skincare : Orancia Skincare"", ""Drop a \""\u2601\ufe0f\"" if you\u2019re doing your routine tonight!"", ""Best Face Wash For Acne skin"", ""Happy March 8th! We\u2019re celebrating a truly special double event"", ""DON\u2019T Panic! \ud83d\uded1 Easy Post-Holi Skincare for Refreshing Skin"", ""Sweeter than Chocolate, Better for your Skin. \u2728""]",Not Found,Not Found,Not Found,Not Found,Not Found,Not Found,Not Found,IN,Not Found,2026-09-02T12:30:13Z,38.56,FAIL,"[""followers outside configured range or unavailable"", ""engagement rate below threshold or unavailable""]",Indian skincare routine,2026-10-01T18:04:38.042012+00:00
UCehPaoygORU_qan-b1Z6x0Q,Vellora skincare,YouTube,https://www.youtube.com/channel/UCehPaoygORU_qan-b1Z6x0Q,171.0,237.2,0.0059055878665265,"skincare, makeup, beauty, style","skincare, makeup, beauty, style","[""One Face Wash. 8 Power Ingredients. Endless Glow! \u2728 | VELLORA GreLemo Face Wash"", ""Acne Marks Gone? \ud83d\ude0d Vellora C - Bright Serum | Dark Spots & Pigmentation Solution | #Shorts"", ""Your Face Wash Is Ruining Your Skin! \ud83d\ude33 Try Vellora GreLemo Face Wash | #Shorts"", ""Dark Skin to Glass Glow? \u2728 Try VELLORA Radi Glow Serum | Pigmentation Solution"", ""\u2728 The Glow Serum Everyone Is Talking About! | VELLORA Radi Glow Serum Review"", ""I Tried This Serum for Acne Marks... The Glow Was Real! \u2728 | VELLORA C-BRIGHT Serum"", ""We did the math. One step is better than two \ud83d\udd4a\ufe0f\ud83e\udd73 #sunscreen #moisturizer #skincare #spf #glowing"", ""Stop Using Basic Face Wash! The Secret to Glowing Skin  #Skincare #FaceWash #VitaminC #GlowingSkin"", ""Most people moisturize.Some people wear SPF. Smart people do both in one step. \u2728 #spf50 #sunscreen"", ""Try Vellora Aloeem Face Wash. #Niacinamide #AcneFreeSkin #aloevera #trendingreels#facewash""]",Not Found,Not Found,Not Found,Not Found,Not Found,Not Found,Not Found,IN,Not Found,2026-07-17T11:00:12Z,32.25,FAIL,"[""followers outside configured range or unavailable"", ""engagement rate below threshold or unavailable""]",Indian skincare routine,2026-10-01T18:04:38.042012+00:00
UCacFVXlPSfO0ukFHcWHHLEQ,Lavish Krish,YouTube,https://www.youtube.com/channel/UCacFVXlPSfO0ukFHcWHHLEQ,931000.0,323157.5,0.0429293879445592,"skincare, makeup, beauty, hair, cosmetics","skincare, makeup, beauty, hair, cosmetics","[""Cozy October Fall Evening \ud83c\udf42\ud83e\uddf8\u2615\ufe0f\ud83c\udf19\ud83c\udf41"", ""Invisible Makeup Using Affordable Products \ud83c\udf80\ud83e\ude9e\ud83d\udd6f\ufe0f"", ""Post Night Late Night Skincare \ud83c\udf19\u2708\ufe0f\ud83d\udebf\ud83e\uddd6\ud83c\udffd\u200d\u2640\ufe0f\ud83d\udd6f\ufe0f"", ""Overnight Blowout Rods Tutorial \ud83c\udf80\ud83c\udf19\ud83e\ude9e"", ""Getting Ready For Dinner After A Pool Day \ud83c\udf80\ud83e\ude9e\ud83c\udfdd\ufe0f\ud83e\udda2\ud83c\udf47"", ""Pre-Travel Everything Shower Reset \ud83d\udec1\ud83d\udebf\ud83e\ude92\ud83e\uddd6\ud83c\udffd\u200d\u2640\ufe0f\u2615\ufe0f"", ""Date Night Hair Blowout In 15 Mins \ud83c\udf80\u2728\ud83e\ude9e"", ""ASMR Late Night Hair Oiling Therapy \ud83e\ude9e\u2728\ud83c\udf80\ud83e\udda2"", ""How To Actually Wash Low Porosity Hair \ud83d\udebf\ud83e\ude9e\ud83e\uddd6\ud83c\udffd\u200d\u2640\ufe0f\ud83c\udf80"", ""ASMR 8pm Night Pamper \ud83e\uddd6\ud83c\udffd\u200d\u2640\ufe0f\ud83e\ude9e\ud83c\udf38\ud83d\udec1""]",pr@lavishkrish.com,channel description,Not Found,Not Found,Not Found,Not Found,Not Found,CA,Not Found,2026-10-01T14:51:22Z,75.05,FAIL,"[""followers outside configured range or unavailable"", ""country does not match configured region""]",Indian skincare routine,2026-10-01T18:04:38.394591+00:00
UCHj2_6e0Y2YdzHZDkkLa53Q,Cassandra Bankson,YouTube,https://www.youtube.com/channel/UCHj2_6e0Y2YdzHZDkkLa53Q,2460000.0,37045.9,0.0267872352771377,"skincare, beauty","skincare, beauty","[""POV: Rihanna is the reason nobody knows you have naturally oily skin #skincare #oilyskin #fenty"", ""The 2 secret SPF products I use every day along with my regular face sunscreen \ufffc#skincare #spf"", ""this sunscreen is NOT GOOD - It Hello Sunshine Sunscreen on my oily skin (Esthetician Reviews)"", ""The French Model lip balm that made women give up lipstick this summer - VioletteFR Color Guide"", ""The 1 chest cream a medical esthetician won\u2019t go a day without #skincare"", ""The biggest beauty scam is so pervasive, people don\u2019t even realize they are being scammed\u2026 #skincare"", ""Is Car SPF a good or bad idea? Warning to all TesIa drivers \ud83d\ude33 #sunscreen #spf"", ""Snail mucin & skincare myths: does snail secretion filtrate actually heal and cure acne? #skincare"", ""Wake up babe new celebrity skincare line just launched"", ""Why do influencers have pink beedy eyes when tey have more than 40 steps in a skincare routine?""]",butterfly@cassandrabankson.com,channel description,Not Found,Not Found,Not Found,Not Found,Not Found,US,Not Found,2026-08-28T23:44:22Z,56.42,FAIL,"[""followers outside configured range or unavailable"", ""country does not match configured region""]",Indian skincare routine,2026-10-01T18:04:38.394591+00:00
UCu7Ld2o0QnLPm4j0gCn7Agw,SHEF,YouTube,https://www.youtube.com/channel/UCu7Ld2o0QnLPm4j0gCn7Agw,1760000.0,467204.3,0.0254328293204596,"skincare, makeup, beauty, fashion, haul, hair, grwm","skincare, makeup, beauty, fashion, haul, hair, grwm","[""Affordable Modest Clothing Finds for College & Office Girls \ud83c\udf38 #haul #modestfashion #youtubeindia"", ""Glow Up tools that actually work!!\ud83d\udc81\ud83c\udffb\u200d\u2640\ufe0f\u2728 #selfcare #glowup #skincare #haircare #tools"", ""Best Anti Tanning Home Remedy \ud83c\udf45 #homeremedies #indianskincare #youtubeshorts #shorts"", ""my girl math is no longer mathing \ud83e\udd7a \u20b950,000 emi ?\ud83e\udd79\ud83d\udc80 #youtbeshorts #apple #launch #youtubeindia"", ""My Top 5 Teen Love Story Movies |Nostalgia coded\u2728 #teen #movie #youtubeshorts"", ""How to use Aloe Vera for skin & haircare at home !\ud83c\udf31\u2728 #smoothhair #skincare #haircare #homeremedies"", ""Clean & Nutritious Things I Choose for Wellness \ud83e\udd5c\ud83c\udf6f #wellness #nutrition #vegetarian #youtubeindia"", ""3 Things you Must do for Glowing skin !! #skincare #tips #glowup #youtubeshorts"", ""My go to - Salted Brown Iced Coffee Recipe \ud83e\udd0e\u2728 #recipe #coffee #youtubeshorts #shortsindia"", ""Get Unready with me \ud83d\udec1\ud83e\uddfd\ud83e\udee7 #skincare #youtubeindia #youtubeshorts""]",Not Found,Not Found,Not Found,Not Found,Not Found,Not Found,Not Found,IN,Not Found,2026-09-22T15:02:07Z,60.8,FAIL,"[""followers outside configured range or unavailable""]",Indian skincare routine,2026-10-01T18:04:38.394591+00:00
UCPypHlzvUhGj6cY8vmApiLg,LitByKirtii,YouTube,https://www.youtube.com/channel/UCPypHlzvUhGj6cY8vmApiLg,15.0,678.4,0.034093037456227,"skincare, makeup, beauty, style","skincare, makeup, beauty, style","[""The ONE Moisturizer I' d Repurchase Again & Again\ud83e\udd0d| Bioderma Atoderm Review #Shorts"", ""4-Step Skincare Routine for Acne-Prone Skin \u2728| Simple & Beginner-Friendly"", ""The Kajal That Changed My Mind About Makeup\ud83d\udc40\ud83d\udda4| Kay Beauty Kaja Review"", ""MY ALWAYS-REPURCHASE SKINCARE\ud83e\udd0d|Best products for Oily & acne prone skin "", ""Trending transitions.. #shorts #viral"", ""4 Pharmacy Creams Under 300 for Different Skin concern \ud83d\udc8a\u2728 #skinroutine #skincareproblems #Shorts"", ""Numbuzin No.5 Toner Pads Review | Brightening, Acne Marks & Honest Experience \u2728"", ""efforts behind minimal makeup \ud83d\udc9e\u2763\ufe0f #indianskincare #faceserumforoilyskin #skincare #skincareroutine"", ""How I Get Glowy Skin Even With Acne \ud83d\ude2d\u2728 | AM Skincare Routine for Oily Acne-Prone Skin"", ""STOP buying a brightening serum just because it says \u201cNiacinamide + Tranexamic Acid\u201d \ud83d\udc40""]",Not Found,Not Found,Not Found,Not Found,Not Found,Not Found,Not Found,IN,Not Found,2026-09-27T09:59:32Z,67.98,FAIL,"[""followers outside configured range or unavailable""]",Indian skincare routine,2026-10-01T18:04:38.394591+00:00
UC6ZWkTcNnM1WVlmt0oY5V3w,Rakhi,YouTube,https://www.youtube.com/channel/UC6ZWkTcNnM1WVlmt0oY5V3w,254.0,317.1,0.0700993165747932,"skincare, makeup, beauty, fashion, haul, style","skincare, makeup, beauty, fashion, haul, style","[""diwali ki pooja aur ghar ki decoration k liy shopping meesho products \ud83c\udf38 #decoritem #decoraccessories"", ""Diwali ki pooja aur ghar ki decoration ke liye thodi si shopping \ud83e\ude94\u2728 #home #homedecor #viral #festive"", ""Meesho se mili ye beautiful Home Decor items \ud83d\ude0d#meeshofinds #home #homedecor #viralproducts #festival"", ""2 sal lg gye ye lene k liy muje \ud83e\udd2a #meeshofinds #fashion #ytshorts #viral #meeshojewellery #youtube"", ""skin care k bare m knowledge \ud83d\udc95\u2764\ufe0f\u200d\ud83e\ude79\ud83e\uddff\ud83c\udf89 #meeshofinds #meesho #glowwithrakhi #fasion #skincare #ytshorts"", ""Aaj apni life ka ek part share Kiya mene \ud83e\udd70\ud83c\udf37 #meeshofinds #ytshorts #vlog #fashion #youtubeshorts #yt"", ""meesho ki kuch chatpati saree #meeshofinds #saree #meesho #fashion #meeshohaul #onlineshopping #yt"", ""aj baby sone k bad kuch alg kiya #meeshofinds #navratrispecial #minivlog #newmom #instareels #shorts"", ""aapko bhi pasand hai kaftans suit | Rakhi rathore| #glowwithrakhi #meeshofinds  #bollywoodfashion"", ""\u2728 Gold jaisi shine, budget mein jewellery! \ud83d\ude0d\ud83d\udc9b #goldjewellery #meeshojewellery # #meeshofinds #meesho""]",glowwithrakhi@gmail.com,channel description,Not Found,Not Found,Not Found,Not Found,Not Found,IN,Not Found,2026-09-28T14:39:10Z,79.33,FAIL,"[""followers outside configured range or unavailable""]",Indian skincare routine,2026-10-01T18:04:38.394591+00:00
UCA1tlvky_3sWOx5euO04HRA, Beauty Deals | Youthface  Beauty Cream ,YouTube,https://www.youtube.com/channel/UCA1tlvky_3sWOx5euO04HRA,420.0,1507.2,0.0090956412738604,"skincare, makeup, beauty, cosmetics, grwm","skincare, makeup, beauty, cosmetics, grwm","[""youthface beauty cream Coimbatore #trending #viral #youthface #fyp #youthfacebeautycream"", ""youthface beauty cream #viral #fyp #trending #youthface"", ""Best Indian Night Cream for skin whitening #viral #youthface #grwm #trending #shorts #beauty #love"", ""youth face beauty cream sunscreen  #viral #youthface #shorts #trendingvideo #sunscreen #skincare"", ""Comment LINK and we will DM you the link. #youthface  #viral #shorts #trending #skincare #instagood"", ""Subscribe and comment Link to get product #youthface #viral #skincare #lipbalm #beauty #shortvideo"", ""Subscribe and comment Link for the product #youthface #skincare #viral #beauty #trending #love"", ""Youthface Lipbalm #youthface #viral #trending #beauty #love #fyp\u30b7 #skincareroutine #beautyhacks"", ""subscribe and comment Glow to get link #viral #youthface #trending #fyp\u30b7 #explore #beauty #reels"", ""youthface Beauty Cream for best skin results #youthface #shorts #viral #youthfacecream #tamil #fyp\u30b7""]",Not Found,Not Found,Not Found,Not Found,Not Found,Not Found,Not Found,IN,Not Found,2026-07-01T14:48:16Z,31.37,FAIL,"[""followers outside configured range or unavailable"", ""engagement rate below threshold or unavailable"", ""last upload is older than configured activity window""]",Indian skincare routine,2026-10-01T18:04:38.394591+00:00
UCBJI84fwBW9V2OR1QKuwVqA,Urbanglowwithdeep,YouTube,https://www.youtube.com/channel/UCBJI84fwBW9V2OR1QKuwVqA,141.0,1669.3,0.0054402270051606,"skincare, makeup, beauty, fashion, style","skincare, makeup, beauty, fashion, style","[""Dry beard care | dry beard to groomed  beard tak !  #ruffbeard #jaipurgrooming #phdbeardserum"", ""Facial exercise for jawline || face workout || reduce double chin naturally  #shorts #jawline"", ""3 Exercises for Hunter Eyes \ud83d\udc40 | Eye Exercises #shorts #huntereyes #eyeexercises"", ""Eyebrow | grooming | #shorts #eyebrow #eyemakeup"", ""Beard Trim at Home | Beard Grooming Transformation |#shorts #BeardTrim #BeardGrooming #MensGrooming"", ""Instant glow hack | strobe cream hack | #shorts #strobecream #glowing #glowhack #celebrityglowup"", ""Natural Skin Brightening Spray | Best Homemade Face Spray for Summer | #ricewater  #instantglow"", ""Mens skincare | comedy reels | #shorts #coemdy #skincare"", ""Multani Mitti & Sandalwood Face | Bridal Glow Face Pack | #shorts #facepack #skincare #multanimitti"", ""Best Vitamin C Face Scrub for Bright & Glowing Skin \ud83d\ude0d| Vitamin C Scrub for Men & Women | #scrub""]",Not Found,Not Found,Not Found,Not Found,Not Found,Not Found,Not Found,IN,Not Found,2026-09-06T16:48:53Z,43.25,FAIL,"[""followers outside configured range or unavailable"", ""engagement rate below threshold or unavailable""]",Indian skincare routine,2026-10-01T18:04:38.394591+00:00
UCdLeEu_FNPjInKnibez76qQ,DeificBeauty,YouTube,https://www.youtube.com/channel/UCdLeEu_FNPjInKnibez76qQ,24.0,252.3,,"skincare, beauty","skincare, beauty","[""How many times do you wash your face?"", ""7 Din Mein Pigmentation Gayab? Real Results & Customer Reviews"", ""Dark Neck? This Can be DANGEROUS!!"", ""Salicylic Acid Explained | Benefits for Acne, Blackheads & Oily Skin"", ""Vitamin C Serum Side Effects You Should Know"", ""Do You Need Sunscreen on Cloudy Days? The Truth"", ""Niacinamide Explained | 5% vs 10% Niacinamide | Benefits for Dark Spots & Oily Skin #skincare"", ""Why Are We Charging \u20b949 Advance on COD Orders?"", ""be logical and consitent"", ""Sunscreen Lagane Ke Baad Face Dark Kyu Dikhta Hai? 2 Reasons Explained""]",Not Found,Not Found,Not Found,Not Found,Not Found,Not Found,Not Found,IN,Not Found,2026-09-25T16:19:24Z,43.67,FAIL,"[""followers outside configured range or unavailable"", ""engagement rate below threshold or unavailable""]",Indian skincare routine,2026-10-01T18:04:38.394591+00:00
UCqrmlOp_GZblO5AocqaJ7VA,Utkarsh Arora,YouTube,https://www.youtube.com/channel/UCqrmlOp_GZblO5AocqaJ7VA,340.0,7996.5,,"skincare, fashion, outfit, hair, style","skincare, fashion, outfit, hair, style","[""Tricks to be more attractive | Men Stop doing this | #motivation #inspiration #selfimprovement"", ""Side effects of Sugar | \u091a\u0940\u0928\u0940 \u0916\u093e\u0928\u0947 \u0915\u0947 \u0928\u0941\u0915\u0938\u093e\u0928 | #sugar #healthtips #healthylifestyle"", ""Brown Pehno Aur Dekho Kya Hota Hai \ud83d\udc40\ud83e\udd0e |  Ye 1 Colour = Instant Class \u2728 #shorts #fashion"", ""Find Your Skin Type in 30 Seconds (Oily / Dry / Combination) | #skincare #glowup"", ""Skincare Is NOT Just for Girls (Men Need This) #skincare #mensgrooming #selfimprovement"", ""Holi Colors Se Skin & Hair Damage? Do THIS Before Playing Holi! #skincare #holi #haircare"", ""How To Look Taller Instantly Without Increasing Height (3 Style Hacks)\ud83d\udd25 #fashionhacks #mensfashion"", ""Using Haldi for Glow \u274c Only 2 Skincare Products You Actually Need \u270c\ud83c\udffb#skincare #skincareroutine"", ""4 Habits That Will Transform Your Looks in 30 Days | Do These Daily & Become Attractive Naturally"", ""Stop Wearing Wrong Shoes With Jeans \u274c(Men Must Watch) | Perfect Jeans + Shoes Combinations For Me""]",Not Found,Not Found,Not Found,Not Found,Not Found,Not Found,Not Found,Not Found,Not Found,2026-07-01T11:31:45Z,25.0,FAIL,"[""followers outside configured range or unavailable"", ""engagement rate below threshold or unavailable"", ""last upload is older than configured activity window""]",Indian skincare routine,2026-10-01T18:04:38.394591+00:00
UCQ3sS2iwsDhiogEy_DyX7Cw,Vibhasree,YouTube,https://www.youtube.com/channel/UCQ3sS2iwsDhiogEy_DyX7Cw,192000.0,233230.8,0.0294422869042089,"skincare, makeup, hair, style","skincare, makeup, hair, style","[""Oops, too many chemicals?"", ""My curls made the cut, they didn\u2019t\ud83d\ude0c"", ""Choose yourself\ud83d\udc9c"", ""I mean?"", ""It\u2019s easy to guess\ud83d\ude2d"", ""Always"", ""I'm finally reintroducing myself, or actually introducing myself"", ""She ran away, let me know if you find her"", ""Your Lab Rat is here again"", ""I BOUGHT every VIRAL Korean Skincare Product | No Mercy | VIBHASREE""]",vibha@monk-e.in,channel description,Not Found,https://amzn.to/4e7GzP4,Not Found,Not Found,Not Found,IN,Not Found,2026-09-30T14:00:22Z,65.39,FAIL,"[""followers outside configured range or unavailable""]",Indian skincare routine,2026-10-01T18:04:38.394591+00:00
UCKpJ3hTsClqd3IZnoUQRMDQ,Sarah's Quest,YouTube,https://www.youtube.com/channel/UCKpJ3hTsClqd3IZnoUQRMDQ,475000.0,8565.0,0.0261875138103375,"skincare, makeup, beauty, hair","skincare, makeup, beauty, hair","[""\ud83d\ude0a \u099a\u09c1\u09b2\u09c7 \u09a4\u09c7\u09b2 \u09ac\u09cd\u09af\u09ac\u09b9\u09be\u09b0\u09c7\u09b0 \u09e9\u099f\u09bf \u0985\u09ad\u09cd\u09af\u09be\u09b8, \u09af\u09be \u099a\u09c1\u09b2\u09c7\u09b0 \u099c\u09a8\u09cd\u09af \u0989\u09aa\u0995\u09be\u09b0\u09c0"", ""\ud83d\ude14 \u09ac\u09be\u0982\u09b2\u09be\u09a6\u09c7\u09b6\u09c7\u09b0 \u09b8\u09ac \u09a5\u09c7\u0995\u09c7 \u09a6\u09be\u09ae\u09bf \u0995\u09a8\u09cd\u09a1\u09bf\u09b6\u09a8\u09be\u09b0 \u0995\u09bf \u0995\u09be\u099c \u0995\u09b0\u09c7 \u09a8\u09be?!"", ""\ud83e\udd14 \u09ac\u09cd\u09b0\u09a3\u09c7\u09b0 \u09a6\u09be\u0997 \u0995\u09bf \u09e8 \u09b8\u09aa\u09cd\u09a4\u09be\u09b9\u09c7 \u0995\u09ae\u09be\u09a8\u09cb \u09b8\u09ae\u09cd\u09ad\u09ac? Beginner \u09a5\u09c7\u0995\u09c7 Advanced Routine"", ""\ud83e\udd14 \u09b8\u09b8\u09cd\u09a4\u09be \u09ab\u09be\u09b0\u09cd\u09ae\u09c7\u09b8\u09bf\u09b0 \u0985\u09cd\u09af\u09be\u099c\u09c7\u09b2\u09bf\u0995 \u0985\u09cd\u09af\u09be\u09b8\u09bf\u09a1 \u09b0\u09c7\u0996\u09c7 \u0995\u09c7\u09a8 Anua Azelaic Acid \u0995\u09bf\u09a8\u09ac? #shorts"", ""\ud83d\ude2f \u09ac\u09cd\u09b0\u09be\u0987\u099f\u09a8\u09bf\u0982 \u09b2\u09c7\u099c\u09be\u09b0 \u0995\u09cd\u09b0\u09c0\u09ae??"", ""\ud83e\udd14 \u0995\u09a8\u09cd\u09a1\u09bf\u09b6\u09a8\u09be\u09b0 \u0995\u09c0\u09ad\u09be\u09ac\u09c7 \u09ac\u09be\u099b\u09be\u0987 \u0993 \u09ac\u09cd\u09af\u09ac\u09b9\u09be\u09b0 \u0995\u09b0\u09ac\u09c7\u09a8?"", ""\u09aa\u09c7\u0987\u09a1 \u09b0\u09bf\u09ad\u09bf\u0989 \u0986\u09b0 \u09b8\u09cd\u09aa\u09a8\u09cd\u09b8\u09b0\u09b6\u09bf\u09aa \u09a8\u09bf\u09af\u09bc\u09c7 \u0995\u09bf\u099b\u09c1 \u0998\u099f\u09a8\u09be \ud83e\udd2b"", ""\u0986\u09ae\u09be\u09b0 \u098f\u0995\u09cd\u09b8\u09ab\u09cb\u09b2\u09bf\u09af\u09bc\u09c7\u099f\u09bf\u0982 \u09b0\u09c1\u099f\u09bf\u09a8 \ud83d\ude42"", ""\ud83d\udda4  \u0995\u09a8\u09cd\u09a1\u09bf\u09b6\u09a8\u09be\u09b0 \u09ac\u09cd\u09af\u09ac\u09b9\u09be\u09b0 \u0995\u09b0\u09be\u09b0 \u09b8\u09a0\u09bf\u0995 \u09aa\u09a6\u09cd\u09a7\u09a4\u09bf"", ""\ud83d\ude2f \u09e9 \u09a6\u09bf\u09a8\u09c7 \u09b8\u09bf\u09b8\u09cd\u099f\u09bf\u0995 \u098f\u0995\u09a8\u09c7 \u09a6\u09c2\u09b0 \u0995\u09b0\u09b2\u09be\u09ae!""]",Not Found,Not Found,Not Found,Not Found,Not Found,Not Found,Not Found,BD,Not Found,2026-09-29T13:06:01Z,62.89,FAIL,"[""followers outside configured range or unavailable"", ""country does not match configured region""]",Indian skincare routine,2026-10-01T18:04:38.394591+00:00
UCu8KB6d7vEtOYqj7BM6SM4g,Beauty9,YouTube,https://www.youtube.com/channel/UCu8KB6d7vEtOYqj7BM6SM4g,2010000.0,2695.6,0.0112061757499116,"skincare, makeup, beauty, hair, style","skincare, makeup, beauty, hair, style","[""Best Hydrating Sunscreen for All Skin Types - Konsa Sunscreen Sabse Achcha Hai All Skin Types?"", ""Best Hydrating Shampoo for Dry Frizzy Hair - Dry Balo Ke Liye Best Shampoo Kaun Sa Hai?"", ""Best Skincare Routine for Dry & Sensitive Skin - Affordable & Beginner Friendly"", ""Best Sunscreen for Dry & Sensitive Skin - D ry Skin Ke Liye Best Sunscreen Kaun Sa Hai?"", ""How to Smell Like Vanilla All Day - Smell Like A Delicious Dessert on a Budget! (Affordable Finds)"", ""Best Face Serum for Dry Skin - Dry Skin Ke Liye Best Serum Kaun Sa Hai?"", ""Best Skincare Routine for Combination Skin - Face Wash, Serum, Moisturizer & Sunscreen for Beginners"", ""Top 10 Sunscreens Review & Water Resistant Test -  Which One Actually Passed?"", ""Best Long Lasting Body Mist & Perfumes for Women in India - Smell Expensive Under 1000 ONLY!"", ""Affordable Self Care Products I Don't Regret Buying! (Part 2) \u2764\ufe0f""]",beauty9.in@gmail.com,channel description,Not Found,http://bit.ly/subscribe-beauty9,Not Found,Not Found,Not Found,IN,Not Found,2026-09-09T13:00:25Z,47.96,FAIL,"[""followers outside configured range or unavailable""]",Indian skincare routine,2026-10-01T18:04:38.394591+00:00
UCMTl80jTQwGkO335HoVf0ig,Dr. Aanchal MD,YouTube,https://www.youtube.com/channel/UCMTl80jTQwGkO335HoVf0ig,3490000.0,27192.9,0.0204179019934341,"skincare, makeup, beauty, hair, style","skincare, makeup, beauty, hair, style","[""Are beauty standards changing? The truth about ageing & beauty treatments Ft. Dermatologist Dr.Mikki"", ""Stop hair fall immediately | dermatologist suggests"", ""What is the right order to apply Skincare products? Dermatologist Explain #skincareproducts"", ""Simple face preparation for this Festive season | Dermatologist suggests #skincaretips"", ""How to prevent tanning during swimming"", ""Must know about skin!"", ""Are we raising mentally unhealthy kids? Things all parents should know Ft. Psychiatrist Dr.Anjalika"", ""Darkness in between thighs | causes, things to avoid, treatment"", ""5 things you must know !"", ""Watch this if you use kajal!""]",Not Found,Not Found,Not Found,Not Found,Not Found,Not Found,Not Found,IN,Not Found,2026-10-01T10:55:17Z,59.29,FAIL,"[""followers outside configured range or unavailable""]",Indian skincare routine,2026-10-01T18:04:38.394591+00:00
UCUKoNEapC6-n78cRGTlXaag,Misty,YouTube,https://www.youtube.com/channel/UCUKoNEapC6-n78cRGTlXaag,28.0,628.6,0.0634389291959576,"skincare, makeup, beauty, fashion, outfit, haul, hair, style","skincare, makeup, beauty, fashion, outfit, haul, hair, style","[""Best kitchen finds for aesthetic cooking (and no mess!) \u2601\ufe0f\ud83c\udf73| Cute & affordable Apron #amazonfinds"", ""Ultimate seamless UNDERWEAR hack for tight dresses \u2728 What to wear underneath? #wardrobeessentials"", ""The ultimate pharmacy secret for dandruff under Rs 200? \ud83e\udd2f | Gives shocking results\ud83d\ude33 #beautyshorts"", ""The ultimate lightweight moisturiser for oily skin \ud83e\udd0d Minimalist vitamin B5 Review #moisturizer"", ""Must Have Seamless UNDERWEAR for bodycon| Light & Invisible\ud83e\udd0d #womensessentials #underwear #musthaves"", ""Cherry blossom makeup look \ud83c\udf38 ( Soft Pink Glam) #cherryblossommakeup #pinkeyeshadow #makeupshorts"", ""Night Skincare Routine \ud83e\udee7 (What Actually Works)  #beautyshorts #skincare #aestheticskincare #nykaa"", ""The Feminine Urge to Dress Like a Goddess | Lehenga Aesthetic #lehanga #lehangacholi #indianwomen"", ""Best Anti-Dandruff Shampoo India? \ud83c\uddee\ud83c\uddf3 Scalpe Pro Review (Results)\ud83e\udd2f #beautyshorts #antidandruffshampoo"", ""Turning My Room Aesthetic With a \u20b9300 Sunset Lamp | Amazon Find #aesthetic #sunsetlamp  #review""]",Not Found,Not Found,Not Found,Not Found,Not Found,Not Found,Not Found,IN,Not Found,2026-04-18T19:05:59Z,60.0,FAIL,"[""followers outside configured range or unavailable"", ""last upload is older than configured activity window""]",Indian skincare routine,2026-10-01T18:04:38.394591+00:00
UC1jK0_WY_S7IdgGNNtz8PAQ,skincare.explained♡,YouTube,https://www.youtube.com/channel/UC1jK0_WY_S7IdgGNNtz8PAQ,14.0,1626.6,0.0037593984962406,"skincare, makeup, beauty, haul, cosmetics","skincare, makeup, beauty, haul, cosmetics","[""Listen Up Diva Skin\ud83d\udc84 Girlies Best Lipsticks Under \u20b9200 | Budget Lipsticks  #shortsfeed"", ""Best Matte Foundations Under \u20b9500 | Budget Oily Skin Makeup #shortsfeed"", ""Listen Up Oily Skin Girlies \ud83d\udc40 Best Concealers Under \u20b9200 \ud83d\udc84 Budget Makeup Finds  #unsponsored"", ""Best Budget Matte Primers for Oily Skin | \u20b9500 & Below! #shortsfeed #oilyskinmakeup"", ""Oily Skin? Makeup That WON\u2019T Melt \ud83d\ude33\ud83d\udd25#shortsfeed #makeupindia"", ""Dry Skin? Not Today \ud83d\udca7 Flaky to Flawless Under \u20b9200 | Budget Dewy Makeup #makeupindia #shortsfeed"", ""New to Makeup? Start With THESE Basics \ud83d\udc95 | Beginner Friendly Routine #shortsfeed #makeupindia"", ""Cute Lipgloss for Cuties Under \u20b9200 \ud83d\udc84\u2728 #notsponsored #shortsfeed #skincareindia"", ""Sunscreens I regret buying\u2026 #notsponsored #shortsfeed #skincareindia"", ""Moisturizers you'll regret buying #skincare#shorts#skincareroutine#skincaretips#glowingskin""]",Not Found,Not Found,Not Found,Not Found,Not Found,Not Found,Not Found,IN,Not Found,2026-03-16T17:34:49Z,27.63,FAIL,"[""followers outside configured range or unavailable"", ""engagement rate below threshold or unavailable"", ""last upload is older than configured activity window""]",Indian skincare routine,2026-10-01T18:04:38.394591+00:00
UCrhJi4SmPgUkNGQM20_aVyA,Shalini Kutti,YouTube,https://www.youtube.com/channel/UCrhJi4SmPgUkNGQM20_aVyA,236000.0,52532.4,0.0273219658715781,"skincare, makeup, beauty, hair, style","skincare, makeup, beauty, hair, style","[""Honest thoughts on this viral hack everyone loves"", ""Removing liquid lipstick with zero effort"", ""Try these hacks the next time you do your makeup"", ""Vlog 93: benefit masterclass, exploring bangalore and a big gift to myself"", ""The makeup I do every time I wear Indian"", ""Top 2 base products for humidity!"", ""Trying fenty's shake n play blushes"", ""A few of my recent empties and what I'm replacing them with"", ""Unboxing all the PR packages I've received recently"", ""Skincare lineup of the night for mild exfoliation""]",Not Found,Not Found,Not Found,Not Found,Not Found,Not Found,Not Found,IN,Not Found,2026-10-01T15:30:01Z,64.13,FAIL,"[""followers outside configured range or unavailable""]",Indian skincare routine,2026-10-01T18:04:38.394591+00:00
UCL6nVz9-pqt787t-zxJruOA,Tito's Organic – Natural Goat Milk Skincare,YouTube,https://www.youtube.com/channel/UCL6nVz9-pqt787t-zxJruOA,3360.0,5739.2,0.0555126292722361,"skincare, makeup, beauty, fashion, hair, style, cosmetics","skincare, makeup, beauty, fashion, hair, style, cosmetics","[""This Is The Most Refreshing Skincare Moment! | Tito\u2019s Organic"", ""Goat Milk, Naturally Better for Your Skin"", ""Goat Milk Moisturizer | Deep Hydration for Soft & Healthy Skin | Titos Organic #Shorts #moisturizer"", ""\u2728 Say hello to brighter, more radiant skin! \u2728"", ""\u2728 Tito's Organic Goat Milk Face Cream SPF 30 | Instant Glow & Daily Sun Protection \u2728"", ""Tito's Organic Face Serum Review | Hydrated & Glowing Skin with Goat Milk"", ""Tito's Organic Goat Milk Face Wash Review | Gentle Cleansing for Healthy, Glowing Skin"", ""GLOWING SKIN SECRET? Tito's Organic Skin Lightening Cream for a Natural Glow"", ""Goat Milk Skin Lightening Cream Review | Glow & Brightening Skincare | Tito\u2019s Organic #skincare"", ""Daily Skincare for Even-Toned, Radiant Skin | My Favorite Cream""]",Not Found,Not Found,Not Found,Not Found,Not Found,Not Found,Not Found,IN,Not Found,2026-08-18T04:26:02Z,70.22,FAIL,"[""followers outside configured range or unavailable""]",Indian skincare routine,2026-10-01T18:04:38.394591+00:00
UCwQsgWZh95zNjBwo6YRi7qA,Cureskin Telugu,YouTube,https://www.youtube.com/channel/UCwQsgWZh95zNjBwo6YRi7qA,75.0,325.6,0.0095643121420932,"skincare, beauty, hair, style","skincare, beauty, hair, style","[""Eyes Strain \u0c24\u0c17\u0c4d\u0c17\u0c3f\u0c02\u0c1a\u0c21\u0c3e\u0c28\u0c3f\u0c15\u0c3f \u0c08 Rule Follow \u0c1a\u0c47\u0c2f\u0c02\u0c21\u0c3f! \ud83d\udc40 #skincare"", ""Face Wash \u0c0e\u0c15\u0c4d\u0c15\u0c41\u0c35\u0c17\u0c3e \u0c1a\u0c47\u0c38\u0c4d\u0c24\u0c47 Skin Damage \u0c05\u0c35\u0c41\u0c24\u0c41\u0c02\u0c26\u0c3e? \ud83d\ude33"", ""The Truth Behind Skincare Ingredient Lists! #skincare"", ""The Biggest Acne Myth Most People Still Believe! #acnetreatment"", ""Big Skincare Myths Busted! Sugar-Free, Sunscreen & Home Remedies | Ft. Dr Vandhana | Cureskin"", ""Never Skip This Before Starting a New Skincare Routine! \ud83d\ude33 #skincareroutine"", ""Eye Cream \u0c2a\u0c46\u0c1f\u0c4d\u0c1f\u0c46  \u0c2e\u0c41\u0c02\u0c26\u0c41 \u0c07\u0c26\u0c3f \u0c24\u0c46\u0c32\u0c41\u0c38\u0c41\u0c15\u0c4b\u0c02\u0c21\u0c3f ! \ud83d\udc40 #skincare"", ""Healthy Skin \u0c15\u0c4b\u0c38\u0c02 Dermatologist \u0c1a\u0c46\u0c2a\u0c4d\u0c2a\u0c3f\u0c28 Golden Rules! | Ft. Dr. Vandhana Manoharan | Cureskin Telugu"", ""Skin Barrier Damage \u0c15\u0c3f Hidden Reason \u0c07\u0c26\u0c47! \u26a0\ufe0f #skincare"", ""Daily Skin Care Lo Chala Mandi Chese Mistake! \u26a0\ufe0f #skincare""]",Not Found,Not Found,Not Found,Not Found,Not Found,Not Found,Not Found,IN,Not Found,2026-08-10T16:50:42Z,40.14,FAIL,"[""followers outside configured range or unavailable"", ""engagement rate below threshold or unavailable""]",Indian skincare routine,2026-10-01T18:04:38.394591+00:00
UCIULN4mc73-L8H7I9ujibKg,Skin Care With Dr. Rahul,YouTube,https://www.youtube.com/channel/UCIULN4mc73-L8H7I9ujibKg,108.0,978.6,0.0482346889409933,"skincare, beauty, hair, style","skincare, beauty, hair, style","[""The Future of Anti-Aging & Hair Regrowth? \ud83e\uddec | Dr. Rahul Kumar, MD"", ""\u200bDermatologist\u2019s 5-Step Night Routine for Glass Skin! \ud83c\udf19\u2728 #Shorts"", ""4 Steps to GLOWING Skin \u2728 (Certified Dermatologist's Secret!)"", ""How to Get GLOWING SKIN (Scientifically!) | Indian Skin Guide"", ""The TRUTH About Acne: 3 Myths Destroying Your Skin! \ud83d\uded1"", ""\u092e\u0941\u0902\u0939\u093e\u0938\u094b\u0902 \u0915\u0947 3 \u0915\u093e\u0932\u0947 \u0938\u091a \u091c\u094b \u0915\u094b\u0908 \u0928\u0939\u0940\u0902 \u092c\u0924\u093e\u0924\u093e! \ud83e\udd2bMyths busted| Dr. Rahul"", ""STOP Taking Isotretinoin Before Watching This! | Acne Treatment Truth"", ""Skin GAME-CHANGER! 10 Dangerous Isotretinoin Mistakes to Avoid (Dermatologist Reveals)"", ""Do You REALLY Need Moisturizer in Summer? \ud83e\uddf4\ud83d\udc94 (Oily Skin Truth)"", ""Stop Damaging Your Skin! \ud83d\uded1 What Happens Without Sunscreen?""]",Not Found,Not Found,Not Found,Not Found,Not Found,Not Found,Not Found,IN,Not Found,2026-04-19T12:16:42Z,58.76,FAIL,"[""followers outside configured range or unavailable"", ""last upload is older than configured activity window""]",Indian skincare routine,2026-10-01T18:04:38.394591+00:00
UCU4XIUx7UDDoGPEz5fp5yAg,Foley Skincare,YouTube,https://www.youtube.com/channel/UCU4XIUx7UDDoGPEz5fp5yAg,20.0,562.0,0.0051001670574652,"skincare, hair","skincare, hair","[""SkincareRoutine #Niacinamide #FoleyBoadmeSkin #FlawlessSkin #OilControl #IndianSkincare"", ""FoleyHairCare #RosemaryWater Benefits #HairGoals #PRUnboxing #NaturalHairCare #HairGrowthJourney"", ""foley #foleyserum #hairgrowthserum #haircare #hairgrowth #hairfallcontrol #healthyhair #longhair #"", ""#foley #hairgrowthserum #hairgrowth #haircare #hairfallcontrol #healthyhair #longhair #hairserum"", ""#foleyhairserum #hairgrowthserum #haircare #healthyhair #longhair #hairgrowth #hairfallsoluti"", ""#FoleyHairGrowthSerum #HairGrowth #HairCare #HairFallSolution #HealthyHair #FoleySkincare"", ""#FoleyHairSerum #HairGrowthSerum #HairCareIndia #StopHairFall #HealthyHair #StrongerHair #ShopNow"", ""#FoleyHairGrowthSerum #HairGrowth #HairCareRoutine #StrongerHair #HealthyHair #FoleySkincare"", ""Foley Hair growth serum"", ""Sabse zyada common sawal jo mujhe milta hai vo, hair fall ke liye actual kaam kya karta hai?""]",Not Found,Not Found,Not Found,Not Found,Not Found,Not Found,Not Found,Not Found,Not Found,2026-07-28T09:25:03Z,34.13,FAIL,"[""followers outside configured range or unavailable"", ""engagement rate below threshold or unavailable""]",Indian skincare routine,2026-10-01T18:04:38.394591+00:00
UCjvOLag83i3qzYf8b90xUTQ,GRX,YouTube,https://www.youtube.com/channel/UCjvOLag83i3qzYf8b90xUTQ,572.0,1200.9,,"skincare, hair, style","skincare, hair, style","[""Stop Wasting Money! Top 5 Best PERFUMES For Boys (College, Gym & Party)"", ""7 Din Mein Gora\"" Videos Are Lying To You (Science Explained)"", ""You're Washing Your HAIR Wrong \u2014 Fix This Basic Routine"", ""Can You Actually Change Your Nose Shape? (Truth Revealed)"", ""Stop Getting Fades Try These 6 SOFT Hairstyles Instead"", ""This Kitchen Ingredient Gives You Model-Like Shiny Hair"", ""The Kitchen Ingredient That Fixes Frizzy Hair (You Already Have It)"", ""Best Hairstyles for Straight, Wavy & Curly Hair (Pick Yours)"", ""Stop Copying Random Guys' Hairstyles (Do This Instead)"", ""Morning Glow Up in 15 Minutes | 8-Step Daily Routine\""""]",guddurajak954@gmail.com,channel description,Not Found,Not Found,Not Found,Not Found,Not Found,IN,Not Found,2026-09-23T16:58:48Z,43.22,FAIL,"[""followers outside configured range or unavailable"", ""engagement rate below threshold or unavailable""]",Indian skincare routine,2026-10-01T18:04:38.394591+00:00
UC8Ms51aTx1zA0exmu1mR8ng,Sone Kanwar,YouTube,https://www.youtube.com/channel/UC8Ms51aTx1zA0exmu1mR8ng,28700.0,1302061.6,0.011102091775865,"skincare, beauty, hair","skincare, beauty, hair","[""BTS of Yashi with her bridesmaid, she put so much effort and made each of us feel special\ud83e\uddff\u267e\ufe0f"", ""Miku is the sweetest and Yashi has the most creative brilliant ideas\u2026!\ud83e\uddff\ud83c\udf3b"", ""Special memory from Suraj and Yashi engagement \ud83e\uddff"", ""Best Pharmacy face washes for oily skin , dey skin and sensitive skin #shorts"", ""Diy hair mask for frizzy hair- makes hair soft and shiny #haircare"", ""Bridal Bouquet toss at Suraj and Yashi\u2019s engagement \ud83e\uddff\u267e\ufe0f"", ""Suraj and Yashi got engaged, Suyash forever\ud83e\uddff\u267e\ufe0f"", ""Different types of Pigmentation and which serum to use for dark spots, acne marks, melasma #shorts"", ""Unsure when to use Glycolic Acid vs. Salicylic Acid? Here is exact breakdown  skincare routine \ud83d\udc47"", ""Important blood tests for hair and skin issues #shorts""]",Not Found,Not Found,Not Found,Not Found,Not Found,Not Found,Not Found,IN,Not Found,2026-09-28T19:28:49Z,72.33,PASS_NO_EMAIL,[],Indian skincare routine,2026-10-01T18:04:38.394591+00:00
UC_F2nsT8sFYLmQ_kw7IqUtQ,Indian Skincare Review ,YouTube,https://www.youtube.com/channel/UC_F2nsT8sFYLmQ_kw7IqUtQ,12.0,173.7,0.1499716417126686,"skincare, beauty, hair, cosmetics","skincare, beauty, hair, cosmetics","[""Say goodbye to tan hello to glow BAKE De-Tan Soap for clean, fresh & radiant skin#bake#review #viral"", ""Most Selling Salicylic Acid Soap for back acne.Clearer-looking skin starts here#bake#AcneCare#Shorts"", ""Glow begins with Bake Kojic Acid Toner \u2728\ud83d\udc99 #BakeBeauty #KojicAcid #GlowSkin #trendingshorts #viral"", ""Honest Review: Bake Nose Patch \ud83d\udc43\u2728 Real results, no filter! #Bake #NosePatch #HonestReview#trending"", ""Glow mode: ON \u2728Kojic Body Wash #bake #KojicBodyWash #GlowingSkin #Bodycare #YoutubeShorts#viralvideo"", ""Roll your way to stronger hair \ud83d\udcab#dermaroller #bake #haircare #thebakefeed #viral#youtubeshorts"", ""Honest review on Inti Erase Roll On\ud83d\udc40\u2728\ufe0f#shortvideo #review #skincare #bake #viral #honestreview"", ""Acne lost\ud83d\ude0fAcne Erase glow-up starts \ud83d\udc99#acneErase #clearskin #glowup #viralshorts #youtubeshorts #bake"", ""Wait till end...this soap is game changer\ud83d\udc40#viral #bake #salicylicacid #soap #skincareroutine #review"", ""Too lazy for sunscreen? same.That's why this spray exists\u2600\ufe0f#sunscreenspray #summeressentials #viral""]",Not Found,Not Found,Not Found,Not Found,Not Found,Not Found,Not Found,Not Found,Not Found,2026-08-01T16:10:28Z,66.44,FAIL,"[""followers outside configured range or unavailable""]",Indian skincare routine,2026-10-01T18:04:38.394591+00:00
UCk1SMiBc-ThSc7qpRjB5nKA,ROA Skincare,YouTube,https://www.youtube.com/channel/UCk1SMiBc-ThSc7qpRjB5nKA,17.0,896.2,0.0141832691695361,"skincare, beauty","skincare, beauty","[""Monsoon skincare check \u2614\u2728"", ""A cleanser that does the job without doing too much. \ud83d\udca7"", ""Skincare ASMR \u2728 The Most Satisfying Routine You'll Watch"", ""Hot take: Melanin is not SPF 50.\u2615 Welcome to Brown Skin Labs ep 1."", ""Every skincare product promises overnight results\u2026 but where\u2019s the proof? \ud83e\udd37\ud83c\udffb\u200d\u2640\ufe0f"", ""One word skincare ritual"", ""POV: You said yes to one invite and ended up having the perfect slow morning. \ud83c\udf3f\u2728"", ""What's in ROA'S goody bag? \ud83e\udee1\u2728"", ""Here's a little glimpse of how we celebrated self-care beyond skincare. \ud83c\udf3f\ud83e\udd0d"", ""The full story from our founder, Priyanka. \ud83e\udd0e""]",Not Found,Not Found,Not Found,Not Found,Not Found,Not Found,Not Found,Not Found,Not Found,2026-07-10T10:45:38Z,36.48,FAIL,"[""followers outside configured range or unavailable""]",Indian skincare routine,2026-10-01T18:04:38.394591+00:00
UCUzRicurQHQmTqXalajlcpg,Nikki | Korean Skincare India ,YouTube,https://www.youtube.com/channel/UCUzRicurQHQmTqXalajlcpg,13.0,219.9,0.0210972306513631,"skincare, makeup, beauty, cosmetics","skincare, makeup, beauty, cosmetics","[""My September Skincare Empties: 5 Products I Finished #koreanskincare"", ""I Used a Needle Serum for a Month \u2014 It Didn't Fix What You'd Expect #koreanskincare"", ""Korea's 6 Most Trending Skincare Brands \u2014 I've Used Them All #koreanskincare"", ""The Sunscreen for the Man in Your Life Who Skips It #koreanskincare"", ""I Checked How Much PDRN Is Actually in Your Serum! #koreanskincare"", ""3 Skincare Products I'd Never Gamble On #koreanskincare"", ""Exosomes Are Coming \u2014 And So Are the Fakes #koreanskincare"", ""You've been told Korean skincare is expensive. I went hunting on Nykaa to prove it wrong!"", ""20 Days of the Needle Serum \u2014 Texture Yes, Pores No #koreanskincare"", ""I Woke Up and My Brother's Neck Was Red! #koreanskincare""]",Not Found,Not Found,Not Found,Not Found,Not Found,Not Found,Not Found,Not Found,Not Found,2026-09-30T09:36:40Z,59.55,FAIL,"[""followers outside configured range or unavailable""]",Indian skincare routine,2026-10-01T18:04:38.394591+00:00
UCkc8ctbOuqgzB4nRNwUmHOA,Skin care with Nikita ,YouTube,https://www.youtube.com/channel/UCkc8ctbOuqgzB4nRNwUmHOA,120.0,883.1,0.015440279096902,"skincare, makeup, beauty, hair","skincare, makeup, beauty, hair","[""product recommendation for barrier repair \ud83d\udc9e | #glow #skincare #sensitive skin#shorts#short"", ""product for acne prone skin \ud83d\ude00 | #skincare #acne #shorts #glow"", ""my favourite\u2665\ufe0f affordable Indian sunscreen for summer \ud83c\udf1e#skincare #beauty #sunscreen#shorts #glow up"", ""Hair care must haves for hair fall & hair growth \ud83e\udd70 #haircare #shorts #must have #short"", ""products I can't live without \ud83d\ude0d#skincare tips #skincare routine#shorts #short video"", ""Rating my all serum I have tried ? #face serums #skincare #shorts #youtube shorts"", ""my favourite skin care from plum \u2764\ufe0f| skin care addition \ud83d\udc9e#skincare  tips#shorts #plum #glowing skin"", ""top 6 best moisturizer \ud83e\uddf4 for combination skin types \u2728|#skincare #beauty #shorts #moisturizer \u2744\ufe0f"", ""Best toner in india\u2728| Toner for different skin types\ud83d\udc4d#glowing skin#skincare# #soothing toner#shorts"", ""winter moisturizer under budget \u2728| winter moisturizer for all skin types \ud83d\udc4d#skincare#shorts#glowing""]",Not Found,Not Found,Not Found,Not Found,Not Found,Not Found,Not Found,IN,Not Found,2026-03-22T05:33:10Z,35.81,FAIL,"[""followers outside configured range or unavailable"", ""last upload is older than configured activity window""]",Indian skincare routine,2026-10-01T18:04:38.394591+00:00
UC19U4XCLp_SKBH8SglQIO5w,Beauty Intakes,YouTube,https://www.youtube.com/channel/UC19U4XCLp_SKBH8SglQIO5w,981.0,4028.3,0.0235517843903475,"skincare, makeup, beauty, haul, hair, style, cosmetics","skincare, makeup, beauty, haul, hair, style, cosmetics","[""Save your money on these Honest reviews Products I regret buying  #notsponsored #bestbuys"", ""Know the marketing behind sales & discount labels! #minimalism and Smart shopping #hacks"", ""Pink lipsticks for Brown Skin that do not wash you out #swatch #indianskin #nykaa #sale"", ""Perfect nude lipstick under Rs 299 for office/college girlies #nudelipstick #brownskin"", ""Clearance sale are a scam, here's the proof!! #sale chemist at play lipbalms Hot pink sale #beauty"", ""Best affordable Makeup primer for beginners #Nykaa hot pink sale Benefit porefessional #primer #dupe"", ""You need to try this - Best niacinamide formulation in India PHD 10% niacinamide serum for #acne"", ""My Childhood Nickname Was Right All Along , See what my pet bird chose to do with my hair.\ud83d\ude02"", ""PAC HD Banana Powder on OILY SKIN \u2014 Honest Review #Affordable Under \u20b9500 | Erased Oil in Seconds?"", ""Here's part 2 of what happened next #drone Video #epicfail #fun #meme Most viral video on channel""]",beautyintakes@gmail.com,channel description,Not Found,Not Found,Not Found,Not Found,Not Found,IN,Not Found,2026-09-29T15:12:56Z,61.04,FAIL,"[""followers outside configured range or unavailable""]",Indian skincare routine,2026-10-01T18:04:38.394591+00:00
UCMu065Icq6sXqUH20vfk0_Q,Tulsi | The Brown Edit Studio,YouTube,https://www.youtube.com/channel/UCMu065Icq6sXqUH20vfk0_Q,32.0,472.4,0.1892315619250422,"skincare, makeup, beauty, haul, hair, style, grwm","skincare, makeup, beauty, haul, hair, style, grwm","[""My Himalaya Skincare Haul Under Rs.1000 \ud83d\ude0d Worth It? | Oil Clear, Turmeric Serum, Sheet Mask #shorts"", ""Raksha Bandhan Special Vlog | Rakhi Celebration at Home | Siblings Love \u2764\ufe0f"", ""Found the MOST Pigmented Cream Blush Under \u20b9230!"", ""Deconstruct 5% Vitamin C Gel Sunscreen with SPF 50 | Honest Swatch on Brown Skin"", ""Dot & Key Tinted Sunscreen 07 Caramel Review | Very Little Tint"", ""Deconstruct Sunscreen PR Unboxing Finally! Oats & Vitamin C Gel for Brown Skin #sunscreen #brownskin"", ""Dot & Key Meltie Lip Balm | Cocoa Cushion on Pigmented Brown Lips #lipduo #lippylips #lips #lipbalm"", ""GRWM for Shiv Puja: Desi Glam No Makeup Makeup Look for Brown Skin"", ""MIRABELLE Red Rice All In One Cream Honest Review on Brown Skin #koreanskincare"", ""3 Nude Brown Lipsticks for Brown Skin | Maybelline vs Kay Beauty vs Nykaa #lipstickconfidence #brown""]",Not Found,Not Found,Not Found,Not Found,Not Found,Not Found,Not Found,IN,Not Found,2026-09-03T13:30:24Z,73.78,FAIL,"[""followers outside configured range or unavailable""]",Indian skincare routine,2026-10-01T18:04:38.394591+00:00
UCYOReErlLcjH1yI2r1PRdgg,Chandana Panchumarthi,YouTube,https://www.youtube.com/channel/UCYOReErlLcjH1yI2r1PRdgg,25.0,219.2,0.0169343164261382,"skincare, makeup, beauty","skincare, makeup, beauty","[""Sensitive skin routine"", ""Cleanser"", ""Why to wear sunscreen?"", ""3 things for clear skin"", ""Which dr.althea cream is right for you?"", ""Acne prone skin"", ""Cleanser for every skin type"", ""Find skin type"", ""dry skin and tight skin"", ""Oily dehydrated skin""]",Not Found,Not Found,Not Found,Not Found,Not Found,Not Found,Not Found,Not Found,Not Found,2026-10-01T14:12:49Z,56.85,FAIL,"[""followers outside configured range or unavailable""]",Indian skincare routine,2026-10-01T18:04:38.394591+00:00
UCYgB1DMUT-r0HuDdCkZ2jrA,The Soumi's Can Product & Hana Beauty - Hindi,YouTube,https://www.youtube.com/channel/UCYgB1DMUT-r0HuDdCkZ2jrA,7910.0,2019.5,0.0182108966812618,"skincare, makeup, beauty, hair","skincare, makeup, beauty, hair","[""Why Are Soumi's Products So Affordable?| What Do Hana Product's 3 Colors Mean? Complete Explanation"", ""How to Protect Your Skin in Summer Heat \u2049\ufe0f * Hana Beauty * Skin Care Tips by Soumi Di"", ""Looking for the best summer skin care tips for pigmentation, dark spots, and black skin?"", ""How to Protect Your Skin from Sun Damage, Dark Spots, Pimples, Acne & AgingAll Solutions by Soumi Di"", ""Beige Green Gold Modern Elegant Skincare Promotion Tiktok Video"", ""Hana Beauty Products \u2013 Up to 50% OFF! \ud83c\udf89"", ""How to Remove Tan, Dark Spots & Pigmentation Naturally"", ""All Hana Beauty Products \u2013Upto  50% OFF"", ""How to Care Your Body, Skin & Hair | Weight Management Tips by Soumi Mam"", ""How to Prevent Acne Scars & Dark Spots \ud83c\udf3f""]",Not Found,Not Found,Not Found,https://thehanabeauty.com,Not Found,Not Found,Not Found,IN,Not Found,2026-06-11T09:38:39Z,57.75,FAIL,"[""last upload is older than configured activity window""]",Indian skincare routine,2026-10-01T18:04:38.394591+00:00
UCLyGgsk0QWKkJuBQg7fvfFw,Aabnoos Skincare ,YouTube,https://www.youtube.com/channel/UCLyGgsk0QWKkJuBQg7fvfFw,20.0,31.1,,"skincare, beauty, grwm","skincare, beauty, grwm","[""Biggest skincare mini vlog \u2728\ufe0f \ud83d\udc96 #newvideo "", ""Sorry for inconvenience @aabnoos"", ""#biggest skincare video on tomorrow 4pm!! #newvideo coming soon"", ""Zero cost beauty enhanced. New formula of #masoordal #newvideo "", ""#newvideo @available on the YouTube channel Please go &checkout"", ""New Korean Lip Balm. Go & Checkout @aabnoosshorts"", ""#newvideo Available on the YouTube channel"", ""Korean Face Pack VS Indian Face Pack @aabnoosshorts "", ""#newvideo available on the YouTube channel go & checkout"", ""New GRWM Full Video. @aabnoosshorts #newvideo ""]",Not Found,Not Found,Not Found,Not Found,Not Found,Not Found,Not Found,IN,Not Found,2026-07-02T08:08:28Z,25.0,FAIL,"[""followers outside configured range or unavailable"", ""engagement rate below threshold or unavailable"", ""last upload is older than configured activity window""]",Indian skincare routine,2026-10-01T18:04:38.394591+00:00
UCvoBYKyBDVXrBHH2aF5cLVA,Kriti Sanon,YouTube,https://www.youtube.com/channel/UCvoBYKyBDVXrBHH2aF5cLVA,1340000.0,288549.5,0.0334645723966004,outfit,outfit,"[""Some want the outfit to fit..I want the outfit to swallow me whole. \ud83e\udd23\ud83e\udd23"", ""Manifesting a superwoman character \ud83e\uddb8\u200d\u2640\ufe0f\ud83d\ude1c#cera #bts"", ""\u2060Ally & Kunal... somewhere in a parallel universe\u2728"", ""Becoming Ally | The Making of My Character | Cocktail 2"", ""Punjabi on a diet... Kab Talak?\ud83e\udd2a"", ""Ment-Ally still here..\ud83c\udf78\ud83d\udc83\ud83e\udd73"", ""Your #Mashooqa is here my loves!\ud83d\udc83\ud83c\udffb\ud83d\udc59\ud83c\udfdd\ufe0f Song out now!\ud83c\udf78\u2728#Cocktail2 in cinemas on 19th June."", ""Answering the questions you guys keep asking! \ud83d\udd0d"", ""Mixing colors and a little bit of chaos with VD \ud83c\udfa8"", ""A little cold, a little chaos\u2026 and still, the ritual continues\ud83d\ude09\u2744\ufe0f""]",Not Found,Not Found,Not Found,Not Found,Not Found,Not Found,Not Found,Not Found,Not Found,2026-08-11T12:30:39Z,44.59,FAIL,"[""followers outside configured range or unavailable"", ""insufficient fashion/beauty keyword matches""]",Indian skincare routine,2026-10-01T18:04:38.394591+00:00
UCaj4_-7hhflOheEtyekiWLA,Shameela,YouTube,https://www.youtube.com/channel/UCaj4_-7hhflOheEtyekiWLA,905.0,699.2,0.0800798470603511,"skincare, makeup, beauty, hair, style","skincare, makeup, beauty, hair, style","[""Shopping| Disinfecting Groceries| Spend a day with me in this lock down in Pittsburgh| Vlog"", ""Chicken Spring Rolls| Freezer Snacks| Freezer Ramadan Meal Prep| Recipe and How To"", ""Recipes for Butter Paneer Masala|Creamy Rajma|Palak Daal| Zeera Rice| Easy Indian Vegetarian Recipes"", ""What's in a Hijabi's Travel Bag| Travel Essentials| Trip To Delhi"", ""How To Take Your Makeup Off Properly| Duvolle Radiance Spin Care System"", ""How To Bullet Journal| Journaling For Beginners| Plan With Me"", ""Winter Skincare Hacks|Dry Lips|Thicker Eye Lashes | Dry Cuticle| Split Ends"", ""Skincare Routine For Oily Dehydrated Skin| Skincare Products for Indian Skin On A Budget"", ""Best Moisturizer For Oily Skin (great for all skin types, really! ) Origins GinZing Moisturizer"", ""How To Get Ready For That BIG Event-DIY Facials, Threading, etc..""]",Not Found,Not Found,Not Found,Not Found,Not Found,Not Found,Not Found,US,Not Found,2020-06-29T21:49:43Z,60.0,FAIL,"[""followers outside configured range or unavailable"", ""last upload is older than configured activity window"", ""country does not match configured region""]",Indian skincare routine,2026-10-01T18:04:38.394591+00:00
UCCBuBdim-wAG5yA8Oqh-Xqw,🌷 रूप निखार,YouTube,https://www.youtube.com/channel/UCCBuBdim-wAG5yA8Oqh-Xqw,19.0,93.9,0.0297039841387914,"skincare, beauty, hair","skincare, beauty, hair","[""\u201cDahi + Aloe Vera = Soft Hair? \ud83d\ude0d\u201d"", ""\u201cMethi Hair Pack \ud83c\udf3f | Baalon Ke Liye Easy Home Remedy\u201d"", ""Baalon Ki Growth Ke Liye Simple Scalp Care"", ""DULL SKIN? \u2728 YE TRY KARO!\u201d"", ""Skincare Ki Ye 5 Cheezein Ho Sakti Hain Waste of Money! \ud83d\udcb8"", ""\ud83c\udf38 Viral Skincare Remedies \u0915\u0940 \u092f\u0947 \u0917\u0932\u0924\u0940 \u092e\u0924 \u0915\u0930\u0928\u093e"", ""\u201cPimple \u0915\u094b \u0926\u092c\u093e\u0928\u093e \u0938\u0939\u0940 \u0939\u0948 \u092f\u093e \u0917\u0932\u0924? \ud83d\ude33\u201d"", ""Kya Aapki Skincare Skin Ko Damage Kar Rahi Hai? \ud83d\ude33"", "":\u201cDandruff Mein Oil Lagana Sahi Hai Ya Galat? \ud83d\ude31\u201d"", ""\u0930\u094b\u091c Scrub \u0915\u0930\u0928\u093e \u0938\u0939\u0940 \u0939\u0948? \ud83d\ude33\u2728#shortsfeed""]",Not Found,Not Found,Not Found,Not Found,Not Found,Not Found,Not Found,IN,Not Found,2026-09-22T12:15:24Z,63.79,FAIL,"[""followers outside configured range or unavailable""]",Indian skincare routine,2026-10-01T18:04:38.394591+00:00
UCyuWhPjWi4cwT-SVlzk1LWA,Life with Sanjana 🪷,YouTube,https://www.youtube.com/channel/UCyuWhPjWi4cwT-SVlzk1LWA,827.0,1695.2,0.0508715922432663,"skincare, makeup, beauty, fashion, haul, hair, style, grwm","skincare, makeup, beauty, fashion, haul, hair, style, grwm","[""A simple morning routine \ud83c\udf3f\u2728 #shorts #ytshorts #ayurveda"", ""My  New Journey | Day - 1 \ud83c\udf3f"", ""\u2728 My Simple Face Shaving Routine #skincare #shorts"", ""Cute & Simple Everyday Glow Up \ud83c\udf38 #grwm #shorts"", ""My Ayurvedic Skincare Routine \ud83c\udf3f\u2728 | Glowy Skin with Nat Habit #shorts #nathabit"", ""My Favourite Nude Lip Glosses That Look So Pretty! \ud83d\udc8b\u2728#lipstick #shorts #ytshorts"", ""\u2728 One DIY Oil for Glowing Skin & Shiny Hair! #diy #shorts #ytshorts"", ""Nykaa Hot Pink Summer Sale Haul \ud83c\udf80\u2728 Best Deals You Can\u2019t Miss! #shorts #nykaa #plum"", ""Stop Oily Skin This Summer \ud83d\udd25 Easy Routine! #oilyskin #summer skincare #oilyskintips #shorts"", ""\u20b9187 Coconut Water \u2014 Real or Fake Taste? \ud83e\udd14 #summerdrink #shortsvideo #shorts""]",sanjana.yt.official@gmail.com,channel description,Not Found,Not Found,Not Found,Not Found,Not Found,IN,Not Found,2026-09-18T13:30:34Z,77.11,FAIL,"[""followers outside configured range or unavailable""]",Indian skincare routine,2026-10-01T18:04:38.394591+00:00
UCUsDXqoWUC-lPjCKTrDwxcg,SkinMumma,YouTube,https://www.youtube.com/channel/UCUsDXqoWUC-lPjCKTrDwxcg,315.0,1032.9,0.0053167442380864,"skincare, makeup, hair","skincare, makeup, hair","[""SkinMumma\u2019s Truite Hydra Gel Face Wash"", ""Skinmumma Hair Nourishment Combo"", ""Skinmumma\u2019s Cunha Moisturizer"", ""SkinMumma Biotin Gummies #skinmumma"", ""SkinMumma Cunha Moisturiser"", ""SkinMumma\u2019s Stifano Sunscreen with SPF 50"", ""SkinMumma\u2019s dermatologist-formulated Anti-Dandruff Shampoo."", ""Truite Hydra Gel Face Wash"", ""Behen, It's Not Puberty"", ""Shampoo ended the hairfall, then why no hair growth??""]",Not Found,Not Found,Not Found,Not Found,Not Found,Not Found,Not Found,Not Found,Not Found,2026-01-16T07:55:08Z,28.72,FAIL,"[""followers outside configured range or unavailable"", ""engagement rate below threshold or unavailable"", ""last upload is older than configured activity window""]",Indian skincare routine,2026-10-01T18:04:38.394591+00:00
UC9FvLp2PXDtgDxDvv8P3xWQ,Nerah Skin,YouTube,https://www.youtube.com/channel/UC9FvLp2PXDtgDxDvv8P3xWQ,43.0,289.6,0.0037237639637787,"skincare, hair","skincare, hair","[""India's first AHA BHA free exfoliator | Nerah Skin | 10 seconds challenge skin test | Peeling Gel"", ""Skincare myths busted | Nerah Skin | Founder Takes"", ""Most Viral Product In India | For acne and inflammation | Nerah Skin | Vegan mucin serum"", ""Zalak Desai | Television actress skincare routine | Nerah Skin - Vegan skincare brand in India"", ""Nerah Skin - 30 % off on serums | Mid - year call sale | 15th to 30th June"", ""FIRST TIME EVER | Flat 30% off on day and night serum | Nerah Skin - Indian skincare brand"", ""Do not make these 3 Skincare Mistakes | Nerah Skin | Indian skincare brand"", ""Skincare Routine for Sensitive Skin  | Simplified Skincare | Nerah Skin | Thomsina Dmello"", ""Men's morning skincare routine | Nerah Skin | Hydrating Serum and Peeling Gel"", ""Most viral skincare product in India | Vegan Mucin Serum | Nameko Hydrating Serum | Nerah Skin""]",Not Found,Not Found,Not Found,Not Found,Not Found,Not Found,Not Found,IN,Not Found,2026-07-22T06:00:32Z,31.83,FAIL,"[""followers outside configured range or unavailable"", ""engagement rate below threshold or unavailable""]",Indian skincare routine,2026-10-01T18:04:38.394591+00:00
UCyje8vqtasKhQPtjC9RZacg,ORIN Skincare,YouTube,https://www.youtube.com/channel/UCyje8vqtasKhQPtjC9RZacg,9.0,4706.0,0.0032114658296902,skincare,skincare,"[""\ud83c\udf3c Best D Tan Cleanser for Glowing Skin | ORIN Papaya & Guava D10 Cleanser #detanpack #trending"", ""\u2728 4 Steps to Glowing Skin | ORIN Skincare Routine for Radiance & Confidence  #trending #glowingskin"", ""Best Vitamin C Serum for Face \u2728 | ORIN Hyaluronic Acid Serum Benefits for Glowing Skin #trending""]",Not Found,Not Found,Not Found,Not Found,Not Found,Not Found,Not Found,IN,Not Found,2025-08-09T14:38:30Z,14.75,FAIL,"[""followers outside configured range or unavailable"", ""engagement rate below threshold or unavailable"", ""insufficient fashion/beauty keyword matches"", ""last upload is older than configured activity window""]",Indian skincare routine,2026-10-01T18:04:38.784821+00:00
UChzW8Ok-3VLZysoK0rbV43w,SA Salman Khan Official,YouTube,https://www.youtube.com/channel/UChzW8Ok-3VLZysoK0rbV43w,297.0,257.4,0.0596583753264193,"skincare, beauty, fashion, outfit, hair, style, grwm","skincare, beauty, fashion, outfit, hair, style, grwm","[""GRWM : 02 | For Wedding Function #grwm #shorts #viralshort"", ""GRWM : 01 | Get Ready With Me | SA Salman Khan #shorts #youtubeshorts #grwm"", ""5 Facewash for Men under the budget | Men's facewash | Top 5 FaceWash for Mens"", ""How to get clear skin | my daily Skincare routine #shorts #youtubeshorts #skincare #fairskin"", ""Coffee Face Mask |HOW TO APPLY COFFEE ON FACE | GLOWING SKIN"", ""doulat ka ghamand #shorts"", ""5 Hygiene Tips You Need To Know | men's grooming"", ""How to use aloe vera gel | MEN'S GROOMING| Beauty tips"", ""How To Trim Your Beard With Trimmer | Beard Ko Kaise Trim Kare | MEN'S GROOMING - By SA Salman Khan"", ""Face pack for glowing skin | #shortvideo | SA Salman Khan""]",Not Found,Not Found,Not Found,Not Found,Not Found,Not Found,Not Found,IN,Not Found,2023-03-01T19:38:35Z,60.0,FAIL,"[""followers outside configured range or unavailable"", ""last upload is older than configured activity window""]",Indian skincare routine,2026-10-01T18:04:38.784821+00:00
UCDkzQBxDhEnvJFiv5iIOlUw,CHOSEN,YouTube,https://www.youtube.com/channel/UCDkzQBxDhEnvJFiv5iIOlUw,4300.0,66836.6,0.0027825938746273,"skincare, hair","skincare, hair","[""AC all day doesn't mean you're safe from the sun \u2600\ufe0f | #chosen #sunscreen"", ""Meet the next generation of sunscreen | #sunscreen #skincare #chosen"", ""Not just for the beach. For your 9AM office ride. | #sunscreen #chosen"", ""The sunscreen that kept up with my run \u2600\ufe0f | #sunscreen #chosen"", ""Your sunscreen might not be staying where you think it is. \ud83d\udc40 | #sunscreen #chosen"", ""POV: You Ran Into Dr. Renita | #chosen #drrenitarajan"", ""Is your sunscreen secretly blocking your Vitamin D? | #sunscreen #vitamind #chosen"", ""How To Read Your Sunscreen Label \u2600\ufe0f | #sunscreen #skincare #chosen"", ""Your 2-in-1 Morning Essential \ud83d\udc9b | SAFESCREEN Tintense T2 | #tintedsunscreen #chosen #skincare"", ""Everyone Uses It Differently \ud83d\udc9b | White Pine Mousse Plus Serum | #faceserum #pycnogenol #chosen""]",Not Found,Not Found,Not Found,Not Found,Not Found,Not Found,Not Found,IN,Not Found,2026-05-18T12:02:18Z,26.95,FAIL,"[""followers outside configured range or unavailable"", ""engagement rate below threshold or unavailable"", ""last upload is older than configured activity window""]",Indian skincare routine,2026-10-01T18:04:38.784821+00:00
UCLorLMiAP17npnl3Q-yUwNg,Apoorwa Vaish,YouTube,https://www.youtube.com/channel/UCLorLMiAP17npnl3Q-yUwNg,44800.0,14245.0,0.0392666162535524,"skincare, beauty, fashion, haul, hair, style, grwm","skincare, beauty, fashion, haul, hair, style, grwm","[""My Current favourite lip combo\u2728\ud83e\udd0f\ud83c\udffb\ud83d\udc8b #ytshorts #lipcombo"", ""Living Alone Diaries\u2728\ud83d\udecb\ufe0f\ud83c\udf38\ud83c\udf55| Healthy recipes, meeting friend, selfcare & more!\ud83d\udc8c"", ""Meeting my Creator friend!\u2728\ud83e\udd0f\ud83c\udffb\ud83d\udc8c #grwm"", ""Living Alone Diaries\u2728\ud83e\udeb7 | Work, Cooking, Organising & more!\ud83c\udf37\ud83e\uddda\u200d\u2640\ufe0f"", ""Short Kurti Haul\u2728\ud83e\udeb7 #ytshorts #shortkurti #haul"", ""Get ready with me!\u2728\ud83d\udc8c #ytshorts #grwm"", ""My Favourite Lippies\u2728\ud83d\udc8b #ytshorts #lipgloss #lipbalm"", ""Full Body Hygiene Tips & Favourites\u2728\ud83c\udf37 | Every Girl Should know!\ud83d\udec0\ud83e\uddfc"", ""Calming Evening Routine\u2728\ud83d\ude0c| How to Unwind after a long day!\ud83e\udeb7"", ""Unsponsored Morning Skincare Routine\u2728\ud83c\udf38 #ytshorts #morningskincare""]",apoorwavaish4@gmail.com,channel description,Not Found,Not Found,Not Found,Not Found,Not Found,IN,Not Found,2026-09-24T06:23:04Z,90.93,PASS,[],Indian skincare routine,2026-10-01T18:04:38.784821+00:00
UC7KbgczQ7dgNv5aE_goli0Q,Pinki Das,YouTube,https://www.youtube.com/channel/UC7KbgczQ7dgNv5aE_goli0Q,341.0,538.0,0.0111084130105065,"skincare, beauty, hair","skincare, beauty, hair","[""Stop Using Heavy Creams \u274c Try This Light Gel Instead"", ""Philips Hair Straightener Review \ud83d\udd25 Worth It in 2026?"", ""Glow While You Sleep \ud83d\ude0d Night Skincare Routine #shortsvideos"", ""Minimalist 10% Vitamin C Serum (10ml)"", ""Lacto Calamine Rice Water Toner Korean Skincare for Glass Skin #beautyhacks #skincare"", ""Agar aapki skin oily hai aur appko simple routine chahiye. #skincareroutine #skincareproducts"", ""Plum Bulgarian Valley Rose Water Toner  #beautyhacks #skincare"", ""Beauty of Joseon Relief Sun Aqua-Fresh SPF 50  #skincare #beautyhacks"", ""Hoop Magnesium Sleep Body Lotion #bodycare #bodycareroutine #bodycaretips"", ""Ghar Soaps Magic De-Tan Face Wash #facewash #skintips  #skincareproducts""]",Not Found,Not Found,Not Found,https://amzn.to/4r9Jq0d,Not Found,Not Found,Not Found,IN,Not Found,2026-05-06T14:23:30Z,32.78,FAIL,"[""followers outside configured range or unavailable"", ""last upload is older than configured activity window""]",Indian skincare routine,2026-10-01T18:04:38.784821+00:00
UCcURDFyCAx7f5bORCflmmOw,Aloe&Me - Skincare Backed by Science,YouTube,https://www.youtube.com/channel/UCcURDFyCAx7f5bORCflmmOw,351.0,7723.4,0.0104731283415214,"skincare, makeup, beauty","skincare, makeup, beauty","[""The Secret Behind My Skin Glow \u2728 Aloe&Me Power Bright Serum Review  #aloeandme  #skincare"", ""My Secret to Smooth & Bright Skin \ud83c\udf19 | Aloe&Me RetiWhite Cream Review  #aloeandme  #skincare"", ""Instant Glow in Seconds! \ud83d\udcab Aloe&Me Insta Shine Cream Review  #aloeandme  #skincare"", ""Instant Glow Facewash That Actually Works! \ud83c\udf3f Aloe&Me Brightening Gel Review  #aloeandme  #skincare"", ""Glutathione for Skin Whitening & Pigmentation | Dermatologist Explains the Truth  #skincare"", ""Best Sunscreen for Indian Skin? \ud83e\udd14 | Aloe&Me  #aloeandme"", ""Skincare Scams That Ruin Your Skin \ud83d\udc94 | Must Watch!  #aloeandme #skincondition #skinschool"", ""Dermatologist Rates Everyday Skincare Ingredients \ud83e\uddea | Skin School with Dr. Nidhi"", ""Avoid These Pigmentation Creams! \u274c | Dr. Nidhi Explains  #aloeandme #drnidhigupta #skincareroutine"", ""Avoid These Harmful Brightening Creams \u274c (Dermatologist Warning)  #aloeandme #drnidhigupta #skincare""]",Not Found,Not Found,Not Found,https://aloeandme.com/,Not Found,Not Found,Not Found,IN,Not Found,2025-10-15T15:30:35Z,32.33,FAIL,"[""followers outside configured range or unavailable"", ""last upload is older than configured activity window""]",Indian skincare routine,2026-10-01T18:04:38.784821+00:00
UCxMyGZXDOqaqVIcMdElyBfw,Shabeena Beauty,YouTube,https://www.youtube.com/channel/UCxMyGZXDOqaqVIcMdElyBfw,571.0,1712.0,0.0197999611292454,"skincare, makeup, beauty, fashion, haul, hair, style, grwm","skincare, makeup, beauty, fashion, haul, hair, style, grwm","[""Pintresty coffee mugs from Meesho #pintrestinspired #cofeelover #meeshohaul"", ""Hyderabad has its own beauty \ud83e\udef6\ud83c\udffb #hyderabad #nightvibes #nightlife #coffeelover"", ""Eid Mubarak \u2728 #eiduladha #ootd #grwm #youtubeshorts"", ""Body shaving routine  #shavingroutine #smoothskin #glowingskin #youtubeshorts"", ""Wonderla with friends  #wonderla #amusementpark #summervacation #waterpark #hyderabad"", ""Fun night #gokarting #bowling #fnfarena #hyderabad"", ""Pink Room Makeover #youtubeshorts #interiordesign #pinkroom #pinterestinspired"", ""Birthday gifts #birthdaydecor #birthdayvlog #flowers #girls"", ""Pintrest life #ytshorts #pinterestfashion #pinterestinspired #lifestylevlog"", ""Room makeover #interiordesign #pinkroom #pintrestinspired #youtubeshorts""]",shabeenakhanam13@gmail.com,channel description,Not Found,Not Found,Not Found,Not Found,Not Found,Not Found,Not Found,2026-09-22T14:00:17Z,56.86,FAIL,"[""followers outside configured range or unavailable""]",Indian skincare routine,2026-10-01T18:04:38.784821+00:00
UCxJiyg6VYfr-9PNKdN9rUHA,Ningen India,YouTube,https://www.youtube.com/channel/UCxJiyg6VYfr-9PNKdN9rUHA,1820.0,16715.8,0.0135867758512753,"skincare, makeup, beauty, style","skincare, makeup, beauty, style","[""Dr. Neha Arora Explains Why Personalized Skincare Matters"", ""Dr. Neha Arora Explains: One Skincare Routine Doesn\u2019t Fit All | Skin Facts Ep. 1"", ""My Secret Weapon for Glowing, Party-Ready Skin | Must-Have Serum!"", ""No Time, No Problem! The Serum That Does It All"", ""That Post-Party Glow? Nope, it\u2019s just my Glow Revive Duo!"", ""Ningen\u2019s BEST Deal! Buy 1 Serum Supreme, get the Glow Shield Day Cream & Gentle Cleanser FREE."", ""Relax & Glow: My Easy Skincare Routine with @ningenindia \ud83c\udf38\u2728"", ""3 Steps to Healthy, Glowing Skin \u2728 | My Simple Skincare Obsession with @NingenIndia"", ""Breakouts? Dark Spots? Fine Lines? | Find Your Serum Match \u2728 Shop Now at Ningen.com"", ""Get Glowing Skin in 3 Easy Steps \ud83c\udf1f""]",care@ningen.com,channel description,https://instagram.com/ningenindia/,https://tinyurl.com/yckfbpef,Not Found,Not Found,Not Found,IN,Not Found,2026-01-15T12:28:52Z,34.51,FAIL,"[""followers outside configured range or unavailable"", ""last upload is older than configured activity window""]",Indian skincare routine,2026-10-01T18:04:38.784821+00:00
UCQc7j7sCxo_tBtZP_J7NL9Q,Skincodes,YouTube,https://www.youtube.com/channel/UCQc7j7sCxo_tBtZP_J7NL9Q,66.0,535.4,0.0113434244958688,"skincare, makeup, beauty, fashion, outfit, haul, style, cosmetics, grwm","skincare, makeup, beauty, fashion, outfit, haul, style, cosmetics, grwm","[""Simple Mornings skincare routine #shorts #ytshorts #youtubeshorts #skincare"", ""Found the Brown lip combo for 2026\ud83c\udf38\ud83d\udc84#lipgloss #makeup #shorts"", ""Basic skincare routine for 2026#youtubeshorts #shorts #ytshorts"", ""Best Homemade Face Mask #ytshorts #youtubeshorts #shorts"", ""Best dot and key Moisturiser picks for all skin types #shorts #ytshorts #viral #skincare #beginners"", ""Get Dewy Base In 3 Step #ytshorts #shorts #youtubeshorts"", ""Diwali Makeup Hacks Part -1 #ytshorts #shorts"", ""Rating Popular Product Edition #shorts #ytshorts  #nykaahaul"", ""5 Affordable lip balm under 500 #shorts #ytshorts"", ""THE BENEFITS OF NIACINAMIDE#ytshorts #youtubeshorts""]",Not Found,Not Found,Not Found,Not Found,Not Found,Not Found,Not Found,Not Found,Not Found,2026-01-09T09:28:25Z,32.94,FAIL,"[""followers outside configured range or unavailable"", ""last upload is older than configured activity window""]",Indian skincare routine,2026-10-01T18:04:38.784821+00:00
UCJs0e5K2rdxyapcpeKzArNg,Saloni ,YouTube,https://www.youtube.com/channel/UCJs0e5K2rdxyapcpeKzArNg,16.0,857.2,0.0550477019104529,"skincare, makeup, beauty, haul, hair","skincare, makeup, beauty, haul, hair","[""Underrated Pharmacy Finds Under 500 \ud83d\udcb8\u2728"", ""How to fade acne scars and pigmentation \u2728"", ""My Skincare Routine for Acne & Pigmentation \ud83d\udc95"", ""STOP Buying These Skincare Products \u274c"", ""Nykaa Repurchase Haul \ud83d\udc95 Skincare I'll Buy Again & Again"", ""Hair growth products that actually work!"", ""10% Niacinamide Breaking You Out? Try This Instead | Minimalist 5% Niacinamide review"", ""These viral vanilla bodycare products smell SO good \ud83e\udd0d"", ""Must-try pharmacy skincare under \u20b9500 (that actually works) \ud83d\udcb8\u2728"", ""COSRX vs Paula's Choice BHA | Which is better for oily Indian skin? #unsponsored #indianskincare \ud83c\udf38""]",Not Found,Not Found,Not Found,Not Found,Not Found,Not Found,Not Found,Not Found,Not Found,2026-01-20T15:48:32Z,60.0,FAIL,"[""followers outside configured range or unavailable"", ""last upload is older than configured activity window""]",Indian skincare routine,2026-10-01T18:04:38.784821+00:00
UCJWxzU3qMq3x4xJzXIq5g3Q,skincare.lifestyle ,YouTube,https://www.youtube.com/channel/UCJWxzU3qMq3x4xJzXIq5g3Q,9.0,426.9,0.009245884046688,"skincare, makeup, beauty, haul, style","skincare, makeup, beauty, haul, style","[""#lipsticktutorial #affordableproducts"", ""#nailpolish #naykanail #makeup"", ""#naykahaul #perfumereview"", ""#skincare #selfcare #fabolous"", ""#skincare #faceserumforoilyskin #skincareroutine #skincareproducts"", ""#MarsLipGloss #LipGlossLovers #VeganBeauty #MakeupTutorial #ShinyLips"", ""#Shorts #Innisfree #VolcanicClayMask #ClayMask #KBeauty #Skincare #PoreCare #BlackheadRemoval"", ""#affordablemist #mytrahaul #frangrance"", ""11 February 2026"", ""10 February 2026""]",Not Found,Not Found,Not Found,Not Found,Not Found,Not Found,Not Found,Not Found,Not Found,2026-03-03T08:35:32Z,31.47,FAIL,"[""followers outside configured range or unavailable"", ""engagement rate below threshold or unavailable"", ""last upload is older than configured activity window""]",Indian skincare routine,2026-10-01T18:04:38.784821+00:00
UCZSjOdfI47rq-WyK1fwTvAg,Glamour World Ayurvedic®,YouTube,https://www.youtube.com/channel/UCZSjOdfI47rq-WyK1fwTvAg,2660.0,335.0,0.0172927998301509,"skincare, beauty, hair","skincare, beauty, hair","[""Oily Skin Care Routine with Sandalwood, Green Tea, Cica & Niacinamide"", ""The Hair Serum Your Frizzy Hair Needs | Glow Hair Serum"", ""Oily Scalp, Scalp Buildup & Greasy Roots? Here\u2019s Your Hair Care Solution"", ""Glamour World Ayurvedic Glow Bright Gel Moisturiser | New Packaging, Same Glow!"", ""New Packaging. Same Glow. | Glow Night Cream"", ""Happy Ganesh Chaturthi!"", ""NEW LOOK, SAME GLOW! \u2728 Glamour World Ayurvedic Insta Glow Face Pack"", ""Give Your Feet Some Love | 3-Step Ayurvedic Foot Care"", ""Krishna Janmashtami!!"", ""Happy Rakshabandhan!!""]",Not Found,Not Found,Not Found,Not Found,Not Found,Not Found,Not Found,IN,Not Found,2026-09-30T13:31:38Z,56.88,FAIL,"[""followers outside configured range or unavailable""]",Indian skincare routine,2026-10-01T18:04:38.784821+00:00
UCuQA3bqZip0fmWJgggrlL-g,Minskinn Skincare,YouTube,https://www.youtube.com/channel/UCuQA3bqZip0fmWJgggrlL-g,405.0,1079.2,0.0252757824741902,"skincare, makeup, beauty","skincare, makeup, beauty","[""Your cleanser shouldn't leave your skin feeling tight."", ""PDRN Skincare Without Salmon DNA? \ud83c\udf3f"", ""Why Your Skin Needs a Multivitamin Cleanser | Minskinn"", ""MinSkinn SkinCare Routine For Cities"", ""Papaya Enzyme Scrub BHA PHA Peel- MinSkinn"", ""MinSkinn Cleanser #skincare #nighttimeskincareroutine #skincareroutine"", ""Why Traditional Face Scrubs Ruin Your Skin + The Gentle Papaya Alternative"", ""The Emotional Route: From Heartbreak to 100% Confidence in 14 Days"", ""Ceramide Peptide Moisturizer for Barrier Repair & Deep Hydration #brightskin #glowingskin #glassskin"", ""PDRN Serum for Skin Repair & Instant Glow | Minskinn Skincare #brightskin #antiagingserum""]",Not Found,Not Found,Not Found,Not Found,Not Found,Not Found,Not Found,IN,Not Found,2026-09-09T12:20:23Z,57.8,FAIL,"[""followers outside configured range or unavailable""]",Indian skincare routine,2026-10-01T18:04:38.784821+00:00
UCk-PhnT3ikGb5KUU2LePDcw,Review Station by Anto | Skincare & Beauty,YouTube,https://www.youtube.com/channel/UCk-PhnT3ikGb5KUU2LePDcw,51.0,156.1,0.1187709192891159,"skincare, makeup, beauty, hair, style, grwm","skincare, makeup, beauty, hair, style, grwm","[""Garnier Super UV Cooling Water Gel SPF 50+ Review \u2600\ufe0f | 90-Minute Running & Sweat Test | PA++++"", ""Azelaic Acid + Retinol:Together? | Acne & Pigmentation Skincare | SkinCare GoldStandard | Episode 10"", ""The Science Behind Nivea Cream \u2014 Why It's Formulated BACKWARDS (100 Years Old & Still Iconic)"", ""52sundaze Sunscreen Honest Review | SPF 50+ | PA++++ | Pink (Ceramides) vs Grey (Multi-tasker) "", ""Polyglutamic Acid: The Hydration Ingredient Better Than Hyaluronic Acid? Part 2"", ""My Night time Skincare routine ( 4 steps) l GRWM"", ""The OG skincare classic that never really went out of style \ud83d\udc9a"", ""3 Minutes Skincare routine with two products from CeraVe | GRWM"", ""SKINDULGE 3 in 1 Skin Hydrator Unboxing #skincare #unboxing"", ""Think SPF 30 means you can stay in the sun 30 times longer? #sunburn  #sunscreeneveryday""]",Not Found,Not Found,Not Found,Not Found,Not Found,Not Found,Not Found,IN,Not Found,2026-10-01T13:30:21Z,80.0,FAIL,"[""followers outside configured range or unavailable""]",Indian skincare routine,2026-10-01T18:04:38.784821+00:00
UCh29s-RNWI6z63670hUv71Q,VOGUE India,YouTube,https://www.youtube.com/channel/UCh29s-RNWI6z63670hUv71Q,862000.0,326363.3,0.0122633786724951,"beauty, fashion","beauty, fashion","[""Jennifer Lopez at Vogue World: Milan"", ""Simone Ashley at Vogue World: Milan"", ""What is in Rashmika Mandanna's bag | Vogue World"", ""Rashmika Mandanna at Vogue World: Milan"", ""Rashmika Mandanna on her wedding jewellery | Vogue Priceless"", ""Rashmika Mandanna is on the cover of Vogue India's October edition"", ""Behind-the-scenes with Rashmika Mandanna | Vogue India"", ""The Best Of with Mika Abdalla | Vogue India"", ""Sobhita Dhulipala answers Impossible Questions | Vogue India"", ""Behind the scenes with Sobhita Dhulipala on our cover shoot | Vogue Wedding Book 2026""]",Not Found,Not Found,Not Found,Not Found,Not Found,Not Found,Not Found,IN,Not Found,2026-09-22T20:32:13Z,51.81,FAIL,"[""followers outside configured range or unavailable""]",Indian skincare routine,2026-10-01T18:04:38.784821+00:00
UCrV7ARP_GEzuTNV5cfNbKrw,Mansi Goswami | Beauty & Skincare,YouTube,https://www.youtube.com/channel/UCrV7ARP_GEzuTNV5cfNbKrw,478.0,203.2,0.0094290022693934,"skincare, beauty, style","skincare, beauty, style","[""Comment for link"", ""Farshi salwar suit #trending #viral"", ""#Ad everyone kept saying \""the viral perfume set\"" \u2014 but viral kis cheez ka?"", ""15-days 15-tips thanku itna support dene kai liye"", ""Day -14"", ""Day -13"", ""Day -12 skin types kese identity kare"", ""Day -11 sunscreen mistake"", ""Day -10 skincare ka sahi order"", ""\u2728 DAY-9 | How I Create UGC Content \ud83c\udfa5""]",Not Found,Not Found,Not Found,Not Found,Not Found,Not Found,Not Found,US,Not Found,2026-09-19T17:33:59Z,48.93,FAIL,"[""followers outside configured range or unavailable"", ""engagement rate below threshold or unavailable"", ""country does not match configured region""]",Indian skincare routine,2026-10-01T18:04:38.784821+00:00
UCpsDiPf4vBrBy9ffIXigBIA,Skincare by Aastha,YouTube,https://www.youtube.com/channel/UCpsDiPf4vBrBy9ffIXigBIA,358.0,1698.2,0.01041727746582,"skincare, makeup, beauty, haul, cosmetics","skincare, makeup, beauty, haul, cosmetics","[""Top matte lipstick for everyday use \ud83e\udd0e #shorts #lipstick"", ""Matte lipstick under 249/- | Lipstick | #makeup #lipstick #viral"", ""Swiss Beauty Newly launched lip crayon | #lipstick #viral #makeup p"", ""Prettiest lipsticks for this wedding season #lipstick #lipshades #mamaearth"", ""Let Heer mark the beginning for this Diwali #givajewellery #diwali"", ""Best Vitamin C serum | gives glowing skin in 2 weeks | #glowingskin #shortsviral #skincare"", ""My morning skincare routine #skincare #skincareroutine #shortsviral"", ""The best wine shade lipstick | lip crayon | staze beauty #lipstick #lipstickshade #makeup"", ""Foxtale Niacinamide serum with 7 benefits #niacinamideserum #viralproducts"", ""Non oily moisturizer for summers @dotandkeyskincare #shorts #skincare #viralshorts""]",Not Found,Not Found,Not Found,Not Found,Not Found,Not Found,Not Found,Not Found,Not Found,2026-09-07T07:09:09Z,46.96,FAIL,"[""followers outside configured range or unavailable""]",Indian skincare routine,2026-10-01T18:04:38.784821+00:00
UCJy_NfGGsFPS8YDdCdXOTKw,Hallo Skincare,YouTube,https://www.youtube.com/channel/UCJy_NfGGsFPS8YDdCdXOTKw,1.0,384.3333333333333,0.0061591002767473,"skincare, beauty","skincare, beauty","[""Your skin isn\u2019t the problem. Your skincare might be. #skincare #healthyskin #beauty #skincareroutine"", ""The wait is almost over. \ud83d\udc40\u2728"", ""Something New Is Coming \ud83d\udc40 | HALLO Skincare""]",Not Found,Not Found,Not Found,Not Found,Not Found,Not Found,Not Found,Not Found,Not Found,2026-09-26T10:35:35Z,48.2,FAIL,"[""followers outside configured range or unavailable"", ""engagement rate below threshold or unavailable""]",Indian skincare routine,2026-10-01T18:04:38.784821+00:00
UC5trcCNtPCohKVDHlUZTpgA,Kdvera  Beauty & Skincare ,YouTube,https://www.youtube.com/channel/UC5trcCNtPCohKVDHlUZTpgA,1.0,237.3333333333333,0.0020408163265306,"skincare, beauty, hair","skincare, beauty, hair","[""\u201cDandruff se pareshan? Ab kahiye Goodbye Dandruff, Hello Confidenc #hairissues #dandruff #hairfall"", ""\u2728 Cleanse \u2022 Balance \u2022 Glow Naturally! \u2728\ud83c\udf38 Mamaearth Multani Mitti Face Wash\ud83e\uddd6\u200d\u2640\ufe0f Gently cleanses"", ""\ud83c\udf3e Mamaearth Rice Dewy Bright Face WashRice Water + Niacinamide (Vitamin B3) \u0915\u0947 \u0938\u093e\u0925""]",Not Found,Not Found,Not Found,Not Found,Not Found,Not Found,Not Found,Not Found,Not Found,2026-09-01T07:30:24Z,39.76,FAIL,"[""followers outside configured range or unavailable"", ""engagement rate below threshold or unavailable""]",Indian skincare routine,2026-10-01T18:04:38.784821+00:00
UCqLAxndjdxzUW9fTxvyrS3g,Blameless Skincare,YouTube,https://www.youtube.com/channel/UCqLAxndjdxzUW9fTxvyrS3g,3.0,14.8,0.0058573853989813,skincare,skincare,"[""Your skincare routine doesn\u2019t need more products. It needs more intention. \ud83c\udf3f#BlamelessSkincare"", ""Less Shine, More Balance \u2728 | Oil Control + Brightening Skincare | Blameless Skincare"", ""\u0906\u092a\u0915\u0940 skincare routine \u0939\u0948\u2026 \u092f\u093e \u092a\u0942\u0930\u0940 skincare \u0926\u0941\u0915\u093e\u0928? \ud83d\ude05 | Blameless Skincare"", ""\u0928\u0940\u092e \u0915\u0940 \u0924\u094b reputation \u092a\u0939\u0932\u0947 \u0938\u0947 \u0925\u0940\u2026 \ud83c\udf3f\u0932\u0947\u0915\u093f\u0928 \u0915\u094d\u092f\u093e \u0938\u093f\u0930\u094d\u092b\u093c reputation \u0915\u093e\u092b\u093c\u0940 \u0939\u0948? \ud83d\udc40"", ""\u0915\u094d\u092f\u093e \u0938\u094d\u0915\u093f\u0928\u0915\u0947\u092f\u0930 \u092e\u0947\u0902 Nature \u0914\u0930 Science \u092e\u0947\u0902 \u0938\u0947 \u0915\u093f\u0938\u0940 \u090f\u0915 \u0915\u094b \u091a\u0941\u0928\u0928\u093e \u091c\u093c\u0930\u0942\u0930\u0940 \u0939\u0948? \ud83c\udf3f\ud83e\uddea"", ""#BlamelessSkincare #viralreel #fyp #skincareprodcuts"", ""Pollution \u0938\u093f\u0930\u094d\u092b \u0939\u0935\u093e \u092e\u0947\u0902 \u0928\u0939\u0940\u0902! \ud83d\ude33 Protect Your Skin with Anti-Pollution Facewash | Blameless Skincare"", ""\u0926\u093e\u0926\u0940 \u0915\u0947 \u092a\u093e\u0938 \u0938\u093f\u0930\u094d\u092b 5 \u0938\u094d\u0915\u093f\u0928\u0915\u0947\u092f\u0930 \u091a\u0940\u091c\u093c\u0947\u0902 \u0925\u0940\u0902\u2026 \u0914\u0930 \u0906\u091c \u0939\u092e\u093e\u0930\u0940 \u0936\u0947\u0932\u094d\u092b \u092a\u0930 15 \u092a\u094d\u0930\u094b\u0921\u0915\u094d\u091f\u094d\u0938!"", ""\u0928\u0940\u092e, \u0939\u0932\u094d\u0926\u0940, \u0905\u0928\u093e\u0930\u2026 \u0939\u092e\u093e\u0930\u0940 skincare \u0915\u0940 \u0915\u0939\u093e\u0928\u0940 \u0906\u091c \u0938\u0947 \u0928\u0939\u0940\u0902 \u0936\u0941\u0930\u0942 \u0939\u0941\u0908\u0964 \ud83c\udf3f#BlamelessSkincare #shorts #reel"", ""\u2728 Just Glow + Protection. \u2600\ufe0f BLAMELESS SKINCARE | Best skincare product #shorts #skinproduct""]",Not Found,Not Found,Not Found,Not Found,Not Found,Not Found,Not Found,Not Found,Not Found,2026-10-01T12:11:44Z,36.6,FAIL,"[""followers outside configured range or unavailable"", ""engagement rate below threshold or unavailable"", ""insufficient fashion/beauty keyword matches""]",Indian skincare routine,2026-10-01T18:04:38.784821+00:00
UCug2yf8rjKTY2ZO6YnIxw0g,Skincare & Lifestyle with Tanvi,YouTube,https://www.youtube.com/channel/UCug2yf8rjKTY2ZO6YnIxw0g,31.0,905.3,,skincare,skincare,"[""Deconstruct sunscreen review | sunscreen for oily/combination skin | best affordable sunscreen"", ""Day 20/100 of skincare | Night skincare for oily combination acne prone skin"", ""Day 19/100 of skincare | Is ghar soap good or bad?"", ""Day 18/100 of skincare | My acne journey & story"", ""Day 17/100 of skincare | clean up at home | whiteheads removal at home"", ""Day 16/100 of skincare | daily skincare routine | oily acne prone skin"", ""Day 15/100 of skincare | Daily skincare vlogs"", ""Meesho affordable top for women | What I ordered vs what I got | Crop top"", ""Day 14/100 of skincare | How to remove whiteheads"", ""Day 13/100 of skincare | Simple skincare at home""]",Not Found,Not Found,Not Found,Not Found,Not Found,Not Found,Not Found,Not Found,Not Found,2026-08-20T08:04:27Z,23.17,FAIL,"[""followers outside configured range or unavailable"", ""engagement rate below threshold or unavailable"", ""insufficient fashion/beauty keyword matches""]",Indian skincare routine,2026-10-01T18:04:38.784821+00:00
UCvqFc14KGkLd0jpNHDKtkNg,Awear Beauty,YouTube,https://www.youtube.com/channel/UCvqFc14KGkLd0jpNHDKtkNg,64.0,1071.9,0.0030467067613965,"skincare, beauty","skincare, beauty","[""Why Indian Skin Deserves Better | The Awear Beauty Story #office #brightskin #skincare"", ""Meltdown Mode: ON. Breakouts? OFF with Awear Beauty|Dual Spot Treatment #acne #dermatologistskincare"", ""Struggling with Breakouts in Sticky Weather? Try This Fast-Acting Serum! \ud83d\udd25 #dermatologistskincare"", ""Acne, Uneven Skin, and Dullness | Decoding New Age Skincare #dermatologistskincare #skincare"", ""Why Your DIY Face Mask Might Be Damaging Your Skin \ud83d\udca5 | Awear Beauty #skincare #brightskin"", ""When your friend asks, \u2018Why wear sunscreen?\u2019 Time to block that kind of energy\u2014like UVA and UVB rays"", ""When your sunscreen turns you into Casper\ud83e\udee0\ud83e\udee0 BRB, manifesting a glow and not being a ghost \ud83c\udf1d\u2728"", ""Decoding 'Awear' | What is skincare for Indian skin? #skincareproducts #indianskincare"", ""Best Hydrating Ingredients for Indian Skin | Glow-Up Guide for Dry & Pigmented Skin \u2728 #skincare"", ""Heal spots and acne marks with face serum for acne| Dual Spot Treatment #acne #dermatologistskincare""]",Not Found,Not Found,Not Found,Not Found,Not Found,Not Found,Not Found,Not Found,Not Found,2025-08-21T12:49:11Z,27.13,FAIL,"[""followers outside configured range or unavailable"", ""engagement rate below threshold or unavailable"", ""last upload is older than configured activity window""]",Indian skincare routine,2026-10-01T18:04:38.784821+00:00
UCwAx9XCQh0Wc5cRhVuJjUvQ,Beauty with Brain,YouTube,https://www.youtube.com/channel/UCwAx9XCQh0Wc5cRhVuJjUvQ,1450.0,576.9,0.0538313657316097,"skincare, makeup, beauty, haul, hair","skincare, makeup, beauty, haul, hair","[""\ud83c\udf38Mini vlog of day 2 as a law student \ud83e\udd76Life of student \ud83d\udc69\ud83c\udffb\u200d\ud83c\udf93 #youtubeshorts #minivlog #lawmaster"", ""\ud83c\udf38Beauty with Brain is live must join today \ud83e\udd2dlets talk about beauty"", ""\ud83d\udee2\ufe0fHomemade Onion\ud83e\uddc5Oil\ud83c\udf38Diy of  hairfall control and growth hair #secrethacks #hairgrowth #diy"", ""Secret Oil for Hair growth \ud83d\udee2\ufe0fDiy of homemade Onion oil \ud83c\udf38Must try #hairgrowthoil #organichaircare"", ""\ud83e\udd8bWinter Natural glowing skin \ud83c\udf3eDiy of   Repair skin barrier\ud83c\udf38Homemade #youtubeshorts #skincare #diy"", ""Live highlight of review of Nykaa products \ud83c\udf38 skincare products #skincarehacks"", ""\ud83c\udf38Nykaa pink haul at lowest discount of products\u263a\ufe0fWait is over #secrethacks #nykaa #youtubeshorts"", ""Beauty with Brain is live"", ""Beauty with Brain is live\ud83c\udf38 must join today Hlo guys too much gaping \ud83d\ude2e\u200d\ud83d\udca8 so plz follow me"", ""Beauty with Brain is live \ud83e\udd76Hlo guys must join today for winter skincare routine""]",Not Found,Not Found,Not Found,Not Found,Not Found,Not Found,Not Found,IN,Not Found,2025-12-12T16:29:36Z,60.0,FAIL,"[""followers outside configured range or unavailable"", ""last upload is older than configured activity window""]",Indian skincare routine,2026-10-01T18:04:38.784821+00:00
UCkz7PTtIzTaiHlsGZIQrRZw,Skincare Withshivanshi,YouTube,https://www.youtube.com/channel/UCkz7PTtIzTaiHlsGZIQrRZw,17.0,2206.2,0.0083436241139699,"skincare, hair","skincare, hair","[""Get natural Glowing skin \u2728#skincare #Glowingskin"", ""@skincarewithshivanshi follow on insta and fix your skin problems"", ""want Healthy hair back? #haircare #longhairgrowthtips"", ""Comment your hair problems and  I'll give you solutions\ud83d\udc95 #haircare #hairissues #hairfallcontrol"", ""comment your Skin problem and I give you a solution\u263a\ufe0f #skincare #acnefree #glowingskin #brightskin"", ""Get clear and glowing skin\u2728 #glowingskin #naturalglow #clearskin #brightskin #pinkskin #winterglow"", ""Get your Guide on instagram and solve all your hair problems. #haircare #hairfallsolution #longhair"", ""Solve all your skin problems with one Guide\u263a\ufe0f #skincare #acneremoval #glowingskin #Skincareroutine"", ""Get guide and solve all your skin problems #skincareroutine #glowingskin #healthyglow #weddingglow"", ""The complete Haircare guide solve all your problems\u2728 #longhairgrowthtips #hairlength #longhaired""]",Not Found,Not Found,Not Found,Not Found,Not Found,Not Found,Not Found,Not Found,Not Found,2026-01-17T10:40:03Z,30.84,FAIL,"[""followers outside configured range or unavailable"", ""engagement rate below threshold or unavailable"", ""last upload is older than configured activity window""]",Indian skincare routine,2026-10-01T18:04:38.784821+00:00
UCutvk_xmAXw_THSQrh4qOeg,Skincare Baddie | Beauty & Skincare UGC ,YouTube,https://www.youtube.com/channel/UCutvk_xmAXw_THSQrh4qOeg,80.0,594.4,0.0610283994669901,"skincare, makeup, beauty, haul, cosmetics","skincare, makeup, beauty, haul, cosmetics","[""My skin really needed this! #skincare #youtubeshorts #explore #shortsfeed #ugc #capcut"", ""Citrus-infused goodness for that ultimate skin glow! \ud83c\udf4a\u2728 #ytshorts #skincare #glowingskin #ugc"", ""Want clear, even-toned skin? Try this \ud83d\ude2e\u200d\ud83d\udca8 #ytshorts #skincare #trendingshorts #glowup  #ugccreator"", ""From raw ingredients to instant results \u2728#fyp #trending #skincare #shorts #explore #trendingaudio"", ""\""Unboxing and swatching the Nykaa x Bridgerton Face Palette! \ud83d\udc8e\u2728 #shorts #pinterestinspired #makeup"", ""Spice up your lip combo with an instant, fiery plump! \ud83c\udf36\ufe0f\ud83d\udc8b#shorts #lipgloss #spicy #red #lips"", ""Fade dark spots and boost your glow in one step! \ud83c\udf53\u2728 #ytshorts #skincare #pink #aesthetic"", ""Your skin deserves science-backed care. \ud83e\uddec \u2728 #retinol #beginnerfriendly #serum #skincare #trending"", ""Unboxing the Plum Head to Toe Unisex Travel Kit! \ud83e\uddf4\u2708\ufe0f  #ytshorts #ugccreator #unboxing #mini"", ""Nothing hits quite like the joy of unboxing PR! \ud83d\udce6\u2728 #ytshorts #makeup #unboxing #asmr""]",herkind7@gmail.com,channel description,Not Found,Not Found,Not Found,Not Found,Not Found,Not Found,Not Found,2026-09-21T09:33:44Z,77.78,FAIL,"[""followers outside configured range or unavailable""]",Indian skincare routine,2026-10-01T18:04:38.784821+00:00
UC_UE3Owl-x9FUZqtvTdOIuw,Klove Beauty,YouTube,https://www.youtube.com/channel/UC_UE3Owl-x9FUZqtvTdOIuw,16.0,94.42857142857144,0.1134374925058154,"skincare, beauty, style","skincare, beauty, style","[""Tanya Review of Snail Mucin Serum"", ""Snail Mucin Serum from Klove Beauty Review #beautycare #beauty #snailmucin  #snailserum"", ""Klove Beauty - Snail Mucin Serum #snailmucin #beautycare #beauty #snailserum #facebeauty"", ""Snail Mucin Serum Review  #beautycare #beauty #snailmucin #snailserum #snailmucinserum"", ""Snail Mucin Serum By Klove Beauty"", ""Snail Mucin Serum - Peptides, Niacinamide & Ceramides #beautycare #snailmucin  #beauty #snailserum"", ""Klove Beauty Launch""]",Not Found,Not Found,Not Found,Not Found,Not Found,Not Found,Not Found,Not Found,Not Found,2024-10-09T11:10:03Z,60.0,FAIL,"[""followers outside configured range or unavailable"", ""last upload is older than configured activity window""]",Indian skincare routine,2026-10-01T18:04:38.784821+00:00
UC3XxJKmInHtHKesmdcuXAjg,Earthly Vibes Skincare,YouTube,https://www.youtube.com/channel/UC3XxJKmInHtHKesmdcuXAjg,19.0,708.1,0.022480953608501,"skincare, beauty, cosmetics","skincare, beauty, cosmetics","[""Vitamin C Face Serum in Skincare Routine | Earthly Vibes | Review"", ""Vitamin C Face Serum | Benefits of Face Serum | Skin Care Routine | Earthly Vibes"", ""Vitamin C Face Serum - Earthly Vibes"", ""Buy your Earthly Vibes Vitamin C Face Serum @ 30% Off #earthlyvibes #vitamincserum #glowingface"", ""Vitamin C Face Serum for Glowing, Flawless and Radiant Skin | Earthly Vibes Skincare #earthlyvibes"", ""Vitamin C Face Serum With Kakadu Plum Extract for Dry and Tanned Skin | Earthly Vibes Skincare"", ""Use this Vitamin C face serum for glowing skin | Earthly Vibes Skincare #earthlyvibes #vitamincserum"", ""Vitamin C Serum With Licorice Extract for skin brightening | Earthly Vibes Skincare #earthlyvibes"", ""20% Vitamin C Face Serum for a Glowing Skin | Earthly Vibes Skincare #earthlyvibes #vitamincserum"", ""Best Face Serum for treating all your skin problems | Earthly Vibes Skincare #earthlyvibes""]",Not Found,Not Found,Not Found,Not Found,Not Found,Not Found,Not Found,Not Found,Not Found,2023-04-21T05:30:21Z,40.74,FAIL,"[""followers outside configured range or unavailable"", ""last upload is older than configured activity window""]",Indian skincare routine,2026-10-01T18:04:38.784821+00:00
UCmsUgfJt0Fj0HNKwXjQCOtw,Anchal Sharma,YouTube,https://www.youtube.com/channel/UCmsUgfJt0Fj0HNKwXjQCOtw,683.0,641.1,0.0500813525590489,"skincare, makeup, hair, style, grwm","skincare, makeup, hair, style, grwm","[""meesho finds\ud83c\udf80 #aestheticgirlanchal #meeshofinds"", ""hair tutorial\ud83c\udf38\ud83e\udd0e #aestheticgirlanchal #hairstyle #hair #ceremonytutorial #haircare"", ""grwm for meet someone in dreams \ud83d\udc90\ud83c\udf15 #aestheticgirlanchal #hairstyle #makeup #bollywood"", ""my recent makeup products\ud83d\udc90\ud83c\udf3a #aestheticgirlanchal #skincare #makeup #makeuotutorial #mascara"", ""GRWM for bhai ka birthday\ud83c\udf80\ud83c\udf82 #aestheticgirlanchal #skincare #hairstyle #grwm #birthdaydress"", ""under \u20b920 full skincare routine\u2728\ud83d\udc95#aestheticgirlanchal #fullskincare #diyproducts #indiangirlskincare"", ""Alum benefits\u2728 for dark underarm #aestheticgirlanchal #underarmdeodorantrollon #darkunderarms #alum"", ""you're messaging your SCALP wrong\u274c\ud83d\udea8  stop it soon#aestheticgirlanchal #wronghair #hairmassage #hair"", ""7 Free Secret For Hair Growth | Get Natural Silky & Thick Hair \u2728\ud83c\udf38"", ""skincare routine\ud83d\udc95 #aestheticgirlanchal #skincare #haircare #indianskincare""]",anchusharma2002anchal@gmail.com,channel description,Not Found,Not Found,Not Found,Not Found,Not Found,Not Found,Not Found,2026-09-29T08:53:33Z,79.56,FAIL,"[""followers outside configured range or unavailable""]",Indian skincare routine,2026-10-01T18:04:38.784821+00:00
UCtJ7izhohOhJzOVB49UbFHQ,DESI BONG BEAUTY ,YouTube,https://www.youtube.com/channel/UCtJ7izhohOhJzOVB49UbFHQ,265000.0,2281.9,0.0229286206781234,"skincare, makeup, beauty, hair, style","skincare, makeup, beauty, hair, style","[""Pujor ager sobcheye boro skin secret! \u2728 just flawless coverage  #DurgaPujaLook #NoMakeupMakeup"", ""Part 2 \u099a\u09be\u0987? \u2764\ufe0f\u2728 #glowingskin #SkinGlowing #ytshorts #DesiBongBeauty"", ""I turned My From Dry to Silky Smooth #instashort #BareAnatomy #haircare"", ""Ei gorome foundation-er heavy feeling bhule jao \ud83d\udc8c#FreshSkin #SummerBeauty #LoveChildByMasaba"", ""7 din try koro \u2728Result hole amake janate bhulbena #acnemark #acneskincare #pimplesolution #ytshorts"", ""1 Step e Tan Remove! \ud83d\ude0d Real Result Skincare Routine #indianskincare #skincaretip #beautyhacks"", ""Get Glass Skin Naturally \u2728 | My Real Skincare Routine (No Filter!) #skincare #glowingskin #ytshorts"", ""\u098f\u0987 \u098f\u0995\u099f\u09be \u099f\u09cb\u09a8\u09be\u09b0 \u09a4\u09cb\u09ae\u09be\u09a6\u09c7\u09b0 \u09b8\u09cd\u0995\u09bf\u09a8 \u0995\u09c7\u09df\u09be\u09b0 \u0997\u09c7\u09ae\u099f\u09be \u099a\u09c7\u099e\u09cd\u099c \u0995\u09b0\u09c7 \u09a6\u09c7\u09ac\u09c7\u0964 #skincare #skincaretips #desibongbeauty"", ""Wait For Asa Kooda Moment \ud83e\udef0\ud83d\udc96 #transition #makeuptransformation #desibongbeauty #youtubeshorts"", ""\u09b8\u09cd\u099f\u09c1\u09a1\u09bf\u0993 \u09a8\u09df, \u0986\u099c \u09b6\u09b9\u09b0\u099f\u09be\u0987 \u099b\u09bf\u09b2 \u0986\u09ae\u09be\u09b0 \u0995\u09cd\u09af\u09be\u09ae\u09c7\u09b0\u09be \ud83d\udcf8 #ytshorts #desibongbeauty  #streetphotography""]",medha.su95@gmail.com,channel description,Not Found,https://twitter.com/DESIBONGBEAUTY1?s=08,Not Found,Not Found,Not Found,IN,Not Found,2026-09-29T11:17:34Z,60.61,FAIL,"[""followers outside configured range or unavailable""]",Indian skincare routine,2026-10-01T18:04:38.784821+00:00
UCedfggXVWWp8OP6TlHHTl2A,Skincare Tips,YouTube,https://www.youtube.com/channel/UCedfggXVWWp8OP6TlHHTl2A,1730.0,40.333333333333336,0.0317926960574019,"skincare, fashion, hair, style","skincare, fashion, hair, style","[""Daily face pack for indian skintone|Secret for indian glow#skincare #ericafernandes #glowingskin"", ""Bridal body scrub inspired by Erica Fernandes#bodycare #skincare #ericafernandes #celebsfashion"", ""Summer glow?? Here is a tip #summerskincare #glowingskin #love #ericafernandes #bollywood"", ""Summer Skincare routine|3 ingredients only|Effective way of get glow in summer #summerskincare #yt"", ""Repair cracked heels|Phati Ediya kaise thik kare|Affordable way to repair #skincare #crackedheels"", ""Gora Nikhar Paiye| Skin whitening treatment ki jaroorat nhi| #whitening #skincare #skincaretips"", ""How to get Instant Glow chahiye ye lape jaroor lagaiye #skincare #instantglow #turmeric #india #ily"", ""How to remove Dryness from your skin in summer #skincare #summerskincare #summer #coconut #ejf"", ""Let's start with the new| Do let me know what you guys want to watch|#haircare #ericafernandes #new""]",styleandworld@gmail.com,channel description,Not Found,Not Found,Not Found,Not Found,Not Found,Not Found,Not Found,2023-06-04T07:19:00Z,47.25,FAIL,"[""followers outside configured range or unavailable"", ""last upload is older than configured activity window""]",Indian skincare routine,2026-10-01T18:04:38.784821+00:00
UCKmGhIWdnaOaV42lf6GfVWQ,dat skincare chick,YouTube,https://www.youtube.com/channel/UCKmGhIWdnaOaV42lf6GfVWQ,34.0,1212.4,0.016952839112501,"skincare, beauty, hair","skincare, beauty, hair","[""Which skincare products should you choose as a beginner?"", ""are you beginner in skincare? comment for product recommendations \u2728 #skincareroutine #skincaretips"", ""Channelling my inner Akshaye Khanna \ud83d\ude0e #dhurandhar #akshayekhanna #adityadhar #flipperachi"", ""Conscious Chemist Lush Lips Review #lipcare #lipcareproducts #lipcareroutine #lipcareessentials"", ""Review: 82e Manjishtha Mud Mask #facemask #deepikapadukone #indianskincarebrand #oilyskin"", ""Morning Skincare Routine With My TOP 5 Skincare Products of 2024"", ""Easy No-Fuss #retinol #skincareroutine #antiaging #antiagingskincare #skincaretips #skincareroutines"", ""Best Blackhead Treatment #salicylicacid #salicylicacidcream #skincare #skincaretips #skincareroutine"", ""#Affordablesunscreen #indianskincare #affordableskincare #sunscreen #spf"", ""Affordable Cleansers for #allskintypes #affordableskincare #skincareproducts #indianskincare #skin""]",Not Found,Not Found,Not Found,Not Found,Not Found,Not Found,Not Found,Not Found,Not Found,2026-01-05T07:20:38Z,36.87,FAIL,"[""followers outside configured range or unavailable"", ""last upload is older than configured activity window""]",Indian skincare routine,2026-10-01T18:04:38.784821+00:00
UCMDPvpD-R1_isb1o0ua15ig,BE NATURAL,YouTube,https://www.youtube.com/channel/UCMDPvpD-R1_isb1o0ua15ig,8640000.0,150476.1,0.0239009462055755,"skincare, makeup, beauty, fashion, hair, style","skincare, makeup, beauty, fashion, hair, style","[""Get Ready With Me #shorts #ytshorts #youtubeshorts"", ""MY DAUGHTER\u2019S FIRST PERIOD\ud83e\ude78What Nobody Tells Girls About Periods \ud83d\ude31 U Must Know Before its too late"", ""Reality of Strict Parenting \ud83d\ude31 Are You Making These Parenting Mistakes? Raise Smart Kid \ud83e\udd17Mom Hacks"", ""Sunday 24 Hours Haircare Routine #shorts #ytshorts #youtubeshorts #haircare"", ""Diy Hair Spa Treatment At Home \ud83d\ude46\u200d\u2640\ufe0f Results will Shock You \ud83d\ude32 #shorts #ytshorts #youtubeshorts"", ""This is Why Your Hair Is Falling \ud83d\ude31 Apply few Drops of this \ud83d\udc46 to STOP Hair Fall & GROW Hair 3X Faster"", ""\ud83d\udd25 Disappear for 3 Months & Come Back Unrecognizable \ud83d\ude32 25 Micro Habits Will Change You in 90 Days\ud83d\ude46\u200d\u2640\ufe0f"", ""We Tried Charlie Horror Charlie Ritual 3 AM\u2026 BIG MISTAKE! \ud83d\ude28 Most Dangerous Scary Horror Challenge "", ""My Traumatic Pregnancy & Delivery \ud83d\ude2d Dark Reality of C-Section & Normal Delivery Jo Koi Nai Batata \ud83e\udee3"", ""Most Powerful Hair Growth Tips #shorts #ytshorts #youtubeshorts""]",benaturalproduction2020@gmail.com,channel description,Not Found,Not Found,Not Found,Not Found,Not Found,IN,Not Found,2026-10-01T04:57:50Z,61.73,FAIL,"[""followers outside configured range or unavailable""]",Indian skincare routine,2026-10-01T18:04:38.784821+00:00
UCXP4EhwwEM_CnJpqHEnst2w,Get Skin Smart with Shaily,YouTube,https://www.youtube.com/channel/UCXP4EhwwEM_CnJpqHEnst2w,22200.0,1061.8,0.0081282367894609,"skincare, makeup, beauty, hair","skincare, makeup, beauty, hair","[""Manifestation Alone Won\u2019t Make You Successful | Real Talk"", ""Stop Using DIY Skincare | Natural Isn\u2019t Always Safe"", ""Why We Shifted from Dermatologists to D2C | Real Founder Lesson"", ""The Truth About Gender Change Surgeries \ud83e\ude7a #TransgenderAwarenes | Rani Kohenur"", ""The DARK TRUTH About Korean Glass Skin! \ud83d\ude31"", ""Government Tracks Your Business? Truth Every Founder Must Know | Factory Compliance India"", ""5 Eczema Myths You Need to Stop Believing! \ud83e\uddf4 | World Atopic Eczema Day"", ""IV Drips for Skin Glow Explained | Glutathione IV Therapy in Celebrity Skincare Routine"", ""Nobody Judges a Woman Founder Who Knows Her Numbers! \ud83d\udcbc #Shorts"", ""Are government officers actually scary?""]",Not Found,Not Found,Not Found,Not Found,Not Found,Not Found,Not Found,IN,Not Found,2026-09-29T05:30:20Z,70.25,FAIL,"[""engagement rate below threshold or unavailable""]",Indian skincare routine,2026-10-01T18:04:38.784821+00:00
UCoQ1-dbMyM3uBceeO8O94Pg,Sreeja Shrestha,YouTube,https://www.youtube.com/channel/UCoQ1-dbMyM3uBceeO8O94Pg,23800.0,18761.3,0.0427406334830766,"skincare, makeup, beauty, hair, style","skincare, makeup, beauty, hair, style","[""Powerful habits you should inculcate in your life as a woman \ud83e\udd0d #woman #powerful #explore #fyp"", ""Fix these three things to stop hair fall! - #hairfall #haircare #hairgrowth"", ""Part 2 of Indian beauty finds! #beauty #recommended #makeup #bestfinds"", ""10 Indian beauty finds \ud83e\udd0d#beautyfinds #makeup #explore #fyp"", ""The cheapest thing in the kitchen making huge differences for my skin & hair! #healthy #explore"", ""Hear me out, because I am sure you need to hear this! #realtalk #explore #fyp"", ""The women I find attractive are these ones \ud83e\udd0d#explore #fyp #womensupportingwomen #love #selfcare"", ""5 face masks to must have for bride to be \ud83e\udd0d #skincare #bridetobe #facemask #explore #fyp"", ""Best purchases from August \ud83e\udd0d #skincare #bodycare #healthylifestyle #explore #haircare #fyp"", ""Best Azelaic Acid serums \ud83e\udd0d #skincare #azelaicacid #explore #fyp""]",Not Found,Not Found,Not Found,Not Found,Not Found,Not Found,Not Found,IN,Not Found,2026-09-30T06:53:18Z,94.7,PASS_NO_EMAIL,[],Indian skincare routine,2026-10-01T18:04:38.784821+00:00
UCXOvOphCaK5lnEt6S85PlTA,@AN tV,YouTube,https://www.youtube.com/channel/UCXOvOphCaK5lnEt6S85PlTA,64.0,475.8,0.007946150294658,"skincare, beauty, hair, style","skincare, beauty, hair, style","[""Turmeric (Haldi) is one of the most powerful natural superfoods! \ud83d\udc9bIt helps"", "" Drink Water, Change Your Life"", ""Remove Blackheads Instantly at Home | Natural Remedy That Works Fast #shorts #youtubeshorts"", ""Simple & easy skin care routine for Men"", ""Say Goodbye to Oily Skin! 1 Easy Hack for Clear, Matte Skin Naturally #shorts**"", ""1 Potato Slice = Spotless Skin! \ud83d\ude31 | Viral Skincare Hack #shorts\"""", ""*Top 3 Natural Remedies to Remove Pimples Fast | Acne Spot Treatment at Home #shorts**"", ""Top 3 Home Remedies to Remove Dark Circles Permanently | Natural Skincare Tips #shorts"", ""Coconut Water Benefits for Skin & Body | Natural Beauty Hack in 30 Seconds!"", ""Top 3 Skincare Tips Every Man Should Know! | Clear, Healthy Skin Routine**#skincare #manskincare""]",Not Found,Not Found,Not Found,Not Found,Not Found,Not Found,Not Found,IO,Not Found,2026-04-21T04:40:01Z,30.56,FAIL,"[""followers outside configured range or unavailable"", ""engagement rate below threshold or unavailable"", ""last upload is older than configured activity window"", ""country does not match configured region""]",Indian skincare routine,2026-10-01T18:04:38.784821+00:00
UCdSDwWRfuK3ITxCpCve3blg,Skin Talks with Dr Jaishree Sharad,YouTube,https://www.youtube.com/channel/UCdSDwWRfuK3ITxCpCve3blg,18700.0,30772.8,0.0176146200576288,"skincare, makeup, hair","skincare, makeup, hair","[""What is Retinol?"", ""Which skincare treatment do most men come for?"", ""Does the way you sleep affect the aging of the skin? #drjaishreesharad"", ""My Skincare Routine | Dr Jaishree Sharad | Cosmetic dermatologist"", ""Acne medication you should not use during pregnancy"", ""Safe skincare ingredients if you have acne during pregnancy | Dr Jaishree Sharad"", ""Night Skincare Routine | By Dr Jaishree Sharad"", ""Morning Skincare Routine | Dr Jaishree Sharad"", ""Treatments for dark circles |  #drjaishreesharad #cosmeticdermatologist"", ""What to look for in a sunscreen? #drjaishreesharad""]",Not Found,Not Found,Not Found,Not Found,Not Found,Not Found,Not Found,IN,Not Found,2025-02-20T05:00:00Z,57.33,FAIL,"[""last upload is older than configured activity window""]",Indian skincare routine,2026-10-01T18:04:38.784821+00:00
UCQxcP4A84N8BJ3h_OKoujwA,The RawLogic Natural Skincare & Haircare,YouTube,https://www.youtube.com/channel/UCQxcP4A84N8BJ3h_OKoujwA,3240.0,924.7,0.0042062386606802,"skincare, makeup, beauty, hair","skincare, makeup, beauty, hair","[""My henna Routine/Results \ud83d\udc96\ud83c\udf38 #henna #nathabit #haircare #haircolor"", ""Why the Diwali Oil Bath is SO Sacred?! #skincare #diwali #diwalispecial #diwali2025 #herbaloil"", ""It\u2019s Back and Better Than Ever! Our Best-Selling Cleansing Balm Returns with Stunning New Packaging"", ""Handmade Soaps #handmade #handmadesoap #chemicalfreesoap"", ""Handmade Soaps #handmade #handmadesoap #chemicalfreesoap"", ""Handmade Soaps #handmade #handmadesoap #chemicalfreesoap"", ""Handmade Soaps #handmade #handmadesoap #chemicalfreesoap"", ""Handmade Soaps #handmade #handmadesoap #chemicalfreesoap"", ""Handmade Soaps #handmade #handmadesoap #chemicalfreesoap"", ""Happy Mother\u2019s Day from  RawLogic Celebrating All the Incredible Moms\u2764\ufe0fTo every hardworking mother\ud83d\udc96""]",Not Found,Not Found,Not Found,Not Found,Not Found,Not Found,Not Found,IN,Not Found,2025-11-01T14:29:33Z,27.94,FAIL,"[""followers outside configured range or unavailable"", ""engagement rate below threshold or unavailable"", ""last upload is older than configured activity window""]",Indian skincare routine,2026-10-01T18:04:38.784821+00:00
UCQM0czTJb7Gmmpm90LJZ7Hg,Akashi_Beauty_Simplified,YouTube,https://www.youtube.com/channel/UCQM0czTJb7Gmmpm90LJZ7Hg,26.0,481.1,0.0028219319222708,"skincare, makeup, beauty, hair","skincare, makeup, beauty, hair","[""2026 brides\u2026 if you haven\u2019t started this yet, you are already late! #bridal #bridalguide"", ""Bridal skin care is important\u2026. | Makeup is ok but skin pre is Priority #skincare"", ""Holi precautions | Bride To Be Holi Skin Care | Hair Care | Holi"", ""Holi Skin Care Tips 2026 | Prevent Pigmentation & Acne After Holi |Bridal & Salon Expert Advice#holi"", ""Facial For Aging Skin | How to PreventSkin From EARLY AGING |How to Do Aging Skin Care #skinaging"", ""Pre Mature Aging | Aging | Prevent Aging"", ""Pre Mature Aging | Aging | Fine Lines | Wrinkles | How to cure Pre Mature Aging # #defenage"", ""Acne | How To Remove Acne From Dry Skin | Dry Skin | Dry Skin Acne | Dry Skin Mai Acne Kese Hote Hai"", ""How Acne Forms ? | Pimple Kese Hota Hai ? | Acne Reasons | Bridal Acne #acnetreatment"", ""Bridal Acne | Acne | How To Cure Acne Before Wedding | Remove Acne In 1 Day #acne #bride""]",Not Found,Not Found,Not Found,Not Found,Not Found,Not Found,Not Found,IN,Not Found,2026-05-11T07:09:22Z,26.98,FAIL,"[""followers outside configured range or unavailable"", ""engagement rate below threshold or unavailable"", ""last upload is older than configured activity window""]",Indian skincare routine,2026-10-01T18:04:38.784821+00:00
UCbVtKT0ZvNoS4WZ2Q7NoPpA,Rajput SkinCare,YouTube,https://www.youtube.com/channel/UCbVtKT0ZvNoS4WZ2Q7NoPpA,3.0,791.3,0.0,"skincare, makeup, beauty, fashion, outfit, haul, style, cosmetics, lookbook","skincare, makeup, beauty, fashion, outfit, haul, style, cosmetics, lookbook","[""Lotus Herbal Cream Honest Review | RajputSkincare"", ""Himalaya Neem Facewash Honest Review \u092a\u093f\u0902\u092a\u0932\u094d\u0938 \u0938\u0947 \u091b\u0941\u091f\u0915\u093e\u0930\u093e \u092a\u093e\u090f\u0901"", ""Zudia Haul 2025 | Affordable skincare Picks | RajputSkincare"", ""Plum Face Wash Honest Review | Does It Really Work? | RajputSkincare"", ""Mars Lipstick Review | Best Budget Matte Lipstick? | RajputSkincare"", ""Lakm\u00e9 Sunscreen Review | Best for Indian Skin? | Honest Rajput SkinCare Verdict"", ""Smytten 12 Trial Points Unboxing - Free Luxury Skincare!"", ""Lakm\u00e9 Primer + Matte Foundation Honest Review | Best Budget Foundation? | Rajput SkinCare"", ""Top 5 Summer Moisturizers for Glowing Skin | Rajput SkinCare Must-Haves!"", ""Pond\u2019s White Beauty Facewash Honest Review | Dull Skin? Dark Spots? Try This! | Skincare Unboxed""]",Not Found,Not Found,Not Found,Not Found,Not Found,Not Found,Not Found,IN,Not Found,2025-05-25T10:18:57Z,25.0,FAIL,"[""followers outside configured range or unavailable"", ""engagement rate below threshold or unavailable"", ""last upload is older than configured activity window""]",Indian skincare routine,2026-10-01T18:04:38.784821+00:00
UC7BjgJxWdvLCm7FGt9H7uBA,Cutiepie,YouTube,https://www.youtube.com/channel/UC7BjgJxWdvLCm7FGt9H7uBA,611.0,296.9,0.1264330684913355,"skincare, makeup, beauty, hair, style, grwm","skincare, makeup, beauty, hair, style, grwm","[""A little GRWM, a little me and a lot of love for beauty. My entry for #FaceOfNykaa . #nykaa #grwm"", ""How to start curly hair routine for beginners | Indian curly hair routine ( 2B/2C curls ) | cutiepie"", ""My curly hair routine | Hair designs | Hair flower accessories \ud83c\udf3a"", ""My curly hair routine | Demo & product review CG method | curly girl method  WOW shampoo conditioner"", ""Soft Pink dreamy makeup | pink purple soft glam makeup"", ""WOW product review and demo for day face cream | wow day face cream full review | wow cream"", ""Curly hair transformation | #cutiepie #hair"", ""LIVE result of nutriglow de tan scrub vs nutriglow lacto tan pack | Nutriglow de tan scrub live demo"", ""How to treat DANDRUFF at HOME (Hindi) | Get rid of dandruff at home | Dandruff treatment at home"", ""I stopped using face wash and soap to clear my skin | Stop using face wash | cavemen skincare""]",Not Found,Not Found,Not Found,Not Found,Not Found,Not Found,Not Found,IN,Not Found,2026-09-30T09:43:46Z,79.78,FAIL,"[""followers outside configured range or unavailable""]",Indian skincare routine,2026-10-01T18:04:38.784821+00:00
UCDlQthtwG0AljAoUaELkX0w,Riya shakya ᥫ᭡.      ,YouTube,https://www.youtube.com/channel/UCDlQthtwG0AljAoUaELkX0w,322000.0,67281.1,0.0289119827981763,"skincare, makeup, hair, style, grwm","skincare, makeup, hair, style, grwm","[""How to remove pimple\u203c\ufe0f\ud83d\ude4c\ud83c\udffb#youtubeshorts #ytshorts #youtube #skincare #shortsviral"", ""Come style my hair with me\ud83d\udc40\u2728#youtubeshorts #ytshorts #youtube #hairstyle #shortsviral"", ""Night, Skincare\ud83d\ude4c\ud83c\udffb\u203c\ufe0f\ud83d\ude31#youtubeshorts #ytshorts #youtube #skincare #shorts viral"", ""Teenager must try this facial\ud83d\ude31\ud83d\ude31\u203c\ufe0f#youtubeshorts #ytshorts #youtube #skincare #shortsviral l"", ""My rice water toner remedy \ud83d\ude31\ud83d\ude31\ud83d\udcc8#youtubeshorts #ytshorts #youtube #skincare #shortsviral"", ""Grwm \ud83d\udc97#youtubeshorts #ytshorts #youtube #shortsviral #grwm"", ""Lip combo\ud83e\udd0e\ud83d\ude31#youtubeshorts #youtube #ytshorts #lipcombo #shortsviral"", ""Night Skincare in a natural way \u203c\ufe0f\ud83d\ude31#youtubeshorts #ytshorts #youtube #skincare #shortsviral"", ""Hair therapy comb \ud83d\ude31\ud83d\ude31#youtubeshorts #ytshorts #youtube #skincare #shortsviral"", ""Grwm for Desi look \ud83d\udc40 \u2728#youtubeshorts #ytshorts #youtube #grwm #shortsviral""]",riyashakya099@gmail.com,channel description,Not Found,Not Found,Not Found,Not Found,Not Found,Not Found,Not Found,2026-10-01T07:58:43Z,65.24,FAIL,"[""followers outside configured range or unavailable""]",Indian skincare routine,2026-10-01T18:04:38.784821+00:00
UCpeieC31LBWkceI7fRAJfpQ,Dr. Radhika Patil,YouTube,https://www.youtube.com/channel/UCpeieC31LBWkceI7fRAJfpQ,140.0,138.9,0.0099101045843038,"skincare, beauty, hair, style","skincare, beauty, hair, style","[""Instant fairness may sound tempting  #healthyskin #skincare #skincareroutine #haircare"", ""Fairness creams promise instant results\u2026 but does your skin really need them?  #healthyskin"", ""Your hairstyle could be affecting your skin more than you think! \ud83d\udc40  #healthyskin #skincare"", ""5 Common Underarm Skin Issues & When to See a Dermatologist"", ""Your nails might be trying to tell you something. \ud83d\udc40\ud83d\udc85  #healthyskin #skincare #skincareroutine"", ""Don't copy celebrity skincare  #healthyskin #skincare #skincareroutine"", ""Skin Cycling Explained | Beginner Skincare Routine For Healthy Skin"", ""There\u2019s no single \u201cperfect\u201d hairline. \u2728  #healthyskin #skincare #skincareroutine"", ""That itch you keep moisturizing instead of treating? It might not be dry skin at all!"", ""\u0939\u0930 Lip Problem \u0938\u093f\u0930\u094d\u092b Dryness \u0928\u0939\u0940\u0902 \u0939\u094b\u0924\u0940! \ud83d\udc44 | Lip Care \u0915\u0947 \u092f\u0947 Signs Ignore \u092e\u0924 \u0915\u0930\u0947\u0902""]",Not Found,Not Found,Not Found,Not Found,Not Found,Not Found,Not Found,IN,Not Found,2026-09-30T11:39:29Z,51.71,FAIL,"[""followers outside configured range or unavailable"", ""engagement rate below threshold or unavailable""]",Indian skincare routine,2026-10-01T18:04:38.784821+00:00
UCY8_dGcI9KlkaDBM9yNSI3Q,Sassy and glossy,YouTube,https://www.youtube.com/channel/UCY8_dGcI9KlkaDBM9yNSI3Q,13.0,307.57142857142856,0.0373010931822089,"skincare, makeup, beauty, fashion, haul","skincare, makeup, beauty, fashion, haul","[""#DIY Face mist for glowing skin | How to make face mist at home #beautyhacks"", ""Easy Skincare routine! For natural glowing skin | Tips for indian skincare."", ""Best creams available in India. Best face cream, hand cream sunscreen&body lotion for all skin types"", ""AliExpress Haul! Affordable makeup products, brushes etc."", ""How to solve a rubik's cube in just 6 steps! Full tutorial Step by step in hindi |Universal"", ""#DIY Hand cream for dry hands and feet| DIY hand cream for winters with only 4 ingredients"", ""My top 10 favorite nude/fall lipsticks of 2018! Best nude lipsticks available in India #nykaa #lakme""]",Not Found,Not Found,Not Found,Not Found,Not Found,Not Found,Not Found,IN,Not Found,2020-08-02T12:26:33Z,51.11,FAIL,"[""followers outside configured range or unavailable"", ""last upload is older than configured activity window""]",Indian skincare routine,2026-10-01T18:04:38.784821+00:00
UC4Houd7MMz22SnOypCCuEvQ,Gloderm Skincare,YouTube,https://www.youtube.com/channel/UC4Houd7MMz22SnOypCCuEvQ,18.0,18.6,0.1626271876271876,"skincare, makeup, style","skincare, makeup, style","[""Skin barrier@glodermSkincare"", ""Double cleansing @glodermskincare"", ""5 mistakes @gloderm skincare"", ""Micellar water @GlodermSkincare "", ""Moisturizer @glodermskincare"", ""Suncreen @gloderm skincare"", ""Soap vs facewash@gloderm skincare"", ""Vitamin E @GLODERM SKINCARE"", ""Liquorice extract @gloderm skincare"", ""\ud83c\udf4a Why is Vitamin C one of the most talked-about skincare ingredients?""]",Not Found,Not Found,Not Found,Not Found,Not Found,Not Found,Not Found,Not Found,Not Found,2026-10-01T07:41:01Z,80.0,FAIL,"[""followers outside configured range or unavailable""]",Indian skincare routine,2026-10-01T18:04:38.784821+00:00
UCQl4fW1H5OY2b4j8qqs_2KQ,VauriiC Skincare,YouTube,https://www.youtube.com/channel/UCQl4fW1H5OY2b4j8qqs_2KQ,122.0,456.3,0.0135392822027462,"skincare, beauty","skincare, beauty","[""VauriiC Stress relief body oil video"", ""South Actress Presents CC Cream #beautyhacks"", ""VauriiC's Face Mask"", ""What is Skin Immunity?  #beautyhacks #skincare #healthyskin"", ""VauriiC Skincare's CC Cream #skincare #beautyhacks"", ""Best Body Brightening Cream By VauriiC SkinCare"", ""VauriiC Pink Clay Face Mask for Deep Clean"", ""Amazing Gift From VauriiC.Comc #healthyskin #beautyhacks"", ""Revitalize Your Skin with VauriiC's Clay Face Mask | Skincare Routine"", ""Enhance Your Beauty with India's First Microbiome Friendly SkinCare Brand""]",Not Found,Not Found,Not Found,Not Found,Not Found,Not Found,Not Found,IN,Not Found,2024-05-27T05:36:45Z,34.48,FAIL,"[""followers outside configured range or unavailable"", ""last upload is older than configured activity window""]",Indian skincare routine,2026-10-01T18:04:38.784821+00:00
UC0JvrsS75adV6w4QFGoNvow,Vaishnavi Kashish,YouTube,https://www.youtube.com/channel/UC0JvrsS75adV6w4QFGoNvow,269000.0,221974.4,0.0410437494148448,"haul, hair, style, grwm","haul, hair, style, grwm","[""5 Emergency Must Have For School/College Girls\u274c\ud83e\ude92\ud83d\udcda\ud83d\ude0d#shorts #ytshorts #school #musthave #hygiene"", ""My Real Everything Shower Routine\ud83d\udec0\ud83d\ude0d\ud83e\udea3\ud83e\ude77#shorts #ytshorts #school #shower"", ""5 Uncommon Must Have For School/College Girlies\ud83d\ude0d\ud83d\udcda\u274c\ud83d\udebd#shorts #ytshorts #school #college #stationery"", ""5 Daily Night Habits For School/College Students\ud83d\ude0d\ud83e\udea3\ud83d\udcda\ud83e\udef5\ud83c\udffb#shorts #ytshorts #school #nightroutine"", ""GRWM For School (Replying Hate Comments)\ud83e\udef5\ud83c\udffb\ud83d\udcda\ud83d\ude21#shorts #ytshorts #school #grwm #afterschool"", ""5 Must Have BODYCARE PRODUCTS For School/College Girlies\ud83e\udef5\ud83c\udffb\ud83e\ude77\ud83d\udcb8#shorts #ytshorts #school #bodycare"", ""5 Things You Should Clean Regularly As School/College Girl\ud83e\udd2e\ud83d\udca6\ud83d\udcda\ud83e\udef5\ud83c\udffb#shorts #ytshorts #school"", ""My Hair Blow Dry Routine At Home\ud83e\udef5\ud83c\udffb\ud83d\ude0d\ud83e\ude77#shorts #ytshorts #blowdryer #haircare #hairstyle #school"", ""5 Exam Mistakes Everyone Should Avoid\u274c\ud83e\udef5\ud83c\udffb\ud83d\udcda\ud83e\udd72#shorts #ytshorts #school #exam #afterschool #college"", ""Farsi Suit Salwar Sets\ud83e\ude77\ud83d\ude0d\ud83c\udf37#shorts #ytshorts #farsi #meesho #haul""]",business.vaishnavi1@gmail.com,channel description,Not Found,Not Found,Not Found,Not Found,Not Found,Not Found,Not Found,2026-10-01T13:47:11Z,73.73,FAIL,"[""followers outside configured range or unavailable""]",Indian skincare routine,2026-10-01T18:04:38.784821+00:00
UCjGWbDjyy_qxpC5TU_d3ADg,White Wolf Skincare,YouTube,https://www.youtube.com/channel/UCjGWbDjyy_qxpC5TU_d3ADg,0.0,42.9,0.0,"skincare, makeup, beauty, hair, style","skincare, makeup, beauty, hair, style","[""Smooth Skin Without Waxing? Try White Wolf Hair Removal Spray #skincare #hairremoval #smoothskin"", ""Dark Lips? This SPF Lip Balm Has You Covered! #lipbalm"", ""The Signature Scent Every Man Needs \ud83d\udd25\ud83d\udc3a #perfume"", ""Hydration That Hits Different \ud83d\udca7 | White Wolf Hydro Booster Gel / #skincare #skincaretips"", ""SPF 50 protection, brighter skin, even tone #skincare"", ""ow in Seconds \u2728 White Wolf Skin Tint Moisturiser SPF 15 | Natural No-Makeup Look #skincare"", ""Breaking News: Jealousy reached a new level! \ud83d\ude31"", ""Luxury Scent That Commands Attention | White Wolf #perfume #longlastingperfume"", ""How to Lighten Dark & Tanned Lips Fast! \u2600\ufe0f\ud83d\udc44 #shorts"", ""This Perfume Speaks Before You Do | White Wolf""]",Not Found,Not Found,Not Found,Not Found,Not Found,Not Found,Not Found,Not Found,Not Found,2026-09-24T07:43:15Z,43.44,FAIL,"[""followers outside configured range or unavailable"", ""engagement rate below threshold or unavailable""]",Indian skincare routine,2026-10-01T18:04:38.784821+00:00
UCKMp4obnRycW_3DMrH3yePQ,meghamukherjee.Beauty ,YouTube,https://www.youtube.com/channel/UCKMp4obnRycW_3DMrH3yePQ,6770.0,2009.9,0.0091858892198396,"skincare, makeup, beauty, hair, style, cosmetics","skincare, makeup, beauty, hair, style, cosmetics","[""BBlunt hair color in Wine Deep Burgundy 4.20 Part 2 | How to color your hair at home #ashortaday"", ""Lip plumber but comfortable | Masaba Gupta LoveChild plumping lip oil"", ""I Exfoliated Once \u2014 Look What Happened to My Skin | PAC melon exfoliator #skincare"", ""PCOS Acne & Acne Marks | My Personalised Skincare Routine with Cure App #ashortaday"", ""Dark Spots, Acne Marks & Pigmentation? Try Suroskie Spotless TXA Capsule Cream"", ""How to get glowing skin? FAE beauty has got you covered under \u20b9600 #ashortaday"", ""5 Pink blushes worth buying | blush recommendations #ashortaday #makeup"", ""New Garnier Sorbet Creams| light cream for oily skin in summer Vitamin C, Niacinamide,Salicylic acid"", ""Best lipstick shades for Indian skin tones , fair to medium | Affordable lipsticks under \u20b91000"", ""BBlunt hair color in Wine Deep Burgundy 4.20 | How to color your hair at home #ashortaday""]",Not Found,Not Found,Not Found,Not Found,Not Found,Not Found,Not Found,IN,Not Found,2026-09-30T15:56:21Z,71.21,FAIL,"[""engagement rate below threshold or unavailable""]",Indian skincare routine,2026-10-01T18:04:38.784821+00:00
UCCL_8986mQNfIlKNGhSwOgg,A V N I,YouTube,https://www.youtube.com/channel/UCCL_8986mQNfIlKNGhSwOgg,452000.0,2988.5,0.0191178035360843,"skincare, makeup, beauty, hair, style, grwm","skincare, makeup, beauty, hair, style, grwm","[""Teenage \u0938\u0947 \u092e\u0947\u0930\u093e Favorite DIY Face Pack| Multani Mitti Face Pack for Glowing Skin \u2728| Natural Skincare"", ""\ud83c\udf38 Aesthetic Daily Routine Vlog | Self Care, Glow Up & Peaceful Day \u2728 Avni | Mini Vlog #minivlog"", ""Why Your Face Looks Puffy? Facial Lymphatic Drainage Massage for Jawline & Glow"", ""Double Chin \u0915\u0948\u0938\u0947 \u0915\u092e \u0915\u0930\u0947\u0902? \ud83d\ude31 Best Face Exercise for Sharp Jawline | Face Yoga #Shorts"", ""Tan Removal Scrub At Home| \u0938\u094d\u0915\u093f\u0928 \u0915\u0947\u092f\u0930 \u091f\u093f\u092a\u094d\u0938 | Avni Skin Care | Orange Peel Scrub For Bright Skin"", ""Deep Cleaning My Beauty Tools at Home \ud83e\udee7\ud83c\udf3f | Hygiene Routine for Clear Skin #haircareroutine"", ""Sheesha trend but with full desi energy \ud83d\udc83 #dancevideo #vlogvideo #dancechallenge"", ""Powerful Skincare Hacks for Natural Glow | Face Mapping, Detox, Ghee Therapy & Ayurvedic Secrets "", ""#GRWM Wore My Wedding Saree After 10 Years \ud83d\ude0d GRWM Glow Up #weddingsarees"", ""Natural Skin Detox at Home | Salt Lemon Steam Therapy | Avni #glowingskintips #clearskinnaturally""]",Not Found,Not Found,Not Found,Not Found,Not Found,Not Found,Not Found,IN,Not Found,2026-08-12T16:09:18Z,47.27,FAIL,"[""followers outside configured range or unavailable""]",Indian skincare routine,2026-10-01T18:04:39.197972+00:00
UCYAASIa27FwdQHOi5LSWguA,Gayathri K,YouTube,https://www.youtube.com/channel/UCYAASIa27FwdQHOi5LSWguA,151.0,336.1,0.0294759111258601,"skincare, beauty, hair","skincare, beauty, hair","[""Cream for Shinning and Glass Skin #shorts"", ""Glyco6 cream Glycolic acid 6%cream use #skincare #acne"", ""Before You Buy glycolic acid 6%cream Glow or Demage? \ud83d\udcaf Honest Review "", ""Foods That Increase Your Collagen production #health"", ""Cetaphil gentle cleanser for dry skin"", ""basic skincare routine for healthy skin beginners skincare"", ""underarm darkness best remedy  causes  treat  and cure"", ""Bare Anatomy Anti-Dandruff Shampoo Review in Tamil | Dandruff \u0baa\u0bcb\u0b95\u0bc1\u0bae\u0bbe? \u0b87\u0bb2\u0bcd\u0bb2\u0bc8\u0baf\u0bbe? "", ""Mamaearth vitamin c moisturizing lotion soap worth of buying vitamin c result "", ""skin tan removal using natural aloevera gel #aloevera gel skin brighten scar removal #whitening""]",Not Found,Not Found,Not Found,Not Found,Not Found,Not Found,Not Found,IN,Not Found,2026-07-06T10:39:10Z,46.3,FAIL,"[""followers outside configured range or unavailable""]",Indian skincare routine,2026-10-01T18:04:39.197972+00:00
UCPHPmMIjONVvY5QVGbJ365w,Archee Gupta,YouTube,https://www.youtube.com/channel/UCPHPmMIjONVvY5QVGbJ365w,3230.0,1488.3,0.0319694478254696,"skincare, makeup, beauty, fashion, cosmetics","skincare, makeup, beauty, fashion, cosmetics","[""Monthly Favourites \u2764\ufe0f- Sept\u201926 Edition \ud83d\uddd3\ufe0f"", ""SooBooJi Skin Decoded\ud83c\udfd6\ufe0f - Oily Dehydrated Skin\ud83d\udc9b"", ""The only MAKEUP PRODUCTS you need for GLAM Season 2026\ud83e\udd0c\ud83c\udffb\u2728"", ""Those 2 AM Thoughts\ud83e\udd7a for acne prone skin\ud83e\udda0 #shorts"", ""Lipsticks that look good without Makeup - Part 2"", ""Reflecting on Life while I turn 26 \ud83e\ude9e:  A very personal one\ud83d\udc96"", ""Advanced Depigmenting \ud83d\udd25: BEST ACTIVE COMBOS for faster results\ud83e\udef6"", ""Everything PDRN \ud83d\udc20: What is it + Reviews \ud83e\udd8b"", ""Raat ki bchi Roti \u27a1\ufe0f Tasty Breakfast \ud83c\udf2e #mujhebasyehibnanaatahai #cooking"", ""Reviewing ALL the Lip Products from MARS COSMETICS \ud83d\udc84""]",archeeprof@gmail.com,channel description,Not Found,Not Found,Not Found,Not Found,Not Found,Not Found,Not Found,2026-09-30T17:14:03Z,67.16,FAIL,"[""followers outside configured range or unavailable""]",Indian skincare routine,2026-10-01T18:04:39.197972+00:00
UCrbR4fvHg1hU4ITLNTjopJg,SIX:AM,YouTube,https://www.youtube.com/channel/UCrbR4fvHg1hU4ITLNTjopJg,118.0,148.1,0.0017996472874521,"skincare, makeup, style","skincare, makeup, style","[""Reset your skin. Refresh your mind with the Double Duty Cleanser \ud83d\udc86\u200d\u2640\ufe0f\ud83c\udf3f"", ""Protect. Nourish. Glow with the Daily Call Sun Serum \u2600\ufe0f\u2728"", ""SIX:AM Brand Video"", ""Win Win Product Infot"", ""Get Up & Glow Duo - DD & CGO"", ""Pivot The Pores - Intro"", ""Chief Glow Officer - Intro"", ""Get.Set.Glow Starter Kit"", ""The X you'd want in your life!"", ""Meet your cleansing BFF!""]",Not Found,Not Found,Not Found,Not Found,Not Found,Not Found,Not Found,IN,Not Found,2025-09-10T06:10:27Z,26.26,FAIL,"[""followers outside configured range or unavailable"", ""engagement rate below threshold or unavailable"", ""last upload is older than configured activity window""]",Indian skincare routine,2026-10-01T18:04:39.197972+00:00
UCGiTQEPFMB1RVOwbziMhFgA,Shalini Mandal,YouTube,https://www.youtube.com/channel/UCGiTQEPFMB1RVOwbziMhFgA,526000.0,147291.4,0.0264962633474738,"skincare, makeup, beauty, fashion, hair, style","skincare, makeup, beauty, fashion, hair, style","[""you DON'T SUCK at doing FESTIVE MAKEUP,  it's your BORING KAJAL eye-makeup \ud83d\ude36\u200d\ud83c\udf2b\ufe0f | brown skin MAKEUP"", ""This HURTS more than a BREAKUP \ud83d\udc94 WASTED my MONEY \ud83d\ude1e\ud83d\ude2d #hudabeauty #viralmakeup"", ""Video Vs PHOTOS ( watch BROWN SKIN in golden hour sunset\ud83c\udf07 ) #brownskinmakeup"", ""you are NOT UGLY, your POOR MAKEUP routine is..(How to LOOK GOOD after MAKEUP)| brown skin makeup \ud83d\udc8b"", ""stealing BEAUTY INFLUENCER @HimadriPatel skincare routine \u2728\ud83d\udc97 #skincare #beautyproducts"", ""getting ready for *GANPATI* in MUMBAI with my sister@HimadriPatel\u2728\ud83e\ude94 #grwu #ganpati"", ""WHAT happened LAST MONTH in LIVING ALONE series | rakhi, pottery, cleaning, SAMMY got new iPhone \ud83d\udcf2"", ""YOU DON\u2019T always NEED AI to serve \u201880 look \ud83d\udd25 #trend #aitrends #80svibes"", ""Trying to STYLE MY LONG frizzy hair \ud83d\udc87\u200d\u2640\ufe0f\ud83d\udd25 #hairroutine"", ""Your new FULL-COVERAGE obsession \ud83e\udd0c\u2728 #makeup #foundation #musthaves""]",Not Found,Not Found,Not Found,Not Found,Not Found,Not Found,Not Found,IN,Not Found,2026-09-30T15:29:05Z,63.33,FAIL,"[""followers outside configured range or unavailable""]",Indian skincare routine,2026-10-01T18:04:39.197972+00:00
UCwc6P4ALubzC8Ip_elwNz6g,NAME UD,YouTube,https://www.youtube.com/channel/UCwc6P4ALubzC8Ip_elwNz6g,91.0,127.0,0.1522296861926452,"skincare, fashion, outfit, hair, style","skincare, fashion, outfit, hair, style","[""Easy Remove Blackheads Whiteheads Permanently #skincare #blackheads #shorts"", ""Best Outfit To Look Taller #mensfashion #menswear #shorts"", ""Facewash Under 130/- Rupees \ud83d\ude0d #skincare #facewash #bestfacewash #shorts"", ""Cargo Jeans Only 336/- Rupees \u2705 #mensfashion #summerfashion #shortsvideo #shorts"", ""Basic Skin care Routine For Glowing Skin \u263a\ufe0f #skincare #facecare #skincareroutine #shorts"", ""Classic Look For Date \ud83c\udf39 #mensfashion  #menswear #fashion #shorts"", ""Fashion Ko Follow Kro \ud83d\udc4d\ud83c\udffb #shortsvideo #shorts #mensfashion"", ""Golden Glow On Ur Face Within 15 Rupees \ud83d\udc4d\ud83c\udffb #skincare #facemask #shorts"", ""Must Try This Trend || Casual Shirts  #casualoutfits #shorts"", ""Remove Black And White Heads At Home #homeremedies #shorts #skincare""]",Not Found,Not Found,Not Found,Not Found,Not Found,Not Found,Not Found,IN,Not Found,2024-06-06T02:15:16Z,60.0,FAIL,"[""followers outside configured range or unavailable"", ""last upload is older than configured activity window""]",Indian skincare routine,2026-10-01T18:04:39.197972+00:00
UCiAANGf1n6RF1umyXQQE2LQ,Women's Beauty World,YouTube,https://www.youtube.com/channel/UCiAANGf1n6RF1umyXQQE2LQ,152.0,231.9,0.1202251422136735,"skincare, makeup, beauty, fashion, hair, style","skincare, makeup, beauty, fashion, hair, style","[""\u091d\u093e\u0907\u092f\u094b\u0902 \u0915\u093e \u092a\u094d\u0930\u093e\u0915\u0943\u0924\u093f\u0915 \u0907\u0932\u093e\u091c#makeup #makeup#viral #shortsfeed  #skincare#makeuptutorial #skincareroutine"", ""eyebrow hack #makeuptutorial #makeup #makeover #makeupremoverhack #reels #viral #shortsfeed"", ""Mehandi Vibes #makeup #makeuptutorial #beautytutorial #hack #mehndi#mehandi #mehndidesign"", ""eye makeup hack \u2764\ufe0f #makeup #makeuptutorial #sorts #hack #trendingshorts #eyes #eyemakeup #youtube"", ""nail art #makeup #makeuptutorial #hack #sorts #reels #parlour #trendingshorts #status #viralreels"", ""Nail Art#makeup#love #naildesign #viral#short  #makeuptutorial#nailart #beautytips#beauty #instagram"", ""Nude lipstick \u0915\u0948\u0938\u0947 \u092a\u0939\u091a\u093e\u0928\u0947\u0902 #makeup #hack #makeuptutorial #lipsticktutorial #sorts #viral"", ""use lash glue #love #sorts #makeup#beautiful #beauty #trending #trendingshorts #youtubeshorts"", ""\""Turn your special day into a masterpiece \ud83d\udc84 #engagementmakeup #wedding #party"", ""Soft glam, radiant heart - engagement ready by Women's Beauty # engagement makeup""]",Not Found,Not Found,Not Found,Not Found,Not Found,Not Found,Not Found,IN,Not Found,2026-01-15T13:01:08Z,60.0,FAIL,"[""followers outside configured range or unavailable"", ""last upload is older than configured activity window""]",Indian skincare routine,2026-10-01T18:04:39.197972+00:00
UCX1J9NojtA8tJlf7a5vHqOg,SkinbySan,YouTube,https://www.youtube.com/channel/UCX1J9NojtA8tJlf7a5vHqOg,937.0,1186.1,0.0097576675154686,"skincare, makeup, beauty, hair, cosmetics, grwm","skincare, makeup, beauty, hair, cosmetics, grwm","[""full face makeup kit under \u20b9300 #makeup #indianmakeup #affordablemakeup"", ""If you shave everyday \ud83e\ude92watch this\ud83d\ude13#bodyhair #bodyhairremoval #namyaa"", ""Clean girl makeup look @mywishcare  products#cleangirlaesthetic #cleangirlmakeup #cleangirl"", ""@dotandkeyskincare launched 15 shades of tinted sunscreen #tintedsunscreen #viral #trending"", ""shades that looks gorgeous on brown skin #lipstick #lipstickswatches #mamaearth"", ""GRWM \ud83c\udf38south Indian traditional makeup #makeuptutorial #grwm #southindian"", ""wedding eyelook under 1 minute #eyelooktutorial #eyemakeuptips #glittereyemakeup"", ""tested clayco matcha enzyme scrub \ud83c\udf75#scrub #skincare #matcha #indianskincare"", ""Dark circles concealer hack #beginnerfriendly #makeuphacks #makeuptips #concealerhacks"", ""Honest face wash review @SwissBeautyCosmetics #facewash #cleanskin #facewashroutine""]",saravanansanthoshini003@gmail.com,channel description,Not Found,Not Found,Not Found,Not Found,Not Found,Not Found,Not Found,2026-09-27T12:51:32Z,50.94,FAIL,"[""followers outside configured range or unavailable"", ""engagement rate below threshold or unavailable""]",Indian skincare routine,2026-10-01T18:04:39.197972+00:00
UCHGbddi0fu6duXE-Pd9RC5w,Sonika Gupta,YouTube,https://www.youtube.com/channel/UCHGbddi0fu6duXE-Pd9RC5w,142.0,799.8,0.0152050857171519,"skincare, makeup, beauty, hair, style","skincare, makeup, beauty, hair, style","[""Find Your Perfect Serum Match \u2728#SkincareGuide#SerumGuide#SkincareTips#SkincareRoutine#OilySkinCare"", ""Stop Overcomplicating Skincare \ud83c\udf66\u2728Simple Routine Guide#SkincareRoutine#SkinCareTips#GlowWithKnowledge"", ""Confused ho kaunsa serum use kare? \ud83e\udd14\u2728 Save This Skincare Guide!#SkincareGuide #SerumGuide #Skincare"", ""Meet Your Skin: 3 Layers That Protect You Daily#SkinCare#SkinLayers#Epidermis#Dermis#Hypodermis#skin"", ""7Steps Night Routine Every Girl Should Follow#nightcareroutine #nightcare #selfcareroutine#bodycare"", ""7 Simple Food Tips for Healthy Skin & Hair #indianskincare #skincare #beautytips#fruit#healthyfoods"", ""\u274c Daily Habits That Cause Pimples (Stop These Now!)#DailyHabits#PimpleCare#AcneCauses#ClearSkin"", ""Beauty & Wellness Knowledge \u2013 Science ke Saath(Skin | Hair | Pimples |BodyCare)#beautywithknowledge"", ""Why You Should Always Remove Your Bra Before Sleeping \ud83e\udd0d\u201d#beautytips #skincare #skinhacks"", ""BEST DIY HAND MASK \u2728 | Soft, Clean & Smooth Hands Naturally#handcareroutine #handmask #softhands""]",Not Found,Not Found,Not Found,Not Found,Not Found,Not Found,Not Found,Not Found,Not Found,2026-02-18T14:01:28Z,35.64,FAIL,"[""followers outside configured range or unavailable"", ""last upload is older than configured activity window""]",Indian skincare routine,2026-10-01T18:04:39.197972+00:00
UCz3yLP_63OUzsBcT0n3xcxA,WOW Skin Science India,YouTube,https://www.youtube.com/channel/UCz3yLP_63OUzsBcT0n3xcxA,103000.0,398333.1,0.0028756127356506,"skincare, beauty, hair","skincare, beauty, hair","[""Hyaluronic Hair Hydration Trio by WOW Skin Science | Deep Moisture, Smooth Shine"", ""Hyaluronic Hair Hydration Trio by WOW Skin Science | Deep Moisture, Smooth Shine"", ""Korean Bamboo Gel HONEST REVIEW | Wow Skin Science"", ""Tried WOW\u2019s Bamboo Gel So You Don\u2019t Have To!"", ""Tried WOW\u2019s Bamboo Gel So You Don\u2019t Have To!"", ""Wow Korean Bamboo Gel Review | 99% Bamboo Extract & Peptides"", ""Glow check \u2705 Sunscreen check \u2705"", ""Say goodbye to excess oil and hello to fresh, shine-free skin! \ud83c\udf3f\u2728"", ""From lab to your shelf \u2728"", ""Thirsty skin? Not anymore. One layer of Dewy Bright Sunscreen Gel = instant fresh, hydrated glow \u2728""]",Not Found,Not Found,Not Found,http://www.buywow.com,Not Found,Not Found,Not Found,IN,Not Found,2025-11-11T17:54:39Z,27.01,FAIL,"[""followers outside configured range or unavailable"", ""engagement rate below threshold or unavailable"", ""last upload is older than configured activity window""]",Indian skincare routine,2026-10-01T18:04:39.197972+00:00
UCXk9v_kCE7ukW1VTNZdR6jg,Claymi Skincare,YouTube,https://www.youtube.com/channel/UCXk9v_kCE7ukW1VTNZdR6jg,14.0,108.5,0.0492798055470932,"skincare, makeup, beauty","skincare, makeup, beauty","[""Glow That Speaks for You \u2728 Skincare That Actually Works #claymiskincare #punchmonkey"", ""Simple Skincare That Works #claymiskincare #skincareproduct #indianskincare #dermatologistapproved"", ""Celebrities' Glowing Skin Secret? #claymiskincare #brighteningcream #dermatologistapproved"", ""SPF Routine for Everyday Glow | Inspired by #koreanskincare #skincareingredient #skincareproduct"", ""Gift Your Bestie Skincare That Feels Like Love #claymiskincare #skincareproduct #skincareroutine"", ""Healthy Skin Begins Here Your Daily Skincare Prep Routine #koreanskincare #skincareproduct #skincare"", ""Clear Skin Starts with the Right Ingredients #Salicylic Acid #Niacinamide #Azelaic"", ""Acne to Clear Skin Influencer\u2019s Honest Results with Claymi Serum #acnetreatment #serumacne #skincare"", ""Gentle Cleansing Starts with the Right Ingredients #claymiskincare #skincareroutine #niacinamide"", ""Best Gentle Face Wash for Hydrated, Bright Skin \u2013 Claymi Niacinamide & Panthenol #claymiskincare""]",Not Found,Not Found,Not Found,Not Found,Not Found,Not Found,Not Found,IN,Not Found,2026-04-10T12:01:03Z,59.5,FAIL,"[""followers outside configured range or unavailable"", ""last upload is older than configured activity window""]",Indian skincare routine,2026-10-01T18:04:39.197972+00:00
UCH4Zbm7tPIf-X1JVnstC2dA,SKINCARE-x100,YouTube,https://www.youtube.com/channel/UCH4Zbm7tPIf-X1JVnstC2dA,3.0,71.9,0.0685822781480315,"skincare, beauty, style","skincare, beauty, style","[""Korean Skin Care Day 1 \ud83d\ude0d | Glow Up Start \u2728 Korean Skin Routine Hindi"", ""\u0921\u0932 \u0938\u094d\u0915\u093f\u0928 \u0915\u094b \u0915\u0939\u0947\u0902 \u092c\u093e\u092f-\u092c\u093e\u092f! \u2728 100% \u0928\u0947\u091a\u0941\u0930\u0932 \u0928\u0941\u0938\u094d\u0916\u093e #viral#shorts"", ""welcome to my fast Blog"", ""My New Skincare Secret revealed! \ud83e\udd2b #GlassSkin #newshort #new #viral #shorts"", ""7 Din Me Payein Glass Skin My Top 5 Must-Have Skincare \u2728#skincaretipsinhindi #facts#shortsfeed"", ""Best Night Skincare Routine\u2728#shortsfeed #youtubeshorts #trending #viralshorts #skincaretips2026"", ""Get Glass Skin in 7 Days: Proven Skincare Routine\""\u00a0(7 \u0926\u093f\u0928\u094b\u0902 \u092e\u0947\u0902 \u0915\u094b\u0930\u093f\u092f\u0928 \u091c\u0948\u0938\u0940 \u0924\u094d\u0935\u091a\u093e)#skincaretips"", ""skin care ke desi nuskhe#skincare #viralshorts#shorts #viral"", ""5 Herbal Remedies for Glowing Skin \ud83c\udf41\u2728#shorts #trending #viral #skincaretips"", ""\ud83d\udc49 \u201cLadke/Ladki dono ke liye \ud83d\ude33 | 2 Product se Face Glow!\u201d #glowyskin #faceglow #youtubeshorts""]",Not Found,Not Found,Not Found,Not Found,Not Found,Not Found,Not Found,Not Found,Not Found,2026-05-22T08:58:29Z,60.0,FAIL,"[""followers outside configured range or unavailable"", ""last upload is older than configured activity window""]",Indian skincare routine,2026-10-01T18:04:39.197972+00:00
UCbYVoy0mgLOmfkta61yW9cQ,skincare with shona,YouTube,https://www.youtube.com/channel/UCbYVoy0mgLOmfkta61yW9cQ,27.0,484.1,0.0344455845817775,"skincare, beauty","skincare, beauty","[""WAXED Body Wax powder \ud83e\udef6\ud83c\udffb #bodycare #youtubeshorts #bodycareroutine #fyp #shorts #viralreels #beauty"", ""SkinInspired Retinol Night Cream \u2728Anti-aging | Wrinkles & fine lines #retinol#glowingskin#antiaging"", ""Hidden gem premium glow serum I recently discovered \ud83d\udca7\u2728 #youtubeshorts #faceserum #glowserum #fyp"", ""Sanfe tan removal, dark spots Brightening Soap \ud83e\udee7\ud83e\uddfc#soap#darkspotstreatment #youtubeshorts #viralreels"", ""Eid glow series episode: 04 Dark circles & mouth darkness remedy \u2728Try this simple home tip!"", ""Beetroot face pack for pink glowing skin #shorts #viral #trending #youtubeshorts"", ""Asaya Sheer Milk Sunscreen #asaya #skincare #sunscreen #spf #ytshortsindia #spf50 #viralreels"", ""Beetroot eid special face pack for glowing skin \u2728#beetroot #facepack #youtubeshorts #shorts #glowup"", ""Eid glow series Ep1 , Homemade Brightening Cleanser \ud83e\udef6\ud83c\udffb\u2728 #youtubeshorts #skincare #eidspecial"", ""Simple home remedy for dull skin \ud83d\udc97#glowingskin #homeremedies #skincaretips #indianskincare #glowy""]",Not Found,Not Found,Not Found,Not Found,Not Found,Not Found,Not Found,Not Found,Not Found,2026-04-12T09:19:40Z,49.11,FAIL,"[""followers outside configured range or unavailable"", ""last upload is older than configured activity window""]",Indian skincare routine,2026-10-01T18:04:39.197972+00:00
UCj048BbykkLlBdi7rPkZMFQ,Style And Strike By Tamanna,YouTube,https://www.youtube.com/channel/UCj048BbykkLlBdi7rPkZMFQ,262000.0,1234.6,0.015991999884407,"skincare, makeup, beauty, style","skincare, makeup, beauty, style","[""Swiss beauty Roll & Glow Body Oil / glitter body oil #bodyoil"", ""Best Lipstick for FESTIVE AND WEDDING SEASON / shade-rich rose/ dupe of fenty gloss stick"", ""Swiss beauty awaken range / KAJAL EYELINER AND MASCARA in budget"", ""Affordable lipstick that looks expensive / Swiss Beauty High Shine Lipstick Ultra nude"", ""Full Makeup under Rs 500 / ALL MAKEUP PRODUCTS UNDER 500 / MAKEUP FOR OFFICE OR SCHOOL"", ""\ud83d\udc49 3 Everyday Lipsticks You\u2019ll Want to Try \ud83d\udc8b | Nude, Rosy & Brown Shades #lipsticklover"", ""5 minutes easy makeup Look for dry skin with Maybelline bb cream"", ""Maybelline Super Stay Matte max cushion foundation Review and Wear Test"", ""Typsy beauty Cocoa Peptide Lipstick / Best Lipsticks for dry lips / Hydrating Lipsticks #typsybeauty"", ""Mars skinfit skin tint vs insight skin tint / comparison and review / Mars or Insight?""]",t.styleandstrike11@gmail.com,channel description,Not Found,Not Found,Not Found,Not Found,Not Found,IN,Not Found,2026-09-28T18:32:30Z,55.53,FAIL,"[""followers outside configured range or unavailable""]",Indian skincare routine,2026-10-01T18:04:39.197972+00:00
UCc2GIg0laubBtcLvKU4Ac1w,Veloura Hush,YouTube,https://www.youtube.com/channel/UCc2GIg0laubBtcLvKU4Ac1w,36.0,235.8,0.1002369401833615,"skincare, makeup, beauty, outfit, style, grwm","skincare, makeup, beauty, outfit, style, grwm","[""POV: The serum that gives your skin the glow it deserves \u2728\ud83c\udf6f #beautyofjoseon #ai #viral #fyp #views"", ""POV: your skin just found its new favorite \ud83d\udc96\u2728 #fyp #contentcreator #dotandkey #sunscreen #aivideo"", ""POV: Get Unready With Me \ud83c\udf19\u2728 Cozy Night Skincare Routine #shorts #explore #fyp #grwm"", ""YouTube Shorts Caption:POV: Fresh nails = instant confidence \ud83d\udc85\u2728 #shorts #ai #nail #viral"", ""Day 10/15 \ud83e\udee7 Deep Cleaning My Makeup Tools | AI ASMR \u2728#fyp #viral #ai#subscribe#creative #explorepage"", ""POV: Your dream PR package finally arrived \ud83d\udc40\ud83d\udce6\u2728#fyp #explore#viral#ai #darkcircleseremoveal #ordinary"", ""POV: I found my everyday sunscreen \u2600\ufe0f\ud83d\udca7 #shorts #fyp #review #viral #subscribe"", ""No plans, just skincare, GRWM & a coffee date \u2615\u2728 #grwm #minivlog #fyp #explorepage #aivideo #viral"", ""POV: My vanity came alive\u2026 \u2728\ud83d\udc84 | #ai #asmr #fyp #explore #subscribe #vanitymakeup"", ""Daulat hai, shohrat hai\u2026 par views? \ud83d\ude29\u2620\ufe0f\ud83d\udcc9 #shorts #fyp #viral #explore #support #aicreator""]",workwithvelouracreates@gmail.com,channel description,Not Found,Not Found,Not Found,Not Found,Not Found,Not Found,Not Found,2026-09-25T08:51:39Z,78.67,FAIL,"[""followers outside configured range or unavailable""]",Indian skincare routine,2026-10-01T18:04:39.197972+00:00
UCubKj477cGlr-KWkWEFKg1w,Divya Ramanathan,YouTube,https://www.youtube.com/channel/UCubKj477cGlr-KWkWEFKg1w,77.0,194.5555555555556,0.0798483239780771,"skincare, makeup, beauty","skincare, makeup, beauty","[""Beginners Skincare Routine | How to start a basic skincare regime"", ""How to create a simple yet business-like makeup look to work"", ""How to Design a simple Eye Look| Extremely Beginner Friendly| Step by step Tutorial in Detail"", ""My favorite and not so favorite Natural Indian Skincare Brands"", ""How to follow the REVERSE CONDITIONING TECHNIQUE?| Does it really work?"", ""How to get a Quick and Easy No Foundation Diwali Look | My Diwali Look 2019"", ""How to follow the PORE CLEANSING METHOD for Indian Skin to clear acne"", ""My 0 to 100 Fifteen Step Transformation | HD makeup for Indian Skintone"", ""Do we need another Indian Beauty Guru?""]",divthemua@yahoo.com,channel description,Not Found,Not Found,Not Found,Not Found,Not Found,IN,Not Found,2020-01-12T12:25:58Z,60.0,FAIL,"[""followers outside configured range or unavailable"", ""last upload is older than configured activity window""]",Indian skincare routine,2026-10-01T18:04:39.197972+00:00
UC445ZDlNTH2oZOt0HRLvz7A,Bubbli World,YouTube,https://www.youtube.com/channel/UC445ZDlNTH2oZOt0HRLvz7A,141.0,55830.8,0.0118690470683481,"skincare, makeup, beauty, hair, cosmetics","skincare, makeup, beauty, hair, cosmetics","[""Skincare For Life I Fear... \ud83d\ude05#trendingreels #fyp #skincarelover #ohpieceofcandy #viralreels"", ""How can this transferproof lipstick be just at \u20b9180? #lipstick #sugarpop #makeup"", ""Sunscreen which feels like nothing on skin! \ud83d\ude32 #sunscreen #dermaco #sunscreeneveryday"", ""Look at the before and after of this Maybelline Sky High Mascara! \ud83d\ude44 #mascara #maybelline #makeup"", ""Glow from within illuminator just at \u20b9250! \ud83e\udd11 \u2728\ufe0f"", ""How my brain humms while I do my skincare! \u263a\ufe0f #skincareblogger #skincaretherapy #skincarelover"", ""Love This Pink Nude Lip Crayon for my medium skin tone! @MARSCosmetics #smileplease #marscosmetics"", ""The most subtle water like gel lip tint - pk003  #etude #deardarlingliptint"", ""Obsessed With Nivea Fresh Blend Body Wash! #nivea #bodywash #niveabody"", ""Benzac AC 2.5% Gel: Your Acne-Fighting Ally! \ud83e\udd77 #acneskin #skincare #goodskin""]",bubbliworld@gmail.com,channel description,https://www.instagram.com/bubbli_world?igsh=MXUyeXhxYjVudml3MA==,Not Found,Not Found,Not Found,Not Found,Not Found,Not Found,2025-03-24T11:00:49Z,33.31,FAIL,"[""followers outside configured range or unavailable"", ""last upload is older than configured activity window""]",Indian skincare routine,2026-10-01T18:04:39.197972+00:00
UCDKJ9RPo94d1RbOkzpyNTZQ,Chitra Singh,YouTube,https://www.youtube.com/channel/UCDKJ9RPo94d1RbOkzpyNTZQ,594.0,4224.0,0.0198717503133638,"skincare, beauty","skincare, beauty","[""Day 3 Of Get The Glow Back Postpartum Series| Mom nutrition #postpartumjourney #motherhood"", ""How to Apply The Ordinary Peeling Solution| How to Use Aha BHa peel #skincaretips #momunity"", ""Day 2 Postpartum Glow Back series| toddler mom nutrition #momtruths #momunity  #postpartumjourney"", ""Postpartum Glow Back Series | Toddler Mother Life Vlog"", ""Make your baby eat broccoli this way #babyfoodrecipe #momblogger #broccoli"", ""How To Use Hyaluronic Acid Serum| Loreal Paris Hydrating Serum Review #skincaretips"", ""Skincare Memes | Men Doing Skincare #funnyvideo #indianbeautybloggers"", ""How To Use Exfoliating Drops | Indian Skincare Products"", ""How To Create Travel Skincare Routine #skincare #skincaretips"", ""Which serums to use for your skin type| Oily, Dry, Combination, Sensitive Skin #beautytips""]",Not Found,Not Found,Not Found,Not Found,Not Found,Not Found,Not Found,IN,Not Found,2026-03-26T16:28:30Z,38.91,FAIL,"[""followers outside configured range or unavailable"", ""last upload is older than configured activity window""]",Indian skincare routine,2026-10-01T18:04:39.197972+00:00
UCLXoRiMWKmnbwlTlqdJLaZQ,Haute & Chic,YouTube,https://www.youtube.com/channel/UCLXoRiMWKmnbwlTlqdJLaZQ,95.0,676.0,0.0179744476498448,"skincare, beauty","skincare, beauty","[""Haute & Chic Gentle Hydrating Cleanser Review  | Best Cleanser for Dry & Sensitive Skin?"", ""Haute & Chic Fresh Peach Face Wash Review  | Gentle Cleanser for Soft & Glowing Skin"", ""Christmas Skincare Glow \u2728 Festive Winter Skin Care Routine"", ""Complete Skincare Routine for Glowing Skin | Vitamin C, Cleanser & SPF 55"", ""Skincare Essentials for Daily Glow | Keep All Your Skin Secrets in One Bag #hauteandchic"", ""Haute & Chic Peach Face Wash | Get a Sweet Peach Glow in One Wash #hauteandchic"", ""Haute & Chic Sunscreen SPF 55 PA+++ | Lightweight, No White Cast, Perfect for All Skin Types"", ""Haute & Chic Vitamin B3 + C Face Wash Review | Get Instant Glow & Clear Skin #hauteandchic"", ""Say Goodbye to Winter Dryness  | Haute & Chic Mango Bliss Body Yogurt | Deep Moisture & Glow"", ""Turn Your Shower Into a Spa | Haute & Chic Lust Lavender Body Wash""]",Not Found,Not Found,Not Found,Not Found,Not Found,Not Found,Not Found,IN,Not Found,2026-02-19T02:15:04Z,37.58,FAIL,"[""followers outside configured range or unavailable"", ""last upload is older than configured activity window""]",Indian skincare routine,2026-10-01T18:04:39.197972+00:00
UC6xZ97xH-AGx3lIg16zH52A,Indian Beauty Nilofer,YouTube,https://www.youtube.com/channel/UC6xZ97xH-AGx3lIg16zH52A,24.0,102.55555555555556,0.0952553155565203,"skincare, makeup, beauty, haul, hair","skincare, makeup, beauty, haul, hair","[""5 best shampoos you have to try."", ""How To Get Rid Of Pimples || Product Recommendations || Do's and Don'ts"", ""Daily Skincare Routine For Oily Skin In Summer"", ""Night skin care routine for any season"", ""Top 5 uses of coconut oil for teens"", ""Top 5 uses of patanjali aloe vera gel."", ""All makeup products under 100 for teenagers."", ""Get fair skin at home in 15 days.\ud83d\udcaf%guarantee that it will work"", ""Daily Beauty Products for Teenage Girls under 100 rupees""]",Not Found,Not Found,Not Found,Not Found,Not Found,Not Found,Not Found,Not Found,Not Found,2018-06-02T12:46:07Z,60.0,FAIL,"[""followers outside configured range or unavailable"", ""last upload is older than configured activity window""]",Indian skincare routine,2026-10-01T18:04:39.197972+00:00
UCwQyJv4H8VhTYwzv5zf-tgQ,By Raisa & Rehan,YouTube,https://www.youtube.com/channel/UCwQyJv4H8VhTYwzv5zf-tgQ,282.0,7781.4,0.0168657485149802,"skincare, makeup, beauty, hair, cosmetics","skincare, makeup, beauty, hair, cosmetics","[""Gen z vs millennial winter skincare which one is your favorite? #skicare  #indianskincare #nostalgia"", ""Very Demure \ud83c\udf80 #sunscreen #spf #skincareindia"", ""Reviewing korean skincare in india \ud83c\uddee\ud83c\uddf3! #kbeauty #skincareindia #indianskincareblogger"", ""All in one makeup palette by mumbai @MARSCosmetics  lovingt #makeup #makeuppalette #indianbrand"", ""Comment your favorite #carlover #skincare #sunscreens #spf #indianskincare #MenSkincare"", ""Body sunscreens available in India #sunscreen #sunprotection #spf #sunscreens #indiansunscreen"", ""StuDying \ud83e\udd72\ud83e\udd21 #skincare #hair #haircare #mbbs #medicine #doctors #mbbsstudent #mbbslife #doctorlife"", ""VIRAL WHIPPED CREAM SUNSCREEN IN INDIA!!! Try ON"", ""Temporary hair colors in INDIAN MARKET? Let\u2019s see how it goes."", ""Indian bodywashes that helps a lot with body acne!  #skincare #beauty #bodycare #bodycaretips #bacne""]",Not Found,Not Found,Not Found,Not Found,Not Found,Not Found,Not Found,Not Found,Not Found,2025-01-25T18:41:42Z,36.81,FAIL,"[""followers outside configured range or unavailable"", ""last upload is older than configured activity window""]",Indian skincare routine,2026-10-01T18:04:39.197972+00:00
UCDOLKgP4KtsjRyEKLc7mhfA,#glowwithme..239,YouTube,https://www.youtube.com/channel/UCDOLKgP4KtsjRyEKLc7mhfA,4.0,385.8,0.0196812892541545,"skincare, makeup, beauty, haul","skincare, makeup, beauty, haul","[""THIS SHADE \ud83d\ude0d#Gege bear #Lipstick #makeup #beauty"", ""Faces canada Strobe cream \u2728\ufe0f/GLOW test \ud83d\udc97#shorts"", ""Must try ! #skincare #serum #oily skin \u2728\ufe0f"", ""I tried 4 facewash for oily skin \u2728\ufe0f Honest review #oily skin #facewash"", ""\""My current college skincare routine/ simple and affordable \u2728\ufe0f #skincare #glow up #mamaearth"", ""Smell good all day without expensive products \ud83d\udc95#body care #self care # Smell good # hygiene"", ""My Sunday skincare routine for glowing skincare \u2728\ufe0f/ simple DIY self care day # skincare #Sunday"", ""Affordable lipstick shades every girl needs \ud83d\ude0d # lipstick #makeup #beauty #Indian skin tone"", ""Things I bought Recently \ud83c\udf38#aesthetic #cutehaul #shopping # youtube shorts"", ""Small Shopping Haul But So Cute \ud83d\udc95 #shopping haul #aesthetic #haul #cute items""]",Not Found,Not Found,Not Found,Not Found,Not Found,Not Found,Not Found,Not Found,Not Found,2026-09-27T06:26:25Z,57.89,FAIL,"[""followers outside configured range or unavailable""]",Indian skincare routine,2026-10-01T18:04:39.197972+00:00
UCM9Q8gE_IwQmT5SWfaxCbkw,Dr.Balpreet kaur Grewal,YouTube,https://www.youtube.com/channel/UCM9Q8gE_IwQmT5SWfaxCbkw,88.0,345.3,0.0190353974792484,"skincare, hair","skincare, hair","[""right solutions for all skin problems"", ""LASER HAIR REDUCTION"", ""one word one skincare"", ""Is your mehendi causing allergy?"", ""\ud83e\udee7 Should you really wash your hair every day?Not necessarily."", ""Your 10-Step Skincare Routine Might Be Damaging Your Skin \ud83d\udc40 | Dermatologist Explains"", ""#skincare #skincareroutine"", ""hormonal acne"", ""5 August 2026"", ""25 July 2026""]",Not Found,Not Found,Not Found,Not Found,Not Found,Not Found,Not Found,Not Found,Not Found,2026-09-30T04:21:06Z,58.1,FAIL,"[""followers outside configured range or unavailable""]",Indian skincare routine,2026-10-01T18:04:39.197972+00:00
UCyWZ4HbDsS4SGlWdRINTyyA,Tanush_ka,YouTube,https://www.youtube.com/channel/UCyWZ4HbDsS4SGlWdRINTyyA,100.0,3176.1,0.0298549124734297,"skincare, makeup, beauty, style, cosmetics, grwm","skincare, makeup, beauty, style, cosmetics, grwm","[""Study Room Decor: DIY (cute pen holder) \u2728\ud83e\udeb7\ud83c\udf80\ud83d\ude0d#aesthetic #DIY #roomdecor #ytshorts  #shorts"", ""Part 2 - aesthetic study corner,(wall grid DIY)\ud83c\udf80\ud83d\ude0d#youtubeshorts #aesthetic #diy #roommakeover #yt"", ""I can\u2019t believe how aesthetic it turned out \u2728\ud83d\ude0d\u2060#studycorner\u2060 \u2060\u2060#roommakeover\u2060 \u2060#aesthetic #shorts"", ""Kal tumhe chura lungi \ud83d\ude09\u2764\ufe0f | Aesthetic Look #Shorts #grwm #youtubeshorts #newyoutuber #trending"", ""Deepika Padukone look #transition #transitionvideo #trending #explore #foryou #viral #makeup #love"", ""hooded eye makeup look\ud83d\ude0d\ud83d\udc85 #shorts #youtubeshorts #makeup #makeuptutorial#youtubeindia"", ""Let\u2019s do this South Indian makeup look \ud83e\udd0d\ud83e\udd0d #youtubeshorts #grwm #shorts #makeup#viralshorts"", ""Tried out the classic South Indian aesthetic\u2728\ud83d\udc85 #GRWM#TraditionalVibes#TamilSong#ReelsIndia"", ""Easy Makeup tutorial\ud83d\udc85\ud83d\udc84 #makeuptutorial #makeup #quickmakeup #shorts  #youtubeshorts"", ""Do this for glowing skin \u2728 #glowingskin #affordableskincare #minivlog #shorts #youtubeindia""]",Not Found,Not Found,Not Found,Not Found,Not Found,Not Found,Not Found,IN,Not Found,2026-10-01T09:31:29Z,65.9,FAIL,"[""followers outside configured range or unavailable""]",Indian skincare routine,2026-10-01T18:04:39.197972+00:00
UCR90AG3ZXs602UNBxbIRsvg,Glam Muskan ,YouTube,https://www.youtube.com/channel/UCR90AG3ZXs602UNBxbIRsvg,108.0,2742.7,0.0133614681953605,"skincare, makeup, beauty, fashion, haul, hair, style","skincare, makeup, beauty, fashion, haul, hair, style","[""Bride-To-Be? Save This Am Or Pm Routine #diy #viral #shorts  #ytshorts #bridal \ud83d\udc70\ud83c\udffb"", ""Bridal -To-Be Glow Routine \ud83d\udc70\ud83c\udffb|Glow Check \ud83d\udc9a #ytshorts #trending #diy #viral #shorts"", ""\ud83c\udf80 Little Moments of My Day #minivlog #trending #viral #shorts  #ytshorts"", ""How to shave Face #shorts #viralvideo #trending  #ytshorts #skincare"", ""Bride-To-Be Glow Routine \ud83d\udc70\ud83c\udffb\u200d\u2640\ufe0f\u2728 | DIY Ice Roller. #diy #shorts #ytshorts #viral #trending"", ""Dull skin? Try this DIY! \u2728\u201d Chia Seed glow hack! #shorts #ytshorts #trending #viral  #skincare"", ""DAY 4 GLOW CHECK \ud83d\udc70\ud83c\udffb\u200d\u2640\ufe0f\ud83d\udcab\u201cClean skin \u2192 Bridal glow #shorts  #ytshorts #viral #trending"", ""\ud83d\udc70\ud83c\udffb\u200d\u2640\ufe0f\u2728 Day 3 Bridal DIY | My Bridal Glow Journey \ud83d\udc9b #bridalglow  #fyp #shorts #fyp #ytshorts"", ""Bride-To-Be Bridal Glow \u2728 | Haldi Ubtan  #trending #diy #shorts #ytshorts #bridal"", ""Skin Whitening + Tan Removal at Home #ytshorts #tanremoval #india #fyp #beautytips""]",Not Found,Not Found,Not Found,Not Found,Not Found,Not Found,Not Found,IN,Not Found,2026-09-30T15:06:21Z,54.13,FAIL,"[""followers outside configured range or unavailable""]",Indian skincare routine,2026-10-01T18:04:39.197972+00:00
UCuk47vSxLzPn8GgQpiiz2-w,Mansi Gulati - Face Yoga Expert,YouTube,https://www.youtube.com/channel/UCuk47vSxLzPn8GgQpiiz2-w,26900.0,4588.1,0.0266395322856203,"skincare, beauty, hair, style","skincare, beauty, hair, style","[""Why OIL PULLING?"", ""Ozempic Face vs Filler Face vs Botox Face \u2014 \u0915\u094d\u092f\u093e \u092b\u0930\u094d\u0915 \u0939\u0948? "", ""No Razor \ud83e\ude92 \u2014 Only Natural Face-Hair Care!"", ""1 MINUTE FACE MASSAGE EVERY DAY \u2728"", ""30 seconds for your face\u2026 but don\u2019t forget your neck!"", ""Pigmentation sirf skincare ya sunscreen ke baare mein nahi hai "", ""\ud83d\udea8 PIGMENTATION ALERT!"", ""LOOK 5 YEARS YOUNGER \u2014 NATURALLY"", ""Everyone is talking about retinol but do you know what it actually is?"", ""Pigmentation Caption""]",Not Found,Not Found,Not Found,Not Found,Not Found,Not Found,Not Found,IN,Not Found,2026-10-01T03:21:12Z,83.65,PASS_NO_EMAIL,[],Indian skincare routine,2026-10-01T18:04:39.197972+00:00
UCJd-bJjTp9zpDGZtTALWJmA,Akanksha Soni,YouTube,https://www.youtube.com/channel/UCJd-bJjTp9zpDGZtTALWJmA,2010000.0,222209.8,0.0551305094089029,"skincare, makeup, beauty, fashion, outfit, haul, hair, style, grwm","skincare, makeup, beauty, fashion, outfit, haul, hair, style, grwm","[""Garba makeup\ud83e\udd70\u2728\ufe0f\ud83e\uddff # #youtube #ytshorts #youtube #youtubeshorts #trending #viral #ytviral"", ""My weekly hair removal routine\ud83e\uddff\ud83c\udf80\u2728\ufe0f #youtube #trending #ytshorts #shorts #skincare #viral"", ""GRWM to meet my fiance\ud83e\uddff\ud83c\udf80\u2728\ufe0f #youtube #makeup #ytshorts #youtube #viral #trending #trendingshorts #yt"", ""My Bridal jewellery, Chudi, Payal, Bindi, Neckpiece\ud83c\udf80\u2728\ufe0f #ytviral #youtuber #youtube #trending #viral"", ""He gifted me??\ud83e\uddff\u2728\ufe0f #youtubeshorts #trending #trendingshorts #viral #trend #ytshorts"", ""Sunday Relaxing Selfcare routine\u2728\ufe0f\ud83c\udf1e\ud83e\uddff #youtube #selfcare #skincare #ytshorts #youtubeshorts #trending"", ""Festive GRWM step by step makeup for beginner\ud83e\uddff\u2728\ufe0f\ud83c\udf80 #ytviral #youtube #trending #viral #makeup "", ""GRWM for kanya bhoj and visarjan\u2728\ufe0f\ud83c\udf80\ud83e\uddff #youtube #makeup #trending  #ytshorts #viral #trend #shorts"", ""How to Remove nail extention at home\u2728\ufe0f\ud83c\udf80 #youtube #trending #viralvideos #viral #shorts #ytshorts"", ""sunday selfcare day\u2728\ufe0f\ud83c\udf80 #youtube #makeup #selfcare #skincare #ytshorts #trending #viral #trend #short""]",akankshasoni@bluboxtalents.com,channel description,Not Found,Not Found,Not Found,Not Found,Not Found,Not Found,Not Found,2026-10-01T15:19:31Z,80.0,FAIL,"[""followers outside configured range or unavailable""]",Indian skincare routine,2026-10-01T18:04:39.197972+00:00
UCVaSUu1B_Y4R2rFLUpvRmlA,The Formal Edit,YouTube,https://www.youtube.com/channel/UCVaSUu1B_Y4R2rFLUpvRmlA,6280000.0,585608.1,0.0341838848523491,"fashion, outfit, hair, style","fashion, outfit, hair, style","[""Kohli's Cheat Code: Decoded \ud83d\udd12            #theformaledit #viratkohli #kohli #emraanhashmi #fashion"", ""Buying My Most Expensive Bandhgala"", ""Bandhgala for Gen-Z\u2728    #theformaledit #bandhgala #indianoutfit #suit #outfitideas"", ""My 1st Piercing \ud83d\udc8e                 #theformaledit #piercing #studsearrings"", ""Ranking Men\u2019s Hair Habits                                    #hairstyle #hairloss #hairfall #hair"", ""Bandana Is Sexy\ud83d\udd25 #bandana #bandanastyle #mensfashion"", ""Hair Flow Tutorial\ud83d\udc88 #flow #hairstyle #hairtutorial"", ""Buying My Most Luxury Watch\u231a\ufe0f #watch #mostexpensive #luxury #watches"", ""Worst to Best Trimmers Under 1500\u20b9 #shorts #trimmer #hairremoval"", ""Buying Most Expensive Suit Ever\ud83d\udcb4\ud83e\udd35\u200d\u2642\ufe0f #suit #mostexpensive #doublebreasted #mensfashion""]",Not Found,Not Found,Not Found,Not Found,Not Found,Not Found,Not Found,IN,Not Found,2026-09-29T16:15:14Z,68.48,FAIL,"[""followers outside configured range or unavailable""]",Indian skincare routine,2026-10-01T18:04:39.197972+00:00
UCK6sP8WcPhS6WbeksluY5sQ,Beauty Indian Blogger,YouTube,https://www.youtube.com/channel/UCK6sP8WcPhS6WbeksluY5sQ,4060.0,359.3,,"skincare, makeup, beauty, fashion, hair, style","skincare, makeup, beauty, fashion, hair, style","[""Flipkart Women Kurta Pant Set"", ""bioderma makeup remover for Sensitive Skin"", ""11 June 2026"", ""Udaypur sea beach"", ""Mandarmani sea Beach \ud83c\udfd6\ufe0f"", ""Transition Video"", ""our room tour #offbeat"", ""This is the only thing I changed in my skincare routine \u2014and my skin started glowing in JUST 5 DAYS!"", ""Hair style BeautyIndianBlogger"", ""This Facewash Surprised Me\u2026 See the Glow Yourself! \ud83d\ude32""]",indiabeauty96@gmail.com,channel description,Not Found,Not Found,Not Found,Not Found,Not Found,IN,bn,2026-07-18T16:28:34Z,28.33,FAIL,"[""followers outside configured range or unavailable"", ""engagement rate below threshold or unavailable"", ""language does not match configured language""]",Indian skincare routine,2026-10-01T18:04:39.197972+00:00
UCwm5RiKdcnXH5YA10X7jfpg,indiabiba,YouTube,https://www.youtube.com/channel/UCwm5RiKdcnXH5YA10X7jfpg,159000.0,26618.1,0.0765785707250445,"makeup, beauty, fashion, style, grwm","makeup, beauty, fashion, style, grwm","[""MOVING VLOG \ud83c\udfe1\ud83c\udf1f unpacking, shopping, living alone..."", ""le fragranze pi\u00f9 buone per questo autunno \ud83c\udf42 #glowup #fragrance #thatgirl"", ""fall wishlist 2026\ud83c\udf42 ultimate guide for the essentials"", ""come sembrare ricca senza spendere soldi \ud83c\udf37 #glowup #thatgirl #makeup"", ""non stai facendo bene la tua lip combo ?! \ud83e\udee7 #makeup #glowup #thatgirl"", ""come affrontare i momenti no \u2764\ufe0f\u200d\ud83e\ude79 #glowup #thatgirl #makeup"", ""friendly reminder che il makeup dovrebbe essere cosi! \ud83c\udf1f #makeup #reletable #thatgirl"", ""come mettere VERAMENTE il blush \ud83c\udf80 #makeup #thatgirl #glowup @RareBeauty"", ""september reset vlog\ud83c\udf42 deep cleaning, organizing, back on track, lock in"", ""proviamo un lip oil NERO ?! \ud83d\udda4 #makeup #glowup #thatgirl @RareBeauty""]",indiabiba@in-sane.it,channel description,Not Found,Not Found,Not Found,Not Found,Not Found,Not Found,Not Found,2026-09-29T13:26:51Z,79.56,FAIL,"[""followers outside configured range or unavailable""]",Indian skincare routine,2026-10-01T18:04:39.197972+00:00
UC7WZkYppCZ58CRQjfPiqbDw,"Mahasweta | Skincare, Hair Care & Lifestyle ",YouTube,https://www.youtube.com/channel/UC7WZkYppCZ58CRQjfPiqbDw,1750.0,1391.8,0.0084476007150421,"skincare, makeup, beauty, hair, style","skincare, makeup, beauty, hair, style","[""Love this! #facewash #dullskinsolution"", ""Looovee these for my dry, frizzy hair and oily scalp! #frizzyhairsolution"", ""Ugghhh I hate these! #skincaremyths"", ""My mom\u2019s current fav moisturizer. Details in the description! #skincarefor40s #skincarewithlove"", ""Details are in the description! #acneproneskin"", ""I love this supplement for controlling my hair fall! #hairfallsolution #hairfallcontrol"", ""The best eye cream. Details in the description! #darkcircles #undereyewrinkles"", ""How to remove your facial hair! #sensitiveskin # #acneproneskin"", ""The best retinol serums in India! #retinol #retinolskincare"", ""Trimmer details in the description! #bikinihairremoval #bodyhairremoval""]",Not Found,Not Found,https://www.instagram.com/paintedcharisma?igsh=YWJlMDFrbmVid3du&utm_source=qr,Not Found,Not Found,Not Found,Not Found,IN,Not Found,2026-09-30T14:30:54Z,50.69,FAIL,"[""followers outside configured range or unavailable"", ""engagement rate below threshold or unavailable""]",Indian skincare routine,2026-10-01T18:04:39.197972+00:00
UCKjFW3fLTteXH4p6pir1H2Q,kaavikiwi,YouTube,https://www.youtube.com/channel/UCKjFW3fLTteXH4p6pir1H2Q,353000.0,34929.7,0.050921111147995,"makeup, beauty, hair","makeup, beauty, hair","[""the glossiest blowout for curly hair!"", ""clean girl but make it Desi ?"", ""GODDESS SEASON \ud83e\udeb7"", ""the SECRET Indian breakfast I\u2019ve been eating all summer\u2026."", ""AYURVEDIC ROUTINE OR ELSE \ud83d\ude21\ud83e\udd2c \ud83d\udd2a \ud83d\ude0a \ud83e\udd8b \ud83e\udee7"", ""I drank THIS everyday this summer\u2026"", ""SUMMER MAKEUP ROUTINE // glowy skin, brown girl friendly, fave new products for summer!"", ""mental breakdown makeup look"", ""my mom was right\u2026."", ""my number one pet peeve tbh""]",kaaviya@rare.global,channel description,Not Found,Not Found,Not Found,Not Found,Not Found,Not Found,Not Found,2026-09-30T17:43:24Z,79.78,FAIL,"[""followers outside configured range or unavailable""]",Indian skincare routine,2026-10-01T18:04:39.197972+00:00
UCobXaG2hGNsl4FLKZSNMUYg,Parita S,YouTube,https://www.youtube.com/channel/UCobXaG2hGNsl4FLKZSNMUYg,386.0,2138.3,0.0652736283096511,"skincare, makeup, beauty, outfit, cosmetics","skincare, makeup, beauty, outfit, cosmetics","[""Hourglass Vanish Foundation Stick Review & Demo"", ""THE BOXWALLA OCT 2016 BEAUTY BOX REVIEW Feat. SIAM SEAS + {Closed} INTERNATIONAL GIVEAWAY!!!"", ""Burgundy Smokey Eyes & Bold Lips Makeup Tutorial | FALL MAKEUP"", ""Anastasia Beverly Hills MASTER PALETTE BY MARIO Review, Swatches, Comparison & Tutorial"", ""SEPTEMBER BEAUTY FAVORITES 2016 | Makeup + Skincare"", ""Bronze Copper Eyes | Pop Of Colour Makeup | Navratri Makeup | Indian Festive Makeup"", ""Navratri Makeup | Garba Makeup | Durga Puja Makeup | Indian Festive Makeup | Deepika Padukone"", ""Jouer Lip Topper Skinny Dip & Tan Lines Review, Lip Swatches On Indian/Olive/Tan/Brown Skin"", ""How To Cover Dark Circles & Hyperpigmentation | For Indian, Brown, Tan, Olive Skin | Colour Correct"", ""Morning Skincare Routine | Oily/Combo Acne Prone Skin | Green Beauty | Indian Skin""]",Not Found,Not Found,Not Found,Not Found,Not Found,Not Found,Not Found,US,Not Found,2016-11-16T00:43:44Z,60.0,FAIL,"[""followers outside configured range or unavailable"", ""last upload is older than configured activity window"", ""country does not match configured region""]",Indian skincare routine,2026-10-01T18:04:39.197972+00:00
UCElOwjba1OcRDtHOEix1F1w,Indian YouTuber Neelam,YouTube,https://www.youtube.com/channel/UCElOwjba1OcRDtHOEix1F1w,374000.0,34407.9,0.0208597947636329,"skincare, makeup, hair, style","skincare, makeup, hair, style","[""Na Dost Na Bahan Na Bhabhi hai, Aapko hi Sab kuch Maanti hun Main | Indian Homemaker Real Routine"", ""If you love cooking , you\u2019d love this #kitchengadgets #kitchen #otg #shorts"", ""Ye Gadget Bahut Kaam ki Cheez hai!! #kitchengadgets #chopper #agaro"", ""My Birthday Special \ud83e\udd70 The BEST Birthday Gift I Could Ask For \ud83e\udd79\u2764\ufe0f  Krabi, Phuket, Pattaya Travel Vlog"", ""It\u2019s 8th Anniversary \ud83d\ude0d Baking Cake & Making Paneer Tikka, \ud83c\udf81 Gifts From Hubby | Oven Guide"", ""\u201cI tried it\u2014does it actually work?\u201d AGARO Alpha Pro Robot Vacuum Cleaner | Smart Cleaning Gadget"", ""Realistic Indian Homemaker Routine | Quick Rice Recipe, Simple Dinner Idea | Homemaking vlog"", ""Meeting A Friend after Long Time | Delicious Must Try Recipe | In Laws are Back !! #lifestylevlog"", ""\ud83d\udcb0My Journey to Becoming a Millionaire | My Manifestation Technique & Relationship with Money"", ""Goodbyes Are Difficult \ud83d\ude25 | U.P. Style Satvik Bhog Thali & Ganpati Sthapana | Family Vlog""]",indianvloggerneelam@gmail.com,channel description,https://www.instagram.com/indianyoutuberneelam,https://www.facebook.com/indianvloggerneelam,Not Found,Not Found,Not Found,IN,Not Found,2026-10-01T09:32:20Z,59.6,FAIL,"[""followers outside configured range or unavailable""]",Indian skincare routine,2026-10-01T18:04:39.197972+00:00
UCpj3v_cVIxnk2tZ7ShotyCA,MUSK,YouTube,https://www.youtube.com/channel/UCpj3v_cVIxnk2tZ7ShotyCA,25.0,526.0,0.0389953354598837,"skincare, hair","skincare, hair","[""Okra(bhindi) gel for hair #hairgrowth #haircare #thickhair @MUSK.ansingh"", ""Skincare challenge which transformed my skin! Natural skin cleanser for Indian skin@MUSK.ansingh"", ""how to get healthy long hair | long & thick hair tips #shortsindia #youtubeshorts #india"", ""Quick 5-step skincare routine for deep cleanse | deep cleansing at home #shortsindia #skincare"", ""3-step skincare routine for beginners | morning skincare #shorts #shortsindia #youtubeshorts"", ""QUICK 5min skincare | Instant Glow #shorts #youtubeshorts #shortsindia"", ""DIY for acne marks #shorts #shortsindia #youtubeshorts #acnemarks"", ""Get healthier thicker hair | hair oil to grow new hair #shorts #youtubeshorts #thickhair #hairgrowth"", ""morning skincare routine @MUSK.ansingh #shorts #shortsyoutube #skincare #morningroutine"", ""Simple morning skincare routine|Indian skincare routine(in hindi) @MUSK.ansingh""]",Not Found,Not Found,Not Found,Not Found,Not Found,Not Found,Not Found,Not Found,Not Found,2023-08-20T12:07:35Z,52.3,FAIL,"[""followers outside configured range or unavailable"", ""last upload is older than configured activity window""]",Indian skincare routine,2026-10-01T18:04:39.197972+00:00
UCQZ80IqI4TSvu9EiZpGxTcw,Radhika Jagtap,YouTube,https://www.youtube.com/channel/UCQZ80IqI4TSvu9EiZpGxTcw,210000.0,30338.4,0.0329080964023915,"skincare, makeup, beauty, fashion, outfit, style, grwm","skincare, makeup, beauty, fashion, outfit, style, grwm","[""Favourite kind off reset! \ud83d\ude0d\ud83e\udef6\ud83c\udffd\u2728"", ""Day 2 \ud83e\udef6\ud83c\udffd\ud83d\ude2d\u2728"", ""Are you sad? \ud83d\udc40"", ""Wedding date? Family reaction? How you met? \ud83d\ude48\ud83d\ude0dRadhika Jagtap Q and A"", ""Day one of Panchkarma \ud83e\udef6\ud83c\udffd\ud83e\udeb7"", ""Wish I knew these 5 years back \ud83d\ude2d #RadhikaJagtap"", ""My skin is suffering \ud83d\ude2d #NaturalSkincare"", ""I used these home organizers for 9 months - here's my honest review\u2728\ud83d\ude48\ud83d\ude0d | Radhika Jagtap"", ""This blouse \ud83d\ude0d #GRWM #festiveseason #sareeoutfit"", ""GRWM for darshan day \ud83e\udef6\ud83c\udffd\ud83e\udd0d\ud83d\ude4f""]",Not Found,Not Found,Not Found,Not Found,Not Found,Not Found,Not Found,IN,Not Found,2026-09-30T15:06:25Z,67.81,FAIL,"[""followers outside configured range or unavailable""]",Indian skincare routine,2026-10-01T18:04:39.197972+00:00
UCnPzr06-xRNVWdDEFXrynsQ,glowskin,YouTube,https://www.youtube.com/channel/UCnPzr06-xRNVWdDEFXrynsQ,67.0,969.4,,"skincare, beauty, hair","skincare, beauty, hair","[""4d dragon video # #ytshorts #shorts"", ""4d cinematic dragon #ytshorts #shorts"", ""4d dragon cinematic universe #ytshorts #yt"", ""she rubs ice cubes on face # #shortsfeed #skincare #faceserumforoilyskin"", ""Diys skin care face mask #shortsfeed #shortvideo #skincare"", ""Delicious chocolate cake eating #shortsfeed #shortvideo"", ""Diys ASMR skin care #shortsfeed #shortvideo"", ""ASMR cucumber mask #shortsfeed #shortvideo"", ""Glow skin face mask #shortsfeed #shortvideo"", ""Indian face mask #shortsfeed #shortvideo""]",Not Found,Not Found,Not Found,https://homeremedyglowskin.blogspot.com/,Not Found,Not Found,Not Found,PK,Not Found,2026-09-17T11:20:30Z,41.89,FAIL,"[""followers outside configured range or unavailable"", ""engagement rate below threshold or unavailable"", ""country does not match configured region""]",Indian skincare routine,2026-10-01T18:04:39.197972+00:00
UClCDzpWfdkPZ_i-4p6GX_6g,Daljit beauty advisor,YouTube,https://www.youtube.com/channel/UClCDzpWfdkPZ_i-4p6GX_6g,158.0,390.0,0.0137314228357143,"skincare, makeup, beauty","skincare, makeup, beauty","[""kashmiri watch treding #music #phonk #shortvideo"", ""lumi glow highlighting primer and serum #makeup #renne #youtube #beauty"", ""kiss beauty fizz lipstick silky velvet texture. #makeup#lipmatte #makeup #kiss beauty #india#yutube"", ""kiss beauty fizz lipstick silky velvet texture #makeup #youtube #beauty #shorts #kiss beauty brand"", ""\ud83d\udc8b 1. Dual Lipstick + Lip Liner (2-in-1 Stick) #youtube #lakmeindia #lakmeproducts"", ""ultime pro matt lip colour shead essa jo lookbadal de#sheerglow #youtube#makeup#beauty #facescananda"", ""Hand swatchcheck \ud83d\udc95Dekho iska pigment.Aapko shade pasand aayaDailyGlow#IndianCreator #MakeupLover"", ""\u201cYeh blush dekh ke shock ho jaoge \ud83d\ude33\u2728\u201dya btao#renne #blushreview #affordablemakeup"", ""peptide serum.pink therapy renee brand .#youtube #skincare #makeup #skincare routine"", ""quench botanica body lotion with avacado and vitamin cand e k sath.#youtube #beauty #skincare#makeup""]",Not Found,Not Found,Not Found,Not Found,Not Found,Not Found,Not Found,Not Found,Not Found,2026-09-04T07:57:42Z,48.61,FAIL,"[""followers outside configured range or unavailable""]",Indian skincare routine,2026-10-01T18:04:39.197972+00:00
UCMKUGYZbseBCu0FX2KTSCMw,Ankita Chavan,YouTube,https://www.youtube.com/channel/UCMKUGYZbseBCu0FX2KTSCMw,802.0,347.25,0.0840927184917233,skincare,skincare,"[""How to Prepare for Indigo Cabin Crew Interview | What You MUST Know"", ""Ganesh Chaturthi Vlog"", ""Mumbai Girls Staycation Vlog | Igatpuri-The Stone Mansion"", ""How I got selected as a Cabin Crew | My Interview Story"", ""Flight Attendant to Cabin Crew Coach | My Journey"", ""Get Ready With Me for a Self-Portrait Shoot..."", ""Skinkraft Review | Ankita Chavan | Customized Skincare Products By SkinKraft."", ""My Simple Skincare Routine/Indian Skincare.""]",Not Found,Not Found,Not Found,Not Found,Not Found,Not Found,Not Found,IN,Not Found,2025-09-08T15:30:12Z,47.5,FAIL,"[""followers outside configured range or unavailable"", ""insufficient fashion/beauty keyword matches"", ""last upload is older than configured activity window""]",Indian skincare routine,2026-10-01T18:04:39.197972+00:00
UCzb9zl6Vb5DuNGMItpi3XoQ,Arati Gupta,YouTube,https://www.youtube.com/channel/UCzb9zl6Vb5DuNGMItpi3XoQ,81.0,430.3,0.0662936990354717,"skincare, makeup, beauty, haul, hair, style, cosmetics, grwm","skincare, makeup, beauty, haul, hair, style, cosmetics, grwm","[""Sensitive + irritated skin ko chahiye soothing hydration \ud83c\udf3f\u2728 #shorts #ytshorts #dotandkey #viral"", ""#shorts #trendingshorts #viralshorts #ghadidetergent"", ""MARS Cosmetics Makeup Must-Haves \ud83d\udc84\u2728 Budget Makeup That Actually Works! #shorts #mars #viralshorts"", ""Swiss Beauty Stay Lipstick Review \ud83d\udc84 Long Lasting & Budget Friendly? | Waterproof Test #shorts"", ""Dot & Key Facewash Review | Which One Should You Choose? \ud83d\udc9a\ud83e\udde1\ud83d\udc99\ud83c\udf49 #Shorts #facewash #viralshorts #yt"", ""Meesho Bangle Organizer \ud83d\ude0d Best Organizer Under \u20b9199 #shorts #meesho #trendingshorts #viralshorts"", ""PR Parcel Unboxing + Minimal Makeup Look \ud83d\udc84\u2728 #shorts #grwm #trendingshorts #viralshorts #meesho"", ""GRWM \u2728 Using Renee Lip Gloss \ud83d\udc84 | Glossy Lips Look #shorts #trendingshorts #viral #reneelipgloss"", ""\ud83d\udc84 Best Makeup Products Under \u20b9500 \ud83d\ude31 | Budget Friendly Makeup Haul #shorts #trendingshorts #makeup"", ""\u2728 Smytten Haul Unboxing \ud83d\ude0d | Free Trial Products Haul | Beauty & Skincare Mini Haul #shorts #smytten""]",Not Found,Not Found,Not Found,Not Found,Not Found,Not Found,Not Found,IN,Not Found,2026-09-22T03:45:29Z,78.0,FAIL,"[""followers outside configured range or unavailable""]",Indian skincare routine,2026-10-01T18:04:39.197972+00:00
UClsAU7kr08deHIxDVeTEdTg,Fuschia Skincare,YouTube,https://www.youtube.com/channel/UClsAU7kr08deHIxDVeTEdTg,21.0,553.8,0.0196415303941348,"skincare, beauty, cosmetics","skincare, beauty, cosmetics","[""The Topic is Skincare\ud83d\ude0aChoose Fuschia Vegan Skincare#skincare #fuschia #skincareproduct #bestfacewash"", ""Fuschia Vegan Zero Soap Face Wash Gentle #bestfacewash #naturalfacewash #skincare #oliyskinfacewash"", ""Supplements For Glowing Skin | Glutathione Skin Whitening Results #glutathione #faceserum #fuschia"", ""How To take Care Of Your Skin #glowingskin #skincare #youtubeshorts #trending #shortsfeed #shorts"", ""How To take Care Of Your Skin #glowingskin #skincare #youtubeshorts #trending #shortsfeed #shorts"", ""How To take Care Of Your Skin #glowingskin #skincare #youtubeshorts #trending #shortsfeed #shorts"", ""How To take Care Of Your Skin #glowingskin #skincare #youtubeshorts #trending #shortsfeed"", ""Let\u2019s Unbox the Secret to Healthy Skin\u2728\ud83d\udc9b\ud83c\udf38 #skincare #cosmetics #skincareroutine #viral #YouTube"", ""Fuschia Skincare All Vegan Products #youtubeshorts #viralshorts #trendingshorts #Youtube #cosmetics"", ""fuschia Vegan Skincare products #cosmetics #skincare #fuschia #youtubeshorts""]",Not Found,Not Found,Not Found,Not Found,Not Found,Not Found,Not Found,IN,Not Found,2026-07-27T13:23:29Z,44.08,FAIL,"[""followers outside configured range or unavailable""]",Indian skincare routine,2026-10-01T18:04:39.197972+00:00
UC8O5eTWEFnQ9Q6DM-UgRtlQ,GetWellNessTips,YouTube,https://www.youtube.com/channel/UC8O5eTWEFnQ9Q6DM-UgRtlQ,22.0,261.9,0.0905172888564071,"skincare, makeup, beauty, hair","skincare, makeup, beauty, hair","[""Skincare Myths You NEED to Stop Believing! \ud83d\udea8  Indian Skin & Weather"", ""Stop Scrubbing Dark Elbows! Do This Instead for Elbow Pigmentation"", ""I Tried 3 Viral Foot Pain Hacks Here is What Actually Worked"", ""Night Skincare Routine \ud83c\udf19  6 Simple Steps for Clean, Hydrated & Happy Skin"", ""3 Brushing Mistakes That Could Damage Your Teeth \ud83e\uddb7"", ""Dull Skin Try These Simple Skincare Tips \u2728  Glow Guru"", ""Dark Knuckles Stop Scrubbing! \ud83d\ude33  Simple Skincare Tips  Glow Guru"", ""Kitchen Facial! \ud83d\ude33 DIY Face Mask at Home  Glow Guru"", ""Dark Circles & Panda Eyes \ud83d\udc40 | Causes + Simple Under-Eye Care Tips"", ""Bloating Ke 3 Reasons aur 3 Solutions  Gut Guru""]",Not Found,Not Found,Not Found,Not Found,Not Found,Not Found,Not Found,IN,Not Found,2026-09-30T15:00:11Z,79.78,FAIL,"[""followers outside configured range or unavailable""]",Indian skincare routine,2026-10-01T18:04:39.197972+00:00
UCRH-0xfnLWrZRS0MvWQeUTA,Kratika Diaries ,YouTube,https://www.youtube.com/channel/UCRH-0xfnLWrZRS0MvWQeUTA,131.0,364.0,0.0422449598114233,"skincare, makeup, beauty, hair, style","skincare, makeup, beauty, hair, style","[""\u2728Which one is your must- have?\ud83d\udc40\u2728#makeupmusthaves #maketutorial #youtubeshorts"", ""\u2728Save this for your Hair-care routine\ud83c\udf3c \u2728#haircaretips #healthyhair #youtubeshorts"", ""\u2728 Save this for your next Makeup look\ud83d\udc84\u2728#makeuptutorial #shorts #youtubeshorts"", ""\u2728Save this for your Skincare Routine\u2728#skincaretips #glowingskin #youtubeshorts"", ""\u2728Skin Glow Secret \u2728#skinglow #healtydiet #youtubeshorts"", ""\u27285 Morning Skincare Routine for Glowing Skin \u2728#morningskincareroutine #glowingskin #youtubeshorts"", ""\u2728Benefits Of Hair Massager \u2728#hairmassage #shorts #youtubeshorts"", ""\u2728Real Glow Up \u2728#glowup #shorts #youtubeshorts"", ""Top 3 Monsoon Mistake \ud83d\udeab#skincaremistakes #shorts #youtubeshorts"", ""Hair Serum Don'ts \ud83d\udeab#hairserum #mistakes #shorts #youtubeshorts""]",sharmakratika389@gmail.com,channel description,Not Found,Not Found,Not Found,Not Found,Not Found,IN,Not Found,2026-10-01T16:30:19Z,74.57,FAIL,"[""followers outside configured range or unavailable""]",Indian skincare routine,2026-10-01T18:04:39.197972+00:00
UCQr_rgmHo4muSfQhH9MG5Bg,Isha Soni,YouTube,https://www.youtube.com/channel/UCQr_rgmHo4muSfQhH9MG5Bg,1650.0,6405.2,0.0673324669380813,"skincare, makeup, beauty, fashion, hair, style","skincare, makeup, beauty, fashion, hair, style","[""Holi pe nahi gayi thi apne ghar, Koi aaya tha, \u0936\u093e\u0939\u0940  \u0917\u0941\u091c\u093f\u092f\u093e \u092c\u0928\u093e\u092f\u093e|Holi Vlog 2020\ud83c\udf08\ud83d\ude0b\u2764\ud83d\udc9b\ud83e\udde1\ud83d\udc9a\ud83d\udc9c\ud83d\udc99"", ""12 Life Saving Holi Hacks you must Try\u2665\ufe0f\ud83d\udc9c\ud83d\udc99\ud83d\udc9a\ud83d\udc9b\ud83e\udde1\ud83c\udf08Rang se khud ko aise bachaye| Isha's Story"", ""Trendy, Quick & Different 1 minute Hairstyles you must try | Isha's Story"", ""Answering Personal questions| Get to know me, Age, Place,Boyfriend, Hobbies? | Isha's Story"", ""Pretty DATE MAKEUP Tutorial| Going for a Date with your Partner Try this Makeup Look| Isha's Story"", ""10 Minutes OFFICE/COLLEGE Makeup Look| Attractive Makeup Look For College/Office girls|Isha's Story"", ""2020 Latest Party Makeup Look| Gorgeous Makeup look you should definitely try in 2020| Isha's Story"", ""Winter Skincare Routine & Tips| For clear, soft and spotless skin| Isha's Story"", ""Navaratri Makeup Look| Long Lasting Navaratri/ Garba Makeup look|Ishas's Story"", ""\u092a\u0939\u0932\u0947 \u0915\u094d\u092f\u093e \u0932\u0917\u093e\u090f\u0964 Correct sequence of applying Moisturizer,Toner, Sunscreen,Primer,Serum\u0964 Isha's Story""]",Not Found,Not Found,Not Found,Not Found,Not Found,Not Found,Not Found,IN,Not Found,2020-03-15T01:30:00Z,60.0,FAIL,"[""followers outside configured range or unavailable"", ""last upload is older than configured activity window""]",Indian skincare routine,2026-10-01T18:04:39.628550+00:00
UCGW3W1mtqtp4SPTfn1r5XeQ,Shala Land,YouTube,https://www.youtube.com/channel/UCGW3W1mtqtp4SPTfn1r5XeQ,394.0,539.9,0.0538477319913184,"skincare, makeup, beauty, style, grwm","skincare, makeup, beauty, style, grwm","[""FifA Seattle #fifa #seattle #miami #newyork #usa #belgium #football #fun #summer #usavsbelgium"", ""Spring Season in Seattle #cherryblossom #spring #photoshoot #nature #pnw #vlog #desi #india #usa"", ""Dreams come true #dream #nature #animals #vlog #love #life #views #women #travel #mountains #desi"", ""Sister love #sister #home #family #love #peace #vlog #life #smile #joy #spring #familyselfie"", ""New year old me #newyear #2026 #memories #resolution #selflove #women #family #couple #vlog #love"", ""Seattle Christmas Market #snow #christmas #christmastree #food #chritmasmarket #market #winter"", ""Majestic nature #owl #eagles #nature #wildlife #birds #fly #magic #night #love #life"", ""Simple things #vlog #fall #pumpkin #nature #seattle #summer #outdoors #love #family #life #happy"", ""Seattle summer #summer #city #sky #sun #sunset #funny #ocean #love #picnic #joy #colors #life"", ""Spring song #song #music #spring #summer #vintage #pnw #boat #flowers #nature #photo #love #life""]",Not Found,Not Found,Not Found,Not Found,Not Found,Not Found,Not Found,US,en,2026-07-07T20:44:49Z,61.11,FAIL,"[""followers outside configured range or unavailable"", ""country does not match configured region""]",Indian skincare routine,2026-10-01T18:04:39.628550+00:00
UCIDWRqgmmV-mdBcm_7Gt5Bw,sumayata,YouTube,https://www.youtube.com/channel/UCIDWRqgmmV-mdBcm_7Gt5Bw,392.0,3107.6,0.1257633365669236,"skincare, makeup, beauty, fashion, outfit, style, grwm","skincare, makeup, beauty, fashion, outfit, style, grwm","[""BTS Pop Up Store in Dubai \ud83d\udc9c"", ""[VLOG] Expo 2020 Dubai"", ""Storytime: My Experience With Periods & PCOS \ud83d\udc96"", ""The Expert Indian Evangelist"", ""My Last Day as 21: Q&A mukbang + free pizza storytime \ud83c\udf55"", ""Easy Diwali Makeup Look | Sumayata Sahu"", ""Essentials 101: Basic Indian Skincare Routine | Episode 3"", ""Reacting to POV TikToks that made me \u2728 c r i n g e \u2728"", ""Creepy Guys Sliding Into Telegram Storytime + I do makeup"", ""How to Style a Printed Saree | Episode 3""]",Not Found,Not Found,Not Found,Not Found,Not Found,Not Found,Not Found,AE,Not Found,2022-09-27T22:56:05Z,60.0,FAIL,"[""followers outside configured range or unavailable"", ""last upload is older than configured activity window"", ""country does not match configured region""]",Indian skincare routine,2026-10-01T18:04:39.628550+00:00
UCpv15B_0r-tD0SDTJ3E17ow,Faiza Shakeel,YouTube,https://www.youtube.com/channel/UCpv15B_0r-tD0SDTJ3E17ow,189.0,25577.0,0.0590765140555968,"skincare, fashion","skincare, fashion","[""Affordable Skincare Routine under \u20b91000 \ud83d\udcb8 #affordableskincare #indianskincare #glowingskin #shorts""]",Not Found,Not Found,Not Found,Not Found,Not Found,Not Found,Not Found,Not Found,Not Found,2025-05-31T04:45:40Z,60.0,FAIL,"[""followers outside configured range or unavailable"", ""last upload is older than configured activity window""]",Indian skincare routine,2026-10-01T18:04:39.628550+00:00
UC9cnfQWhgMBo8E09LhhPXCg,Muskan Diaries,YouTube,https://www.youtube.com/channel/UC9cnfQWhgMBo8E09LhhPXCg,239000.0,68067.7,0.0456845660452197,"fashion, outfit, hair","fashion, outfit, hair","[""Nitesh handling long nails \ud83d\udc85 ll this challenge gets crazy \ud83e\udd2a "", ""Fit check \u2665\ufe0f"", ""GRF Bappa \u2665\ufe0f"", ""Took my boyfriend & mom on a date\u2026 BIG MISTAKE! They started gossiping about me \ud83d\ude02\ud83d\ude2d"", ""#ad Now the hair is an outfit @GarnierIndia \ud83c\udf38"", ""We asked each other questions about our future\u2026 and things got REAL \ud83d\udc40 || MUSKAN DIARIES "", ""How\u2019s the look \u2728"", ""I love all of them \u2665\ufe0f which one you guyzz like"", ""Disrespect Nitesh for a day ! || cross all my limits \ud83d\ude43 "", ""Who is the art \ud83d\ude36""]",Not Found,Not Found,Not Found,Not Found,Not Found,Not Found,Not Found,IN,Not Found,2026-10-01T11:17:48Z,76.98,FAIL,"[""followers outside configured range or unavailable""]",Indian skincare routine,2026-10-01T18:04:39.628550+00:00
UCSAB63JTyW6Bc4ctSEl8ouw,Life In A Different Country,YouTube,https://www.youtube.com/channel/UCSAB63JTyW6Bc4ctSEl8ouw,387.0,329.7,0.444793701049929,"skincare, haul, hair, style","skincare, haul, hair, style","[""Watermelon Festival In USA, #Summer2021 #LifeInADifferentCountry"", ""Happy Independence Day! #shorts #2021 #LifeInADifferentCountry"", ""Cute Baby is singing - Bade Ache Lagte Hain\u2026 #shorts #LifeInADifferentCountry"", ""A Special Message From USA On Friendship Day!! #shorts"", ""USA Home Tour || Part 2 || Bedroom & Bathrooms"", ""USA HOUSE TOUR || How We organized & Decorated Our House || Part 1"", ""What's In My Fridge? 'My Fridge Tour' #NRIlife"", ""OMG!! I Got Leggings For 18 Cents! Shopping at Kohl's!"", ""How To Relieve Pollen Allergies || Easy Home Remedies For Pollen Allergies"", ""Surprise Your Guest With This 5 Minutes Healthy Tea-Cake""]",antara.liadc@gmail.com,channel description,Not Found,Not Found,Not Found,Not Found,Not Found,US,Not Found,2021-08-16T16:41:13Z,60.0,FAIL,"[""followers outside configured range or unavailable"", ""last upload is older than configured activity window"", ""country does not match configured region""]",Indian skincare routine,2026-10-01T18:04:39.628550+00:00
UC5IiiL7pAsW73fhWY_o42yw,Jini Rawal,YouTube,https://www.youtube.com/channel/UC5IiiL7pAsW73fhWY_o42yw,193.0,840.0,0.0178032759729042,"skincare, fashion, haul","skincare, fashion, haul","[""#shorts #cookies #bombay #cafe"", ""#shorts #skincare"", ""Shirt haul"", ""Earring haul #shorts #jwellery #ashortaday"", ""#shorts #ashortaday"", ""#shorts #fashion"", ""Ayodhya ram mandir vlog | family trip | jay shree ram"", ""#foodie #shorts #banaras #kashi #chaat"", ""Clean skincare # shorts # #vlog #indianskincare"", ""4 September 2026""]",Not Found,Not Found,Not Found,Not Found,Not Found,Not Found,Not Found,Not Found,Not Found,2026-10-01T08:06:29Z,57.46,FAIL,"[""followers outside configured range or unavailable""]",Indian skincare routine,2026-10-01T18:04:39.628550+00:00
UC7-e7ivOv4tRIZuLvNUzbOA,Sneha Bharadwaj,YouTube,https://www.youtube.com/channel/UC7-e7ivOv4tRIZuLvNUzbOA,234.0,693.2,,"skincare, beauty, cosmetics","skincare, beauty, cosmetics","[""2. August 2026"", ""2. August 2026"", ""@RareBeauty \ud83e\udd0c\ud83c\udffb\u2764\ufe0f"", ""\u2060@NARSCosmeticsofficial  \ud83e\udd0c\ud83c\udffb\u2764\ufe0f"", ""Current AM skincare routine \u2600\ufe0f\u2728"", ""Team Abhinaya \u2764\ufe0f Bharatanatyam in Munich."", ""This song \ud83e\udd0c\ud83c\udffb"", ""With the OG @ManiChandra-Official in Germany \ud83c\udde9\ud83c\uddea"", ""That Kannada girl and her obsession with th Mysore silk saree. \ud83e\udd0c\ud83c\udffb\ud83e\udd70\ud83d\udc9a"", ""Bharatanatyam bliss \ud83e\udd0d""]",Not Found,Not Found,Not Found,Not Found,Not Found,Not Found,Not Found,DE,Not Found,2026-08-02T00:25:03Z,31.67,FAIL,"[""followers outside configured range or unavailable"", ""engagement rate below threshold or unavailable"", ""country does not match configured region""]",Indian skincare routine,2026-10-01T18:04:39.628550+00:00
UCki3dknYdQYx9Vy_XxjsZqw,TOPJEC SKINCARE ,YouTube,https://www.youtube.com/channel/UCki3dknYdQYx9Vy_XxjsZqw,56.0,750.8,0.0010159158744845,"skincare, beauty, hair","skincare, beauty, hair","[""August 20, 2026"", ""August 20, 2026"", ""TOPJEC SKINCARE \u2014 Where Beauty Meets Science"", ""TOPJEC SKINCARE \u2014 Where Beauty Meets Science"", ""August 19, 2026"", ""#skincare Title:\u20b91290 Sunscreen vs \u20b9649 Sunscreen \ud83d\ude33 | Which One is Better?"", ""TOPJEC SPF 50+ PA++++ Sunscreen | Daily Sun Protection for Indian Skin #sunscreen #wearspf #spf"", ""Glow + Protection \u2600\ufe0f SPF 50+ PA++++ Sunscreen"", ""February 20, 2026"", ""\ud83d\udee1\ufe0f \u201cYour Skin\u2019s Captain Against UV Rays \u2013 TOPJEC Ultra Defense SPF 50+\u201d \u2728 #organicsunscreen #heat""]",Not Found,Not Found,Not Found,Not Found,Not Found,Not Found,Not Found,IN,Not Found,2026-08-20T11:36:53Z,36.38,FAIL,"[""followers outside configured range or unavailable"", ""engagement rate below threshold or unavailable""]",Indian skincare routine,2026-10-01T18:04:39.628550+00:00
UCHSF2nNUKXnHZqa4rWgwKVQ,Yashvi Mehra,YouTube,https://www.youtube.com/channel/UCHSF2nNUKXnHZqa4rWgwKVQ,55.0,182.4,0.1514866801564863,"skincare, makeup, beauty, hair","skincare, makeup, beauty, hair","[""Double Cleansing Method Explained"", ""Everything you need to know about using Rose Water | Why NOT to use Dabur Gulab Jal"", ""Basic Nighttime Skin Care Explained | Difference between Day and Night Skin Care Routine"", ""How to Build an Effective Beginner\u2019s Skincare Routine | 4 Steps | All Skin Types"", ""Refresh Gel Manicure At Home | Handling nail growth""]",yashvimehra30@gmail.com,channel description,Not Found,Not Found,Not Found,Not Found,Not Found,IN,Not Found,2022-01-12T16:03:45Z,60.0,FAIL,"[""followers outside configured range or unavailable"", ""last upload is older than configured activity window""]",Indian skincare routine,2026-10-01T18:04:39.628550+00:00
UC6AK6ryIjkVQrppStW6GlVw,Bhoomi,YouTube,https://www.youtube.com/channel/UC6AK6ryIjkVQrppStW6GlVw,651.0,3968.6,,"skincare, style","skincare, style","[""Half yearly\ud83d\ude14\ud83d\udc94 #11thgrader #halfyearlyexams"", ""Cute home decor \ud83d\ude2d\ud83e\udd8b\u2764\ufe0f #minivlog #meeshofinds #homedecor"", ""Night skin prep\ud83d\ude2d\ud83d\udcab\ud83e\udef6\ud83c\udffb #minivlog #indianskincare"", ""Before school skincare\ud83d\ude2d\ud83e\udd8b #minivlog #indianskincare"", ""Let\u2019s do some SKINCARE\ud83d\udc95 #indianskincare #ytshorts"", ""Trying to be a Productive Girly\ud83d\ude2d\ud83d\udc95 #teenagers #minivlog"", ""Exams VS Headache \ud83e\udde0 #ytshorts \ud83e\udd79\ud83d\udcda\ud83d\udcab #teenagers"", ""Exam struggle vs morning routine\u2600\ufe0f\ud83d\udc95 #minivlog #teenagers #morningroutine"", ""Simple skincare for my girlies\ud83d\udc95\ud83d\udcab #indianskincare #schoollife #11thgrader"", ""Lekin vo 80 number\ud83e\udd79??? #11thgrader""]",bhoomiparas0@gmail.com,channel description,Not Found,Not Found,Not Found,Not Found,Not Found,Not Found,Not Found,2026-09-29T13:24:53Z,44.56,FAIL,"[""followers outside configured range or unavailable"", ""engagement rate below threshold or unavailable""]",Indian skincare routine,2026-10-01T18:04:39.628550+00:00
UCQ-6nWwUNGjhIJL7B2dP6Tw,Its_ankii,YouTube,https://www.youtube.com/channel/UCQ-6nWwUNGjhIJL7B2dP6Tw,55.0,842.3,0.0521295447012139,"makeup, beauty, haul, hair, style","makeup, beauty, haul, hair, style","[""momoholic \u2665\ufe0f"", ""South Indian Look \u2728 | Simple to South Indian Beauty Transition \u2764\ufe0f | #Shorts"", ""The weather is so nice\u2026 so let\u2019s play one of my favourite songs"", ""Rakshabandhan vlog\u2728"", ""A day out with di and  jiju | Traveling vlog"", ""Easy & Tasty Ramen Bowl at Home | Quick Ramen Recipe #ramen"", ""Chugliyaan \u2764\ufe0f\u2728 | A Little Me"", ""Cutest Hair Accessories from MR.DIY"", ""VLOG 2 | My Niece Took Over My Vlog \ud83d\ude02 | MR.DIY Shopping With My Niece "", ""Trying Arata Curly Hair Cream | Before & After Results""]",Not Found,Not Found,Not Found,Not Found,Not Found,Not Found,Not Found,IN,Not Found,2026-09-21T17:16:47Z,77.78,FAIL,"[""followers outside configured range or unavailable""]",Indian skincare routine,2026-10-01T18:04:39.628550+00:00
UCRJnFC07WDjDpEZMW35Vvrg,"Glowverse By Trishla ""Glow beyond Beauty""",YouTube,https://www.youtube.com/channel/UCRJnFC07WDjDpEZMW35Vvrg,100.0,1471.7,0.0154601600859697,"skincare, makeup, beauty, style, cosmetics","skincare, makeup, beauty, style, cosmetics","[""This is the prettiest glossy Pink \ud83d\udc84\ud83d\udc95 #swissbeauty #blinkit #makeup #lipstick #lipgloss #pink #yt"", ""Found the exact DARK RED\ud83c\udf52BUT MAKE IT LUXURY\u2764\ufe0f\u200d\ud83d\udd25 #revlonmakeup #cherry #red #nails #nailart #nailart"", ""Trying the Viral mousse lipstick from #loveearth #lipstick #indianskincare #lipcombo #lipswatch"", ""Maybelline's best creamy matte lipstick \u2705 #lipstick #maybelline #lipsticklover #makeup"", ""I found the prettiest Brown \ud83e\udd0e from #swissbeauty #lipstick #viral #makeup #brown #lipsticklover"", ""The prettiest nude Pink \ud83e\ude77 from #swissbeauty #lipstick #lipsticklover #lipswatch #makeup #beauty"", ""I found the prettiest PINK \ud83e\ude77 shade  #hilaryrhodacosmetics #lipstick #viral #makeup #lipswatch"", ""I got the prettiest PLUM shade\ud83d\udc84from #facescanada #lipstick #viral #lipswatch #makeup"", ""The most Viral MAC shade\ud83d\udc84\u2705 #mac #lipstick #viral"", ""Oreo just went PURPLE \ud83d\udc9c\ud83c\udf6a #bts #oreo #food #fyp #viral""]",trishlasingh2025@gmail.com,channel description,Not Found,Not Found,Not Found,Not Found,Not Found,IN,Not Found,2026-08-23T12:32:06Z,47.16,FAIL,"[""followers outside configured range or unavailable""]",Indian skincare routine,2026-10-01T18:04:39.628550+00:00
UCkNbMc3AepBNlFFqrpTCRNQ,Khyati Umraniya,YouTube,https://www.youtube.com/channel/UCkNbMc3AepBNlFFqrpTCRNQ,234.0,537.8,0.0623056351199637,"skincare, makeup, beauty, fashion, outfit, haul, hair, style, grwm","skincare, makeup, beauty, fashion, outfit, haul, hair, style, grwm","[""Jagannath Puri\ud83d\uded5|Jagannath Darshan & Bhubaneswar Trip|Odisha Vlog #shorts #travelvlog #jagannathpuri"", ""Mumbai\u2019s Most Viral South Indian Cafe?\ud83d\ude31\ud83d\udd25#rameshwaramcafe #ytshorts #mumbaifood #foodlover"", ""Airport GRWM \u2708\ufe0fTravel Day Glow Up #grwm #airportlook #ytshorts #makeuproutine #viralshorts"", ""FREE Beauty Freebies I Got from Tira Shopping Haul|Worth It?\ud83d\ude31\ud83d\udc84#haul #makeup #ytshorts #tirabeauty"", ""Summer Skincare Routine | Hot Weather Glow-Up Secrets\u2600\ufe0f\ud83d\udd76\ufe0f#ytshorts #skincareroutine #viralshorts"", ""Picnic Day in My Life\ud83e\uddfa\ud83c\udf3f|Simple, Calm&Happy Moments #ytshorts #picnic #minivlog #ashortaday #vlog"", ""These 3 Beauty Products are 100% Worth It\ud83d\ude0d\u2728#musthave #makeupessentials #beautyproducts #ytshorts"", ""Must Have Lipstick for Every Girl\ud83d\udc8b\ud83d\udc84#lipstick #lipcombo #mamaearth #ytshorts #ashortaday #fyp"", ""Wait Till the End\ud83d\ude0d| Final Outfit Reveal + Mehndi\u2728#ytshorts #grwm #ethnicwear #indianfashion #fyp"", ""Stop Hair Breakage!\ud83d\ude31Best Detangling Comb Hack you NEED to Try#detanglingbrush #hairtools #ytshorts""]",Not Found,Not Found,Not Found,Not Found,Not Found,Not Found,Not Found,Not Found,Not Found,2026-09-11T09:30:31Z,75.56,FAIL,"[""followers outside configured range or unavailable""]",Indian skincare routine,2026-10-01T18:04:39.628550+00:00
UCgKAQLRtCxFZ5sce_cG3RPQ,Lyf with Damu 💖,YouTube,https://www.youtube.com/channel/UCgKAQLRtCxFZ5sce_cG3RPQ,151.0,1229.4,0.0336131358605123,"skincare, beauty, style, grwm","skincare, beauty, style, grwm","[""Neempack\ud83e\uddff\ud83e\udef6\ud83c\udffb #ayurveda #harbal #asian #beauty #shorts #acneremoval #goviral #indian #desi #skin"", ""Raisin\ud83e\udd64#periods #cramping #fyp #goviral #healthy #drink #girls #yt #youtubeshorts #shorts #love"", ""Movie\ud83c\udfa5Time #ytshorts #hanumanansh #balaji #shorts #fyp #bhakti #movie #yt #good #jaishreeram #grwm"", ""Night skincare\ud83e\uddf4\ud83e\uddd1\ud83c\udffb\u200d\u2695\ufe0f #yt #ytshorts #skincare #glowup #grow #goviral #famous #indian #roots #fyp"", ""GRWM\ud83e\uddd1\ud83c\udffb\u200d\u2695\ufe0f#hospital #shift #balaji #motivation #career #grwm #shorts #viral #beginners #medical #fy"", ""BABA\ud83d\ude4f\ud83c\udffb\ud83e\uddff #beginners #balaji  #journey #youtube #channel #health #teaching #nurse #medical #shorts"", ""Healthy Drink\ud83e\udd64#food #goviral #aestheic #shorts #diabetes #women #turmeric #homemade #healing #cure"", ""Alkaline Drink #healthylifestyle #detoxdrink #grow #glowup #staystrong #shorts #homemade #goviral"", ""GRWM\ud83c\udf3b #grwm #shorts #love #oldsong #goviral #yellow #suit #indian #style #desi #viralshorts #grow"", ""Indian roots\ud83e\uddff#indian #beauty #naturalbeauty #remedies #skincare #detanning #asthetic #shorts #fyp""]",Not Found,Not Found,Not Found,Not Found,Not Found,Not Found,Not Found,Not Found,Not Found,2026-09-23T02:36:06Z,66.75,FAIL,"[""followers outside configured range or unavailable""]",Indian skincare routine,2026-10-01T18:04:39.628550+00:00
UCaRCBBnN8jyP-6h5py_MFkw,Mich Molina,YouTube,https://www.youtube.com/channel/UCaRCBBnN8jyP-6h5py_MFkw,3.0,403.6666666666667,0.0095041322314049,"skincare, makeup, beauty, hair","skincare, makeup, beauty, hair","[""Abriendo los regalos de su fiesta."", ""Esto me gustar\u00eda que me regalaran de cumplea\u00f1osBirthday Wishlist."", ""Esto es lo que compro para cuidar mi piel Stefanomakeup.""]",Not Found,Not Found,Not Found,Not Found,Not Found,Not Found,Not Found,US,Not Found,2026-10-01T15:50:44Z,51.65,FAIL,"[""followers outside configured range or unavailable"", ""engagement rate below threshold or unavailable"", ""country does not match configured region""]",Indian skincare routine,2026-10-01T18:04:39.628550+00:00
UCJwE2Q6bY13Ny18C6SBEjIA,Mijoo skincare,YouTube,https://www.youtube.com/channel/UCJwE2Q6bY13Ny18C6SBEjIA,39.0,612.1,0.0082222726797957,"skincare, beauty","skincare, beauty","[""Meet Suhana sharing her experience for Mijoo Eternal Glow Serum #review #koreanskincare #serum"", ""Mijoo sun comfort spf is lightweight everyday sunscreen with rice probiotics #spf #sunscreen #rice"", ""Don\u2019t ever question my loyalty for Mijoo legacy cushion cream #loyalty #koreanskincare #moisturizer"", ""Rice+Foam+little ASMR. Meet your new favourite cleansing ritual. #koreanskincare #kbeauty #cleanser"", ""A little rice inspired skincare goodness for your every glow with Legacy cushion cream #kbeauty"", ""Skincare but little extra with Mijoo\u2019s full range #skincareroutine #koreanskincare #bedazzled"", ""Your simple 2-step skincare routine with Mijoo\u2019s cleanser and cushion cream #koreanskincare #glow"", ""Rice gelato for heart, Mijoo spf for skin #skincare #spf #sunscreen #lovelanguage #rice #gelato"", ""This Rakhi skip the usual gifts and give your sibling they\u2019ll actually use #rakshabandhan #skincare"", ""Love putting \ud83c\udf5a in stomach with mijoo skincare range #skincare #koreanskincare #glow #ricewater""]",Not Found,Not Found,Not Found,Not Found,Not Found,Not Found,Not Found,Not Found,Not Found,2026-10-01T12:20:34Z,50.76,FAIL,"[""followers outside configured range or unavailable"", ""engagement rate below threshold or unavailable""]",Indian skincare routine,2026-10-01T18:04:39.628550+00:00
UCJkxJ3XGTbX4oMVoVaeuDuw,Beauty Plush,YouTube,https://www.youtube.com/channel/UCJkxJ3XGTbX4oMVoVaeuDuw,1500.0,3136.8,0.0650337449667626,"skincare, makeup, beauty, fashion, cosmetics","skincare, makeup, beauty, fashion, cosmetics","[""Get ready with me\ud83d\ude0d\u2665\ufe0f #skincare #skincareobsessed #beauty#makeup#beautyplush"", ""Top Essential serums for skin || Get clear and glowing skin"", ""Summer Skincare and Makeup || Sweat Proof long lasting"", ""Denver Caliber 100ml #DenverForMen #ScentOfSuccess #Denver #COUPON CODE:DEN2"", ""WOW Skin Science Aloe Vera - Review + Demo + Result | Indian Skincare | Aloe Vera Benefits"", ""3 Step Vitamin C Routine to get Brighter Skin || Pilgrim Vitamin C Range"", ""Blueheavencosmetics Eye Essential Kit"", ""My skincare regime - Pilgrim Body Serum Lotion || Winter Skincare"", ""Sugar Cosmetics|| Wedding makeup kit|| Honest Review"", ""Fresh Summer Makeup Look | Sweat proof | Long lasting""]",Not Found,Not Found,Not Found,Not Found,Not Found,Not Found,Not Found,IN,Not Found,2023-09-05T14:44:47Z,60.0,FAIL,"[""followers outside configured range or unavailable"", ""last upload is older than configured activity window""]",Indian skincare routine,2026-10-01T18:04:39.628550+00:00
UCopdrWk3Wa2lJX0UPeNcZ_Q,Aesthetic Skincare,YouTube,https://www.youtube.com/channel/UCopdrWk3Wa2lJX0UPeNcZ_Q,27.0,518.4,0.0243852840279694,"skincare, beauty, hair","skincare, beauty, hair","[""Medicube collagen night wrapping mask\ud83e\ude77 #medicube #skincare #ugc #trending #trendingshorts"", ""Dermaco 1% salicylic acid gel face wash"", ""\u2728 Indulge in juicy goodness of Blackcurrant & Bearberry with every shower #Fiama #ShowerGel"", ""Plum rice water & niacinamide toner boosts glow, hydration helps with pores & uneven tone #ricetoner"", ""Bake aloe vera gel Multi-use care for face, body & hair. #Bake #BakeReview #Bakeskincare"", ""Everyuth naturals nourishing Aloe Vera and cucumber gel #skincare #skincareroutine #everyuthnaturals"", ""Re'equil Ceramide & Hyaluronic Acid Moisturiser which strengthen skin barrier. #skincare #reequil"", ""hyalu gel non sticky,non oily,non comedogenic aqueous gel,fragrance free. #hyaluronicacid #skincare"", ""Vaseline 48 hr long lasting moisturization. Cocoa glow - provides rich MOISTURIZATION #vaseline"", ""Lakme skin perfect collection Peach milk creme moisturizer,  2% pro ceramide & peptide. #lakme""]",Not Found,Not Found,Not Found,Not Found,Not Found,Not Found,Not Found,Not Found,Not Found,2026-06-18T13:40:03Z,42.07,FAIL,"[""followers outside configured range or unavailable"", ""last upload is older than configured activity window""]",Indian skincare routine,2026-10-01T18:04:39.628550+00:00
UC8kkIP8GFKDvJv5eLsM_mbw,Manika Luhach,YouTube,https://www.youtube.com/channel/UC8kkIP8GFKDvJv5eLsM_mbw,100.0,207594.6,0.0371989188484622,"skincare, makeup, grwm","skincare, makeup, grwm","[""Family trip moments \ud83c\udf43 #familytrip #conoor #travel"", ""Summer skincare \ud83e\ude75 #indianskincare #skincare #skin careroutine"", ""Skincare routine for barrier repair and cleansing deeply \ud83e\ude75 #indianskincare #skincareessentials"", ""Just 4 steps for Sunmer Makeup look ready \ud83e\ude75\ud83c\udf43 #indianskincare #makeup #glowyskin #summermakeup"", ""A Kajal that feels like you upgraded your whole ethnic eye makeup \ud83c\udf37\ud83e\udd0c #kajal #kajalreview"", ""GRWM desi core \ud83e\udda2\ud83e\udd0d #makeuptutorial #makeupartist #desimakeuplook"", ""Stop what you\u2019re doing because this is NOT a drill \ud83e\udee2Asaya is giving sitewide 25% OFF on everything!"", ""What better than a champi session, that have benefits too \ud83c\udf37"", ""Clean girl makeup energy \ud83c\udf37 #makeup #skincare #makeuptutorial #cleangirlmakeup #cleaningmotivation"", ""Will you come thru ? \ud83e\ude75""]",Not Found,Not Found,Not Found,Not Found,Not Found,Not Found,Not Found,Not Found,Not Found,2026-04-24T05:37:29Z,51.04,FAIL,"[""followers outside configured range or unavailable"", ""last upload is older than configured activity window""]",Indian skincare routine,2026-10-01T18:04:39.628550+00:00
UCrYcHTAo4lCo5yPdXosWedQ,L’Oréal Paris India,YouTube,https://www.youtube.com/channel/UCrYcHTAo4lCo5yPdXosWedQ,352000.0,2092.2,0.0092558704513944,"skincare, makeup, beauty, hair","skincare, makeup, beauty, hair","[""New L'Or\u00e9al Paris Glycolic-Bright Dark Spot Serum with MELASYL\u2122 | New Found Secret|"", ""L'Or\u00e9al Paris x Shark Tank India: Early Access & Mentorship for Women Entrepreneurs"", ""NEW Infallible Tinted Serum Foundation by L\u2019Or\u00e9al Paris | Dewy & Radiant Coverage"", ""L'Or\u00e9al Paris Matte by Color Riche"", ""L\u2019Or\u00e9al Paris Infallible Setting Mist"", ""L'Or\u00e9al Paris | Extensionist Mascara"", ""Own Your Gold with L\u2019Or\u00e9al Paris Color Riche Lipsticks"", ""L'Or\u00e9al Paris | I'm Worth It, My Lipstick is Worth It: Alia Bhatt's Shade 601 Worth It"", ""L\u2019Or\u00e9al Paris | New Infallible Laque Resistance Lipstick: One Swipe Infallible Shine"", ""Get Alia\u2019s Festive Look with L\u2019Or\u00e9al Paris""]",Not Found,Not Found,Not Found,Not Found,Not Found,Not Found,Not Found,IN,Not Found,2026-07-15T11:29:34Z,34.15,FAIL,"[""followers outside configured range or unavailable"", ""engagement rate below threshold or unavailable""]",Indian skincare routine,2026-10-01T18:04:39.628550+00:00
UC-F-Yd2zaDbXaFZCaMsbctg,mulani family vlogs 1M,YouTube,https://www.youtube.com/channel/UC-F-Yd2zaDbXaFZCaMsbctg,586.0,951.0,0.0187109535852939,"skincare, style","skincare, style","[""logo ka kaam h kehna\u2728#shortvideo#shortsfeed"", ""beshaq\u2728#subscribe #motivation#shortsfeed#viral"", ""\ud83c\udf80 selfcare vlog of Indian housewife\ud83d\udc83 #skincareroutine#metime#lifestylevlog#indianvlogger "", ""beshaq\u2728\ud83e\udd32\ud83d\udc4d#islamicvideo#viralvideo"", ""log kya kahenge\u2728#motivation#shortvideo#viral"", ""Aameen\u2728\ud83e\udd32#subscribe#shortvideo#viral"", ""mulani family vlogs  is live!"", ""Allah dekhte hai\u2728\ud83e\udd32\u2665\ufe0f#subscribe#islamicvideo#shortsfeed#viral"", ""\ud83e\uddd5 Productive Night Routine for Moms That Brings a Peaceful morning \ud83c\udf05#indianmuslim#healthylifestyle"", ""khud se mohabbat karo\u2728\ud83e\uddd5\ud83c\udf80#subscribe#motivation#viral""]",Not Found,Not Found,Not Found,Not Found,Not Found,Not Found,Not Found,Not Found,Not Found,2026-09-30T04:57:50Z,57.88,FAIL,"[""followers outside configured range or unavailable""]",Indian skincare routine,2026-10-01T18:04:39.628550+00:00
UCAi2N8XJYtYkphiT9BEkMWA,Ika's vlog,YouTube,https://www.youtube.com/channel/UCAi2N8XJYtYkphiT9BEkMWA,302.0,89.5,0.0941593256593451,"skincare, makeup, beauty, fashion, style, cosmetics","skincare, makeup, beauty, fashion, style, cosmetics","[""#Skincare Routine  #Emolene #Moisturizer"", ""Golden saree, flawless makeup, and chandbali perfection.  #GoldenGlam #DesiElegance #FavoriteLook\"""", ""3 important steps for light makeup #makeup #makeuptutorial #selfmakeup"", ""wear Blue glitter Eyeshadow look  |  follow the simple tricks"", ""How to apply kajal/ liner pencil on lower lid | simple eye look makeup"", ""simple eyemakeup | very easy eyelook | Lower lash line"", ""How to shape your eyebrows with razor blade?"", ""Soft glam makeup | glowing makeup  | Newyear party makeup look"", ""Trell App | Affordable lipstick under 100 | Insight lipstick swatches and reviews"", ""\u0985\u099c\u09be\u09a8\u09be \u09aa\u09be\u09b0\u09cd\u0995\u09c7\u09b0 \u09b8\u09a8\u09cd\u09a7\u09be\u09a8\u09c7 | \u09a6\u09c1\u09b0\u09cd\u0997\u09be\u09aa\u09c1\u09b0 \u09ac\u09cd\u09af\u09be\u09b0\u09c7\u099c| |Durgapur barrage""]",Not Found,Not Found,Not Found,Not Found,Not Found,Not Found,Not Found,IN,Not Found,2024-06-06T11:59:22Z,60.0,FAIL,"[""followers outside configured range or unavailable"", ""last upload is older than configured activity window""]",Indian skincare routine,2026-10-01T18:04:39.628550+00:00
UCIr7tBqL2h4nCOlKnBLQDVw,TribalGlow,YouTube,https://www.youtube.com/channel/UCIr7tBqL2h4nCOlKnBLQDVw,21.0,365.6666666666667,0.0631784139573916,"skincare, makeup, beauty, hair","skincare, makeup, beauty, hair","[""Multani Mitti (Fuller's Earth) for Clear Skin \u2728\ud83e\udd0d\u2728 #ClearSkinTips"", ""The History Behind Korean Sheet Masks \u2728\ud83e\udd0d\u2728 #KoreanSheetMasks"", ""Ancient Egyptian Beauty Hacks: Cleopatra\u2019s Natural Skincare Routine Revealed #AncientSkincare"", ""3 Unique Indian Beauty Hacks You Need to Try! \u2728\ud83e\udde1\u2728 #AncientBeautySecrets"", ""Why Koreans Swear by Snail Mucin for Skincare? \u2728\ud83d\udc9b\u2728 #KBeauty"", ""Korean Face Massage for Glowing Skin \u2728\ud83e\ude75\u2728 #KoreanFaceMassage"", ""The Ancient Origins of Korean Skincare: How K-Beauty\u2019s 10-Step Routine Began #BeautyTips"", ""3 Maasai Beauty Hacks for Glowing Skin \u2728\ud83e\udd0e\u2728"", ""How Can Maasai Beauty Secrets Enhance Your Natural Glow? Learn Ancient Techniques! #BeautyTips""]",Not Found,Not Found,Not Found,Not Found,Not Found,Not Found,Not Found,HU,Not Found,2024-09-22T09:35:29Z,60.0,FAIL,"[""followers outside configured range or unavailable"", ""last upload is older than configured activity window"", ""country does not match configured region""]",Indian skincare routine,2026-10-01T18:04:40.070545+00:00
UCG8e0xN2DQB2TV_Od1oK-5g,Mrymlenss,YouTube,https://www.youtube.com/channel/UCG8e0xN2DQB2TV_Od1oK-5g,162.0,596.9,0.0350042689983015,"skincare, makeup, style, grwm","skincare, makeup, style, grwm","[""\ud83d\udda4"", ""Thank u so mucchi @medicube_global_official  #aprilskin #welcome"", ""\ud83d\udc85\ud83c\udffd Vanish Queen is here \ud83d\udc85\ud83c\udffd#grwm #makeuptutorial #eidmubarak"", ""It\u2019s all Smooch-proof\u2728 \u200b\u2060Yesstyle code- MRYM1991 @yesstyle  #YSKISSPROOF #iamvivez #mrymlenss"", ""Day 3 | Morning skincare routine ft. Indian products \ud83c\udf80 #morningroutine  #indianskincare #reels"", ""Day 2 | My favorite body care products\ud83c\udf80 #indianskincareroutine #mrymlenss"", ""Day 1 | Trying New nude lip combo #lipcombo #youtubeshorts"", ""Mountain Vlog | Finding Peace in Nature "", ""Stability is overrated\ud83e\udd78 #travelshorts #mountain"", ""9 AM morning moments \u2615\ufe0f | Mrymlenss""]",mariamafrin88@gmail.com,channel description,Not Found,Not Found,Not Found,Not Found,Not Found,BD,Not Found,2026-05-01T17:51:31Z,49.5,FAIL,"[""followers outside configured range or unavailable"", ""last upload is older than configured activity window"", ""country does not match configured region""]",Indian skincare routine,2026-10-01T18:04:40.070545+00:00
UCq9mqGilIvvQXU78dhmg2UQ,The Vibe Veloura,YouTube,https://www.youtube.com/channel/UCq9mqGilIvvQXU78dhmg2UQ,55.0,1434.2,0.0207433586684317,"skincare, makeup, beauty, hair, style","skincare, makeup, beauty, hair, style","[""Indian skincare secrets you need to know \ud83e\udeb7\ud83d\udc95 #skincare #beautytips #beauty #ytshorts"", ""Healthy body\u2728 Healthy Mind \u2728 Healthy Soul\u2728 #healthylifestyle #peaceful #shorts"", ""Indian skincare secrets \ud83e\udeb7 you need to know \u2728 #skincare #indian #skincaretips"", ""Want long hair in 30 days?\u2728Follow these steps\ud83d\udc95 #haircaretips #hairgrowth #shorts #ytshorts"", ""Natural Glow up simple habits\u2728 #naturalglow #glowup #beauty"", ""Want clear legs like this? \u2728 #clearskin #skincaretips #glowingskin"", ""glowup tips \ud83d\udc95 #skincare #beautytips #glowup #beauty"", ""Glow Without Expensive Products \u2728 #glownaturally #skincaretips #beautyhacks #healthyskin #beauty"", ""Simple Skincare routine for healthy glowing skin\u2728 #skincare #glowingskin #selfcare #beautytips"", ""Want Clean and clear skin like this fast?\u2728 This glycolic acid toner is a game changer see how\u2764\ufe0f #yt""]",Not Found,Not Found,Not Found,Not Found,Not Found,Not Found,Not Found,Not Found,Not Found,2026-07-11T18:39:13Z,41.3,FAIL,"[""followers outside configured range or unavailable""]",Indian skincare routine,2026-10-01T18:04:40.070545+00:00
UCTWsMu2CthOoStHFe5qlYLw,Skin & Scenes with S,YouTube,https://www.youtube.com/channel/UCTWsMu2CthOoStHFe5qlYLw,45.0,765.1,,"skincare, makeup, beauty, fashion, outfit, style, grwm","skincare, makeup, beauty, fashion, outfit, style, grwm","[""Day in My Life: Quiet Evenings + Healthy Indian Meals #minivlog"", ""Rakhi 2026 GRWM | Outfit, Jewellery & Makeup Look #shorts"", ""Weight Loss Meals + Day in My Life | Healthy Indian Diet #minivlog"", ""What I Eat in a Day for Weight Loss | Paneer & Makhana Snacks #shorts"", ""Weight Loss Meals + Day in My Life | Zero Calorie Noodles Hack #weightlosssuccess #shorts"", ""My Morning Routine for Weight Loss | Protein Coffee + healthy breakfast #fitnessroutine"", ""Day in My Life: Cheat Meal Day (Aloo Puri, Malpua & More)"", ""Day in My Life: Healthy Weight Loss Diet (Indian Meals) #eatfit"", ""Weight Loss Meals + Day in My Life | Indian Diet Plan"", ""Day in My Life: Weight Loss Diet + Airfried Recipes (Indian Meals)""]",Not Found,Not Found,Not Found,Not Found,Not Found,Not Found,Not Found,IN,Not Found,2026-08-29T14:00:31Z,37.67,FAIL,"[""followers outside configured range or unavailable"", ""engagement rate below threshold or unavailable""]",Indian skincare routine,2026-10-01T18:04:40.070545+00:00
UCTn7oBnqZTV5PaC0-u2RZXw,Grace Molefi,YouTube,https://www.youtube.com/channel/UCTn7oBnqZTV5PaC0-u2RZXw,47.0,56.0,0.1932907071763971,"skincare, beauty, haul, style","skincare, beauty, haul, style","[""Chit chat: life update + transitioning into adulthood + navigating life in my 20s"", ""homebody vlog | slow winter days at home"", ""#vlog | work day + my 5-9 + night routine"", ""Am I the only one who is picky when it comes to pens?"", ""LEAVING INDIA FOR GOOD | MY LAST 24 HOURS"", ""Indian Skincare Haul | Restocking My Routine, Dot & Key, The Derma Co + More"", ""Honest Review of Indian Skincare Products | Affordable Skincare Routine"", ""I Got a Camera! | Sony ZV-1 Unboxing\ufffc, Honest Review & Must Have Accsesories"", ""I Finally Visited the Taj Mahal | Shopping & more!"", ""a day at lodhi garden + mini sytorytime & reset""]",Not Found,Not Found,Not Found,Not Found,Not Found,Not Found,Not Found,IN,en-GB,2026-06-17T15:30:39Z,60.0,FAIL,"[""followers outside configured range or unavailable"", ""last upload is older than configured activity window"", ""language does not match configured language""]",Indian skincare routine,2026-10-01T18:04:40.070545+00:00
UCjXFcAQp_YgooFm7ctMDoGQ,Skinderella,YouTube,https://www.youtube.com/channel/UCjXFcAQp_YgooFm7ctMDoGQ,27.0,1612.2,0.0063671021719165,"skincare, makeup, beauty, haul, style, cosmetics","skincare, makeup, beauty, haul, style, cosmetics","[""5 must have products in your skincare routine!! #skincare #shorts #beauty #korean #skincareblogger"", ""This Frudia Hand Cream Made Me Take Hand Care Seriously #shorts #handcare #skincare #frudia #beauty"", ""Clinique 100H moisture surge.. is it worth the price? #shorts #skincare #premiumskincare #clinique"", ""Will These Fix open Pores,Texture & Comedones? #skincare # #openpores #medicube #shorts #honest #ok"", ""Exfoliation using Glycolic acid magic! #shorts #glycolicacid #skincare @theordinary @iunik_official"", ""15 mins to babysoft glass skin. beauty of joseon glow mask! #shorts #viral #koreanbeauty #glassskin"", ""Morning skincare doesn\u2019t have to be complicated! 3 steps only! #shorts #skincareroutine #sunscreen"", ""This 1 toner pad= 3 skincare steps| Tea Tree + Lactobacillus + Hydration! #shorts #skincare #beauty"", ""Testing the #maybellinesuperstay teddy tint that lasts all day! #shorts #makeup #lipstick #review"", ""Unboxing the new @SwissBeautyCosmetics Lipstick in Glimmer Coral. \u2728#shorts #makeup #beauty \u200b#glam""]",Not Found,Not Found,Not Found,Not Found,Not Found,Not Found,Not Found,Not Found,Not Found,2026-06-18T14:05:20Z,29.46,FAIL,"[""followers outside configured range or unavailable"", ""engagement rate below threshold or unavailable"", ""last upload is older than configured activity window""]",Indian skincare routine,2026-10-01T18:04:40.070545+00:00
UCAYYc5oGzJoNVcjz2auqyVg,Beauty l skincare ,YouTube,https://www.youtube.com/channel/UCAYYc5oGzJoNVcjz2auqyVg,372.0,3935.9,0.0157139738501055,"skincare, makeup, beauty, hair, cosmetics","skincare, makeup, beauty, hair, cosmetics","[""Want Chanel chance vibes \u2026. This is it \ud83c\udf38\ud83e\udd0d #shorts #perfume #cleangirl"", ""The Dupe works even better \ud83d\udc40\ud83e\udd0d #glycolicacid #dupes #skincare #trending #shorts"", ""Perfume dupes you need to try ASAP \ud83c\udf38\u2728 #perfume #thatgirl #shorts #trendingshorts"", ""Perfume dupe you need to try \ud83e\udd0d\u2728#ashortaday #dupes #trending #perfume #boldscent"", ""Rhode barrier butter dupe from indian brand \u2728\ud83e\udd0d #shorts #hyphen #dupealert #trendingshorts"", ""Huda beauty easy blur foundation dupe from indian brand \ud83e\udd0d\u2728#shorts #makeupdupes #hudabeauty"", ""Makeup forever all in one palette dupe \ud83e\udd0d\ud83c\udf80 #shorts #trendingshorts #dupes"", ""Huda beauty easy blur foundation dupe \ud83e\udd0d #shorts #trendingshorts #affordabledupes  #hudabeauty"", ""Mac strobe cream dupe \ud83e\udd0d\ud83e\ude70#shorts #affordabledupes #trending"", ""Rhode glazing milk dupe \ud83e\udd0d\ud83c\udf80 #hyphen #shorts #dupes #trendingshorts""]",Not Found,Not Found,Not Found,Not Found,Not Found,Not Found,Not Found,IN,Not Found,2026-05-20T17:27:33Z,36.0,FAIL,"[""followers outside configured range or unavailable"", ""last upload is older than configured activity window""]",Indian skincare routine,2026-10-01T18:04:40.070545+00:00
UCMUw7OnKTT3SCkZDr93q5TA,Beauty & Bites By Tooba ,YouTube,https://www.youtube.com/channel/UCMUw7OnKTT3SCkZDr93q5TA,8530.0,274.3,0.032533264224188,"skincare, makeup, beauty, fashion, haul, hair, style, cosmetics","skincare, makeup, beauty, fashion, haul, hair, style, cosmetics","[""Desi Sarson ka Saag Banane ka Tarika | Easy Saag Recipe #shorts #cooking"", ""Saag Banane ka Tarika | sarson ka Saag | Indian's special Saag Recipe| Village Cooking Vlog "", ""Magical Oil for Extreme Hair Growth #haircare #oil #hairoil #shorts #ytshorts"", ""Grow Hair Faster Naturally | Transformational Challenge For Long Thick, Shiny Black Hair "", ""\ud83d\ude31\u2728 In 3 Days Only! This Anti-Aging Mask Tightens Your Skin & Erases Wrinkles Like Magic \ud83d\udc86\u200d\u2640\ufe0f\ud83c\udf38"", ""Besan Face Pack For Glowing Spotless Skin #skincare #beautytips #diy #ytshorts #skincareroutine"", ""100% Challenge To Get Fair Skin in Just 1 Night / Besan Face Pack for Glowing Skin | Spotless Skin "", ""DIY Coffee Body Scrub #skincare #diy #ytshorts #shorts"", ""DIY Coffee Body Scrub | Homemade Remedy for removing tan and Pigmentation | Body Scrub |"", ""Affordable Skin Polish \u2022 Dermacos skin whitening products | How to look pretty in 2 steps ""]",toobarana1408@gmail.com,channel description,Not Found,Not Found,Not Found,Not Found,Not Found,PK,Not Found,2025-11-26T15:43:37Z,67.77,FAIL,"[""last upload is older than configured activity window"", ""country does not match configured region""]",Indian skincare routine,2026-10-01T18:04:40.070545+00:00
UCuRLwAVCNjdl64XtJMBPqVg,Arti Shukla,YouTube,https://www.youtube.com/channel/UCuRLwAVCNjdl64XtJMBPqVg,8790.0,1787.9,0.0935677328839277,"skincare, hair","skincare, hair","[""Top 5 Nude Lipsticks |My Most Favorite |Affordable|Not Sponsored #princessArtiVlog"", ""How To Wash Hair PROPERLY | Dos & Don'ts While Washing Your Hair To Stop Hairfall Naturally[HINDI]"", ""How To Oil Your Hair The Right Way |Oiling Tips For Healthy Hair | \u092c\u093e\u0932\u094b\u0902 \u0915\u094b Oil \u0915\u0930\u0928\u0947 \u0915\u093e \u0938\u0939\u0940 \u0924\u0930\u0940\u0915\u093e"", ""Teenage Morning Skincare Routine| 2021 | for Clear and Glowing skin |Easy & Quick |#princessartivlog"", ""My Morning Skincare Routine  For Clear Spotless Glowing Skin |Indian Skincare |Non sponsored"", ""Revealing My Hair Care Secret | Hair Care Routine | Long, Shiny And Healthy Hair | Hair Growth"", ""How to Get Shiny, long ,clean nails at home  Whiten Your Nails Naturally In Just 5 Minutes"", ""Dark spots, black spots, pimples spots, pigmentation - remove fast/get spotless skin/100% effective"", ""How to grow long Eyelashes fast Guranteed Longer Eyelashe Grow Long Thick, Strong Eyelashe & Eyebrow"", ""How to remove Blackhead or whitehead from nose in just 2 minutes at home  best & easy""]",Not Found,Not Found,Not Found,Not Found,Not Found,Not Found,Not Found,IN,Not Found,2021-02-19T06:21:32Z,80.0,FAIL,"[""last upload is older than configured activity window""]",Indian skincare routine,2026-10-01T18:04:40.070545+00:00
UCIiMoLhtTn7JxPeZtXWtOJA,SrishtiDutta,YouTube,https://www.youtube.com/channel/UCIiMoLhtTn7JxPeZtXWtOJA,214.0,202.3,0.0779537294886478,"skincare, makeup, beauty, style","skincare, makeup, beauty, style","[""virupaksha temple, hampi. A visual treat to your eyes. #hampi #hampitemple #hampidiaries"", ""Krishna Temple., Hampi.#hampi #hampitemple #hampidiaries"", ""When the monday morning don't go as planned\ud83c\udf41. #mylifevlog #strengthinchaos #mondaymotivation"", ""Shaving my Face || Post & Pre Skincare  Rituals After Shaving ||"", ""|| A day in my life || What I did on Saturday || Weekend Vlog || Vlog 3"", ""||My Favourite Face Maks ||"", ""focus on progress not perfection #youtubeshorts #lifestylevlog #shorts #beautyvlogger #reminder"", ""***Hydration is the key ****#youtubeshorts #shorts #skincare101 #beautyvlogger #skincare"", ""||Glowing Skin Routine || Toner Layering || Exfoliating Clay Mask ||"", ""#travelshorts #gokarna #shorts #youtubeshorts #beautyvlogger #lifestylevlog""]",srishtidofficial@gmail.com,channel description,https://www.instagram.com/beautyjournalistofficial,Not Found,Not Found,Not Found,Not Found,IN,Not Found,2023-10-06T20:22:49Z,60.0,FAIL,"[""followers outside configured range or unavailable"", ""last upload is older than configured activity window""]",Indian skincare routine,2026-10-01T18:04:40.070545+00:00
UClNKrWMy_fWgmAcchIrdtdg,Kaveri Paul,YouTube,https://www.youtube.com/channel/UClNKrWMy_fWgmAcchIrdtdg,175.0,1657.5,,"skincare, makeup, beauty, haul, style","skincare, makeup, beauty, haul, style","[""Comment for link \ud83d\udd17"", ""Bong girl transformation \ud83e\udee3 #transformation #bengali #shorts #ytshorts #bongbeauty"", ""Fav lipstick from Zepto !!! \ud83d\udc8b\ud83e\uddf8\ud83e\udd0e@Elle18India"", ""90's Lip Combo ft @Elle18India"", ""Comment for link \ud83d\udd87\ufe0f #indianskintone #browngirl #makeuptutorial #nykaahaul #shorts #ytshorts"", ""Comment for link \ud83d\udd17#browngirl #glossylip #lipgloss #recommended #weddingseason"", ""Comment for link \ud83d\udd87\ufe0f #sunscreen #dryskin #highlyrecommended #dermatologist"", ""Comment for link \ud83d\udd87\ufe0f#indianskintone #browngirl #liptint #etude #recommended"", ""Downfall ho ya glowup, lip gloss NEVER stops Garlies \ud83d\udc8b #girlhood #glowup #lipgloss #shorts"", ""I didn\u2019t know lash serums could contain THIS\u2026 \ud83d\ude33\ud83d\udc40""]",life.of.kaveri2024@gmail.com,channel description,Not Found,Not Found,Not Found,Not Found,Not Found,IN,Not Found,2026-09-30T20:03:34Z,45.0,FAIL,"[""followers outside configured range or unavailable"", ""engagement rate below threshold or unavailable""]",Indian skincare routine,2026-10-01T18:04:40.070545+00:00
UC1kEk68FkgxfYPjabBT_W0g,Ravneet | UGC Creator • Beauty & Lifestyle,YouTube,https://www.youtube.com/channel/UC1kEk68FkgxfYPjabBT_W0g,20.0,1106.8,0.0108540590286961,"skincare, makeup, beauty, outfit, grwm","skincare, makeup, beauty, outfit, grwm","[""Glass skin under budget \ud83d\udcb0\ud83e\udd11"", ""Glossiest lips ever \ud83d\udc84\u2728"", ""2 products, instant glam \u2728\u2728 #strobecream #glassskin #dewybase"", ""Unboxing my favourite summer mineral sunscreen \ud83c\udf3b\ud83c\udf3b"", ""Getting ready to get coffee \u2615\ufe0f in rainy weather! \u26c8\ufe0f #jewellerycollection #artisticjewellery"", ""New Wishcare moisturisers! #oilfreemoisturizer #barrierrepair"", ""True Matte and smudge proof lipsticks! \ud83d\udc84\ud83d\udc84 #smudgeproof #matteinklipstick #lipsticklover"", ""30\u2019s skincare routine! #skincare #skincareroutine #gelmoisturiser"", ""Dot & Key watermelon cooling lip balm \ud83c\udf49\ud83e\uddca#lipbalm #tintedlipbalm #lipbalmwithspf"", ""Sometimes viral skincare is just hype! #collagensupport #antiaging""]",Not Found,Not Found,Not Found,Not Found,Not Found,Not Found,Not Found,Not Found,Not Found,2026-09-28T09:44:17Z,51.93,FAIL,"[""followers outside configured range or unavailable""]",Indian skincare routine,2026-10-01T18:04:40.070545+00:00
UClg1BK5TSUqbepZH4PU_coQ,Aarushi Jain,YouTube,https://www.youtube.com/channel/UClg1BK5TSUqbepZH4PU_coQ,201000.0,56468.2,0.0200650161264418,"skincare, makeup, beauty, fashion, hair, style, cosmetics, lookbook","skincare, makeup, beauty, fashion, hair, style, cosmetics, lookbook","[""Why I Started Using Vitamin C In My Skincare Routine | How It Transformed My Skin"", ""Hair Damage? Repaired! | Dove 10 in 1 Deep Repair Treatment Hair Mask \ud83e\ude75"", ""My Top 3 Sunscreens \u2600\ufe0f"", ""You don't know it yet but The Pond\u2019s Super Light Gel moisturiser is what you need! #ad @pondsindia"", ""How To Boost Hair Growth: The Best Shampoos, Natural Ingredients, And Tips To Try Now"", ""Easy High Glam Wedding Makeup Look | Using Swiss Beauty Select "", ""Lip Combo That Will Get You Compliments!"", ""Festive Makeup Using Just 4 Products Using @SwissBeautyCosmetics "", ""What is GLASS HAIR, and How To Get It?"", ""Benefits of Niacinamide for Acne-Scarring!""]",aarushijain29@gmail.com,channel description,Not Found,Not Found,Not Found,Not Found,Not Found,IN,Not Found,2025-12-25T15:18:21Z,39.05,FAIL,"[""followers outside configured range or unavailable"", ""last upload is older than configured activity window""]",Indian skincare routine,2026-10-01T18:04:40.070545+00:00
UCrQH1EdBG9CIxGVWPBfOOcQ,Honey N Beaute,YouTube,https://www.youtube.com/channel/UCrQH1EdBG9CIxGVWPBfOOcQ,1280.0,592.6,0.0311616712871407,"skincare, beauty, hair, cosmetics","skincare, beauty, hair, cosmetics","[""Face Tan & Uneven Skin Tone-ah? | Honey N Beaute"", ""Golden Glow Soap Unmaiyave Work Aaguma? \ud83d\ude33| Honey N Beaute"", ""Anirudh Ravichander skincare routine\ud83d\ude33\u201d| Honey N Beaute #beauty"", ""Good skin overnight-la varaadhu\u2026 correct skincare + consistency dhaan main! \ud83d\udc9b| Honey N Beaute"", ""Ongaluku Dark Neck Iruka..!!| Honey N Beaute"", ""Celebrity skincare routine idhana!!\ud83d\ude32 Honey N Beaute"", ""\""Chemical\u201d doesn\u2019t automatically mean unsafe. \ud83e\uddea | Honey N Beaute"", ""Two serums may look similar \u2014 but their formulations can behave very differently | Honey N Beaute"", ""Want better sales? Marketing is not just about running ads | Honey N Beaute"", ""From marketing your product to understanding the formulation behind it | Honey N Beaute""]",Not Found,Not Found,Not Found,Not Found,Not Found,Not Found,Not Found,IN,Not Found,2026-10-01T16:00:10Z,66.81,FAIL,"[""followers outside configured range or unavailable""]",Indian skincare routine,2026-10-01T18:04:40.070545+00:00
UCRrENMBllJSeWJ71R4iixtw,Dr. Rashel,YouTube,https://www.youtube.com/channel/UCRrENMBllJSeWJ71R4iixtw,10500.0,1046.1,0.0069380489744718,"skincare, beauty, hair","skincare, beauty, hair","[""A random pimple right before plans? Been there."", ""Charcoal Nose Strip for Blackheads & Whiteheads | Deep Pore Cleansing"", ""White Skin Gel for Brighter, Even-Looking Skin | Arbutin & Niacinamide"", ""Brighten your skincare routine with Vitamin C Face Serum!"", ""Complete Vitamin C Skincare Routine | Brighten & Glow"", ""DR.Rashel White Skin Cream |  Your Daily Glow & Brightening Essential"", ""White Skin Gel for Brighter, Even-Looking Skin | Arbutin & Niacinamide"", ""DR.Rashel Acne Pimple Patch | Targeted Pimple & Blemish Care"", ""DR.Rashel De-Tan Face Pack | Instant Glow & Tan Removal"", ""DR.Rashel Orange Grippy Soap | 76% TFM Grade 1 Soap | Haath Se Na Fisle!""]",Not Found,Not Found,Not Found,Not Found,Not Found,Not Found,Not Found,IN,Not Found,2026-09-30T05:55:06Z,69.63,FAIL,"[""engagement rate below threshold or unavailable""]",Indian skincare routine,2026-10-01T18:04:40.070545+00:00
UC73GQFRhqocL60WocBNkYPw,Makeup by Rutu,YouTube,https://www.youtube.com/channel/UC73GQFRhqocL60WocBNkYPw,32.0,135.8,0.0406851865884867,"skincare, makeup, beauty, cosmetics","skincare, makeup, beauty, cosmetics","[""Easy everyday makeup | Everyday glam | Beginner Friendly Makeup | Beginner Friendly Makeup | 2020"", ""Summer makeup | Easy & lightweight makeup"", ""Full Face Using Only FIVE Products I Soft & Fresh Makeup I Glowing Skin"", ""Full Face Using Drugstore ONLY products #drugstore"", ""Nude Lipsticks Suitable for Brown/Dark Skin tones"", ""Summer Ready Glowing Makeup 2019"", ""2019 Summer Daytime Skincare Routine for Dry Skin"", ""Indian Party Makeup l Huda Beauty New Nude Palette"", ""Trendy Pink & Gold Glittery Eyeshadow Tutorial - Holiday Makeup Look"", ""Fall makeup tutorial + Bronze makeup look""]",Not Found,Not Found,Not Found,Not Found,Not Found,Not Found,Not Found,US,Not Found,2020-06-21T23:58:59Z,53.48,FAIL,"[""followers outside configured range or unavailable"", ""last upload is older than configured activity window"", ""country does not match configured region""]",Indian skincare routine,2026-10-01T18:04:40.070545+00:00
UCWkgwHKW_HwtAop1MphGKNg,REVIEWWIND,YouTube,https://www.youtube.com/channel/UCWkgwHKW_HwtAop1MphGKNg,3300.0,402.5,0.0263297066690392,"skincare, makeup, beauty, fashion, outfit, grwm","skincare, makeup, beauty, fashion, outfit, grwm","[""After bath Skincare for Dry Skin #youtubeshorts #shorts #skincare #dryskin #skincareproducts"", ""GRWM Holi in UK #youtubeshorts #shorts #grwm #grwmoutfit #shortvideo #holispecial #getreadywithme"", ""Chamak Challo transition \u2764\ufe0f#youtubeshorts #shorts #shortvideo #transition #transitionshorts"", ""what works best on Indian Skin \ud83e\udd14 #youtubeshorts #shorts #skincare #indianskin #indianskincare"", ""Quick Morning Skincare Routine #youtubeshorts #shorts #skincareroutine #skincareproducts #skincare"", ""GRWM for a kids birthday party \ud83c\udf89\ud83c\udf89 #grwmoutfit #youtubeshorts #shorts #fashion #grwmwithme #makeup"", ""Quick Winter 5 minute makeup #youtubeshorts #shorts #wintermakeup #quickmakeup #dailymakeup #makeup"", ""Getting Ready to Visit Visa office in UK #youtubeshorts #shorts #grwm #grwmmakeup #grwmoutfit"", ""APT Transition makeup #youtubeshorts #shorts #transition #transitionshorts #shortvideo #beauty"", ""Winter GRWM #youtubeshorts #shorts #grwm #wintergrwm #getreadywithme #winteroutfits #makeup #beauty""]",Not Found,Not Found,Not Found,Not Found,Not Found,Not Found,Not Found,IN,Not Found,2025-03-28T11:33:20Z,43.43,FAIL,"[""followers outside configured range or unavailable"", ""last upload is older than configured activity window""]",Indian skincare routine,2026-10-01T18:04:40.070545+00:00
UCM1LF7MBIgHTOpa6Iejls1Q,roopsii,YouTube,https://www.youtube.com/channel/UCM1LF7MBIgHTOpa6Iejls1Q,26.0,25.1,0.1985913895472719,"skincare, beauty, hair","skincare, beauty, hair","[""7 days challenge (moringa powder)"", ""Organic Care for Timeless Beauty.Ubtan powder #glowingskin #naturalbeauty #skincare"", ""call center #glowingskin #skincare #nnaturalbeautybasic"", ""Grandmother,mother, daughter #glowingskin #nnaturalbeautybasic #naturalbeauty #beauty #tanremoval"", ""\""Pure Nature, Beautiful Skin.\"" \ud83c\udf3f\u2728"", ""Pure Beauty Begins Here\ud83c\udf3f#OrganicSkincare #NaturalBeauty#GlowingSkin#ChemicalFree#roopsiiorganic 1"", ""Time Traveler's Beauty Secret"", ""\ud83c\udf3f Discover the Power of Nature for Beautiful Skin! \ud83c\udf3f"", ""Roopsii organic #organicskincare#naturalbeauty#indianskincare#friendsforever#roopsiiorganic"", ""power of beetroot powder for skin and hair care #glowingskin #haircare #skincare#tanremoval""]",Not Found,Not Found,Not Found,Not Found,Not Found,Not Found,Not Found,Not Found,Not Found,2026-07-14T12:16:02Z,62.44,FAIL,"[""followers outside configured range or unavailable""]",Indian skincare routine,2026-10-01T18:04:40.070545+00:00
UCEIBmYXd-qO6SohUHiMcJQw,skincare and makeup lover,YouTube,https://www.youtube.com/channel/UCEIBmYXd-qO6SohUHiMcJQw,58.0,1146.9,0.0095169198681121,"skincare, makeup, outfit","skincare, makeup, outfit","[""top 5 face wash \ud83d\udc97"", ""lip gloss every girl needs \ud83d\udc97\ud83c\udf38\ud83c\udf1f"", ""choose your indian outfit \ud83c\udf1f\ud83d\udc97\ud83c\udf38"", ""choose your tomboy outfit \ud83c\udf38\ud83d\udc97\ud83c\udf1f"", ""glowing skin \ud83c\udf1f\ud83d\udc97\ud83c\udf38"", ""baddie makeup products \ud83d\udc97"", ""top 5 lipbalm \ud83c\udf80\ud83d\udc93\ud83e\udef6"", ""korean skin \ud83e\udef6\ud83d\udc93\ud83c\udf80"", ""top 5 facewash \ud83c\udf80\ud83e\udef6\ud83d\udc93"", ""skincare which gives you a flawless skin \ud83e\udef6\ud83c\udf80""]",Not Found,Not Found,Not Found,Not Found,Not Found,Not Found,Not Found,Not Found,Not Found,2026-06-11T12:27:34Z,31.66,FAIL,"[""followers outside configured range or unavailable"", ""engagement rate below threshold or unavailable"", ""last upload is older than configured activity window""]",Indian skincare routine,2026-10-01T18:04:40.070545+00:00
UC3rQ_zvoXaPA15zNLtfeHsg,Varsh Talez,YouTube,https://www.youtube.com/channel/UC3rQ_zvoXaPA15zNLtfeHsg,4110.0,1025.2,0.0238889166501425,"skincare, makeup, beauty, fashion, outfit, hair, style, cosmetics, grwm","skincare, makeup, beauty, fashion, outfit, hair, style, cosmetics, grwm","[""Bangalore evening rain #ytshorts #shorts #bangalore #bangaloremonsoon #monsoon #vijay #thalapathy"", ""Ganesha 2026 #yt #shorts #ytshorts #ganesha #karuppu #surya #ganeshchaturthi #bangalore #visarjan"", ""GRWM for office | Pink dress #grwm #grwmoutfit #grwmmakeup #yt #ytshorts #ytviral #ytshortsindia #yt"", ""Dailywear Lipsticks Will Instantly Brighten Up Your Face \u2728 | Brown Skin | Dark lips #lipstick #daily"", ""No Foundation GRWM for Office \u2728 Quick & Easy Everyday Makeup #shorts #vijay"", ""Office GRWM \ud83d\udc9a | No Foundation Makeup | Brown & Oily Skin #grwm #ytshorts #suryajothika #grwmmakeup"", ""Cute & Simple Onam Makeup Look for Kids \ud83c\udf3c\ud83d\udc9b | Easy Onam Look 2026 #onam #onam2026 #onammakeuplook #yt"", ""Effortless Girly GRWM for Office \ud83d\udc95 | Soft & Simple Work Makeup + Outfit #Shorts #grwm #grwmoutfit"", ""Simple GRWM for Office | Minimal Makeup #Shorts #grwm #grwmmakeup #grwmoffice #yt #shorts #outfit"", ""DIY Glow Bracelet at Home \u2728 Easy & Fun Craft for Kids & Adults #Shorts #friends #friendship #diy #yt""]",Not Found,Not Found,Not Found,Not Found,Not Found,Not Found,Not Found,IN,Not Found,2026-09-28T15:54:27Z,61.06,FAIL,"[""followers outside configured range or unavailable""]",Indian skincare routine,2026-10-01T18:04:40.070545+00:00
UCgVZQe5oss1OBNWROp4J10w,Huda Qureshi,YouTube,https://www.youtube.com/channel/UCgVZQe5oss1OBNWROp4J10w,1110.0,1364.9,0.0084488833606253,"skincare, makeup, beauty, fashion, haul, hair, style","skincare, makeup, beauty, fashion, haul, hair, style","[""Affordable Kashmiri Jhumkas Under 249/- \ud83d\ude33 #youtubeshorts #shortsvideo #kashmiri #earrings #jhumka"", ""10 minute cooling hack you NEED this summer \u2600\ufe0f\ud83e\uddca #shorts #summershorts #youtube #relatable #fyp"", ""Your skin needed this deep exfoliation \ud83d\ude33\u2728#exfoliatingscrub #deadskinremoval #skincare #skincaretips"", ""Meesho Sunglasses Under 149/- #shorts #summerfashion #summerspecial #sunglasses #sunglasseshaul"", ""Flaky scalp?Watch this before your next washs\ud83d\udebf#ad #haircare #scalpcare #biolage #viralvideo #explore"", ""Meesho Beautiful Kurta Sets Under Rs499 #shorts #ytshorts #explore #fyp #modestfashion #kurtaset"", ""Is This Korean sunscreen or Indian? \ud83d\udc40\u2728 #shorts #sunscreen #koreansunscreen #explore #youtubeshorts"", ""New Maybelline Serum Lipstick\ud83d\udc84 #ad #maybellineindia #maybellinelipstick #shorts #fyp #explore"", ""Step by Step Soft Glam Makeup Look for Beginners\u2728 #shorts #youtubeshorts #makeuptutorial #makeuplook"", ""Stop skipping sunscreen #shorts #shortvideo #youtubeshorts #explore #sunscreen #skincare""]",hudkureshi90@gmail.com,channel description,https://www.instagram.com/hudbeautyblog,Not Found,Not Found,Not Found,Not Found,IN,Not Found,2026-05-19T08:59:06Z,30.91,FAIL,"[""followers outside configured range or unavailable"", ""engagement rate below threshold or unavailable"", ""last upload is older than configured activity window""]",Indian skincare routine,2026-10-01T18:04:40.070545+00:00
UCMoyNWHUYXcV_QyJKzyfXZg,Life camera skincare,YouTube,https://www.youtube.com/channel/UCMoyNWHUYXcV_QyJKzyfXZg,29.0,357.0,0.0715011930698205,"skincare, haul","skincare, haul","[""Skin care under 30 seconds- part 1 cleansers"", ""Derma co's B1G1 sale recommendations  #skincare #dermaco #skincare #indianskincareroutine"", ""Nykaa summer sale haul\ud83d\udc33\ud83c\udf41""]",darakshanimam07@gmail.com,channel description,Not Found,Not Found,Not Found,Not Found,Not Found,Not Found,Not Found,2024-09-06T06:49:42Z,60.0,FAIL,"[""followers outside configured range or unavailable"", ""last upload is older than configured activity window""]",Indian skincare routine,2026-10-01T18:04:40.070545+00:00
UCH0DtlK2XzDCRmP3_X4oQ-g,Saba beauty tips vlogs· 320K views · 1 hours ago.,YouTube,https://www.youtube.com/channel/UCH0DtlK2XzDCRmP3_X4oQ-g,36.0,69.2,0.1147181319890031,"skincare, makeup, beauty, fashion, hair, style","skincare, makeup, beauty, fashion, hair, style","[""DIY glowing skin serum at home || brightening face glow serum at home #skincare #serum"", ""My First vlog || my first vlog on YouTube || #firstvlog #youtube #viral"", ""Homemade face pack for clear and glowing skin | best homemade face pack for glowing skin  #skin"", ""Banana face pack for skin whitening  | How to skin polish naturally at home | skin polish"", ""Diy Cucumber night cream for skin whitening | cucumber face mask | face mask | face pack"", ""Aloe Vera gel se Bal lambe Karne ka tarika | get silky smooth hair | fast hair growth tips"", ""Masoor dal face mask for skin brightening || Glowing skin ka raaz || Saba beauty tips"", ""Glowing skin home remedy || face pack for glowing skin #skincare #hacks #viralbeautytips"", ""Onion mask for hair growth || hair fall solution at home | Best natural home remedies"", ""In 7 days remove pigmentation,acne dark spots, pimple in just 7 days 100% results | Diy #skincare""]",Not Found,Not Found,Not Found,Not Found,Not Found,Not Found,Not Found,PK,Not Found,2024-09-21T08:08:27Z,60.0,FAIL,"[""followers outside configured range or unavailable"", ""last upload is older than configured activity window"", ""country does not match configured region""]",Indian skincare routine,2026-10-01T18:04:40.070545+00:00
UCLXNx35TtOyK2GjJb-kTbHw,Men's Care (Indian Groomer),YouTube,https://www.youtube.com/channel/UCLXNx35TtOyK2GjJb-kTbHw,81.0,943.9,0.2058340276646305,"skincare, fashion, outfit, hair, style","skincare, fashion, outfit, hair, style","[""TOP 10 HAIRSTYLES FOR MEN|2020"", ""7 WORST HAIR WAX IN INDIA(Watch this before buying)."", ""REMOVE DARK CIRCLES PERMANENTLY|Natural Remedies|Men & Women"", ""HOW TO GET RID OF WHITE/GREY HAIR NATURALLY| Home Made Remedies for MEN|WOMEN."", ""5 BEST  CHEST EXERCISES AT HOME| BODY WEIGHT ONLY| MEN FITNESS"", ""GET LEAN QUICK! 8 Ways to loose body fat Fast!"", ""HOW TO Grow BEARD FASTER NATURALLY| Grooming Tips for Men."", ""How to Prevent yourself from COVID -19. (CORONA VIRUS)"", ""Stop Hair Fall Permanently| How to achieve Healthy Hair."", ""Easy Skin Care Routine For Men.""]",Not Found,Not Found,Not Found,Not Found,Not Found,Not Found,Not Found,IN,Not Found,2020-05-13T04:29:15Z,60.0,FAIL,"[""followers outside configured range or unavailable"", ""last upload is older than configured activity window""]",Indian skincare routine,2026-10-01T18:04:40.070545+00:00
UCwVXyPrBBFCfzAfjPNaWtlA,ELXR Skincare,YouTube,https://www.youtube.com/channel/UCwVXyPrBBFCfzAfjPNaWtlA,2.0,637.6,0.002142771505958,skincare,skincare,"[""Anti Pollution for your skin!"", ""Upgrade your skincare!"", ""Pollution affects your skin too!"", ""Skincare that works for you!"", ""Unisex Skincare made to fight Pollution!""]",Not Found,Not Found,Not Found,Not Found,Not Found,Not Found,Not Found,Not Found,Not Found,2026-01-26T13:49:18Z,14.0,FAIL,"[""followers outside configured range or unavailable"", ""engagement rate below threshold or unavailable"", ""insufficient fashion/beauty keyword matches"", ""last upload is older than configured activity window""]",Indian skincare routine,2026-10-01T18:04:40.070545+00:00
UCc3EBx3nKZSWY501YUCpHdQ,Vignesh Narayan R,YouTube,https://www.youtube.com/channel/UCc3EBx3nKZSWY501YUCpHdQ,286.0,361.0,0.0117770205723716,skincare,skincare,"[""Putting spit on your face for glowing skin? \ud83e\udd22"", ""The Hidden UV Danger: Why Galle cricket is a Skincare Nightmare \ud83c\udfcf\u2600\ufe0f"", ""Stop paying \u20b915,000 for BIRD POOP on your face! #dermtips #science  #SkinCareTips"", ""Before you reach for a corn cap, watch this!"", ""Stop wasting your acne patches! \ud83d\uded1 the wrong one might not do anything at all?"", ""Dal vs. Collagen Supplements: Are they the same? \ud83e\udd14Dont they get broken down in the gut anyway?"", ""Enjoying World Biryani Day without the guilt (or the breakouts)! \ud83c\udf57\u2728"", ""\ud83c\udf27\ufe0f Monsoon Skincare & Health Tips! \ud83c\udf27\ufe0fDon't let the rainy season take a toll on your skin."", ""The Ultimate Skincare Showdown: Don\u2019t let late-night football fever hand your skin a red card!"", ""Think you don't need SPF today? Look again. \u2601\ufe0f\ud83d\udc40 #DermTips""]",Not Found,Not Found,Not Found,https://drvigneshnarayanr.gumroad.com/l/hmksv,Not Found,Not Found,Not Found,Not Found,Not Found,2026-08-28T12:30:07Z,33.19,FAIL,"[""followers outside configured range or unavailable"", ""insufficient fashion/beauty keyword matches""]",Indian skincare routine,2026-10-01T18:04:40.070545+00:00
UCA0ADsFqTVNaajkfpUIJktQ,Glowithshonali ,YouTube,https://www.youtube.com/channel/UCA0ADsFqTVNaajkfpUIJktQ,153.0,419.2,0.0229778954947678,"skincare, style","skincare, style","[""Natural Insulin of body \u2705Small habit. Big impact. \ud83d\udc9a#weightloss #health #walkthrough"", ""Weight loss myths"", ""Stay consistent, even when no one is watching. That's where real growth begins."", ""Top 10 Protein Veg Foods Read caption for bonus info #fitness # #proteindiet"", ""3 Worst beginner fitness mistakes \u2705read caption for more details #fitness #gym #health"", ""25Gms Protein Breakfast \ud83c\udf1fRead description for full receipe #fitness #weightloss #health"", ""Why Strength training is more  important for women?#fitness #strength #womenempowerment"", ""Just kidding read caption for more details"", ""Gut imbalance causes and solutions \ud83c\udf3f #naturalsolutions #gutbrainconnection #guthealth"", ""PCOS WORKOUTS Strength training or cardio which is better in pcos \u2705 #pcos#strength #naturalsolutions""]",Not Found,Not Found,Not Found,Not Found,Not Found,Not Found,Not Found,Not Found,Not Found,2026-07-15T14:27:08Z,43.75,FAIL,"[""followers outside configured range or unavailable""]",Indian skincare routine,2026-10-01T18:04:40.070545+00:00
UChQLOukV0-Filh9vIz2s8sQ,Dr sowmya panuganti ,YouTube,https://www.youtube.com/channel/UChQLOukV0-Filh9vIz2s8sQ,97.0,802.4,0.0202870128783136,"skincare, beauty, hair","skincare, beauty, hair","[""Dark Circles: Causes & Treatment  #skincare"", ""Minoxidil Shedding \u2260 Minoxidil Failing! \ud83d\udc99 #drsowmyapanuganti"", ""Read Description to know more! \ud83d\udc47\ud83d\ude0c #drsowmyapanuganti"", ""\ud83e\uddf4 Does Hair Oil Make Dandruff Worse? #drsowmyapanuganti"", ""Your diet matters more than you think.!!Read Description to know more!!\ud83d\ude0c\ud83d\udc47 #drsowmyapanuganti"", ""Can Your Diet Cause Hair Fall? \ud83e\udd57\ud83d\udc87\u200d\u2640\ufe0f"", ""Real Bald Patch? Read This Before You Ignore It! #drsowmyapanuganti"", ""Read Description to know More!\ud83d\ude0c\ud83d\udc47"", ""\u2728 Simple Skincare Routine for Healthy Skin | Dermatologist Tips"", ""\ud83e\uddf4 The Right Skincare Ingredient for Each Skin Concern!\u2728 #drsowmyapanuganti""]",Not Found,Not Found,Not Found,Not Found,Not Found,Not Found,Not Found,IN,Not Found,2026-10-01T13:30:35Z,59.2,FAIL,"[""followers outside configured range or unavailable""]",Indian skincare routine,2026-10-01T18:04:40.070545+00:00
UCBEM8O8dQIam4Hqyq3SBwmQ,Quench Botanics,YouTube,https://www.youtube.com/channel/UCBEM8O8dQIam4Hqyq3SBwmQ,46400.0,759.5,0.0056105509462259,skincare,skincare,"[""Quench Zit Away Patches work on every type, so your skin can finally catch a break. \ud83e\ude79"", ""Stop popping your pimples and start using Quench acne patches"", ""Your breakout-free era starts now.\u2728"", ""Stop popping! Start patching !\ud83d\udc40"", ""Quench Acne patches are gentle enough for sensitive skin and tough"", ""Bye-bye surprise breakouts! \ud83d\udc9a\u2728"", ""Breakouts happen to the best of us, no judgment here! \ud83d\udc9b"", ""For breakouts and damaged skin, gone overnight."", ""Say goodbye to surprise breakouts with Quench Botanic Pimple Patch"", ""Ultra thin, invisible acne patches for the rescue""]",Not Found,Not Found,Not Found,Not Found,Not Found,Not Found,Not Found,IN,Not Found,2026-09-01T10:10:18Z,49.76,FAIL,"[""engagement rate below threshold or unavailable"", ""insufficient fashion/beauty keyword matches""]",Indian skincare routine,2026-10-01T18:04:40.070545+00:00
UCHzJTuaxOwam5ql34Mz4R3g,defactobeauty_,YouTube,https://www.youtube.com/channel/UCHzJTuaxOwam5ql34Mz4R3g,275.0,2104.8,0.0190372092363267,"skincare, beauty, hair","skincare, beauty, hair","[""Best vitamin C serums in India.#vitamincserumforface #cosrx #minimalist #deconstruct #klairs"", ""Best shampoo in India - sulphate free shampoos. #slsfree #vilvah #ogxshampoo #mauimoisture  #hair"", ""Sulphate-free shampoo in india #ogxshampoo, #vilvah , #mauimoisture #slsfree"", ""Chikankari kurti + jeans."", ""How to take care of your body? #bodycarehack #bodyoil #bodylotion #bodybutters #bodycream"", ""Budget Brown lipsticks for Indian skin #nudelipstick #brownlipstick #lipstickshadeforindianskin"", ""Body washes under 1000 Rs/- . #dryskinbodywash, #bodycare #bodycleanser #winterbodycare"", ""cosrx snail mucin essence - hydrate the skin and fade acne scars. #cosrx #snailmucin #dryskin"", ""Winter creams available in India under 1000rs #wintermoisturizers #winterfacecream #winterskincare"", ""Top body lotions for dry skin - winter body lotions in india under 1000rs #aveeno #bodycare""]",Not Found,Not Found,Not Found,Not Found,Not Found,Not Found,Not Found,IN,Not Found,2024-08-08T15:51:33Z,38.33,FAIL,"[""followers outside configured range or unavailable"", ""last upload is older than configured activity window""]",Indian skincare routine,2026-10-01T18:04:40.070545+00:00
UCwU-RyjFM1MCrb1Ms3w__3g,indian.monarch,YouTube,https://www.youtube.com/channel/UCwU-RyjFM1MCrb1Ms3w__3g,11.0,1462.9,0.006779327675174,"skincare, fashion, style","skincare, fashion, style","[""TOP 3 FRESH+ EVERYDAY WEAR FRAGRANCES FOR MEN #perfume #fragrance #mensfashion"", ""Top 3 BUDGET Cold Weather Perfumes That You Absolutely Need #perfume #menslifestyle"", ""Top 3 Budget Perfumes For Men Under 3000 That Will Definitely Get Compliments #shorts #perfume"", ""Top 3 Best Winter Fragrances for Men\ud83d\udd25 #perfume #lifestyle #perfumereview"", ""Top 3 Middle Eastern Fragrances for men that's worth every penny #perfume  #middleeasternfragrances"", ""TOP 3 LONG-LASTING FRAGRANCES FOR MEN TO PURCHASE THIS 2025 #menscologne #perfume #mensfashion"", ""Best Night Skincare Routine for Clear, Hydrated Skin #skincare  #skincareroutine #glowup #shorts"", ""My Simple Teeth Routine That Changed EVERYTHING \ud83e\uddb7 #dental #oralhygiene #teethcleaning"", ""Top 3 Evening Fragrances That\u2019ll Make Heads Turn \ud83d\udd25 #perfume #lifestyle #datenight"", ""Top 3 Fresh Fragrances for Men to Purchase in 2025 #perfumeformen  #freshfragrance #fragrancereview""]",Not Found,Not Found,Not Found,Not Found,Not Found,Not Found,Not Found,Not Found,Not Found,2025-12-28T12:30:03Z,29.75,FAIL,"[""followers outside configured range or unavailable"", ""engagement rate below threshold or unavailable"", ""last upload is older than configured activity window""]",Indian skincare routine,2026-10-01T18:04:40.070545+00:00
UCmNSSliNq-oP91tkOuvS6dw,Dr. Neera Nathan,YouTube,https://www.youtube.com/channel/UCmNSSliNq-oP91tkOuvS6dw,389000.0,97993.6,0.0276066979273643,"skincare, hair","skincare, hair","[""rating Trader Joe\u2019s haircare stitch with slaybob32 #haircare"", ""bad, good & great skincare for each skin concern #skincare"", ""rating dollar tree skincare \ud83d\ude4c\ud83c\udffe #skincare"", ""Trader Joe\u2019s skincare routine from a derm! stitch with livininhisglory"", ""greasy hair? Try this drugstore wash day routine #haircare"", ""skincare made simple #skincare"", ""is minoxidil for life? @sofiahairhealt rbridgitte7 #hairgrowth"", ""is minoxidil for life? #hairgrowth #dermatologist"", ""skincare pairings from a derm #skincare"", ""rating viral skincare trends! Stitch with heyzimma #skincare""]",Not Found,Not Found,Not Found,Not Found,Not Found,Not Found,Not Found,Not Found,Not Found,2026-09-30T15:40:52Z,64.1,FAIL,"[""followers outside configured range or unavailable""]",Indian skincare routine,2026-10-01T18:04:40.070545+00:00
UCDWVNwQce16D16tPc5NBYlQ,Fit Tuber Hindi,YouTube,https://www.youtube.com/channel/UCDWVNwQce16D16tPc5NBYlQ,4730000.0,641528.6,0.0323305833475437,hair,hair,"[""\u0938\u0941\u092c\u0939 \u092a\u093e\u0928\u0940 \u092e\u0947\u0902 \u0907\u0938\u0947 \u0909\u092c\u093e\u0932\u0915\u0930 \u092a\u0940 \u0932\u094b - \u0939\u094b\u0902\u0917\u0947 6 \u092c\u095c\u0947 \u092b\u093e\u092f\u0926\u0947 | Fit Tuber Hindi"", ""Itna Aasan Nahi Hota Q&A Shoot Karna! | Behind The Scenes"", ""\u20b980 \u092e\u0947\u0902 80g Protein wali Veg Diet for Fat loss | Fit Tuber Hindi"", ""Ye 3 Cheezein Aapka Pet Phula Sakti Hain! \ud83d\ude31"", ""Vitamin E Ke Liye Ye 3 Foods Zaroor Khao! \ud83d\ude33"", ""15 \u0926\u093f\u0928\u094b\u0902 \u092e\u0947\u0902 Skin Glow 2X \u0915\u0930\u0928\u0947 \u0935\u093e\u0932\u0940 5 \u0906\u0938\u093e\u0928 \u091a\u0940\u091c\u0947\u0902 (\u0938\u093f\u0930\u094d\u092b \u0921\u093e\u0907\u091f \u0938\u0947) | Fit Tuber Hindi"", ""Agli Baar Bread Pe Yeh Wali Jam Lagaana"", ""Kabhi Testosterone Kam Nahi Hoga, Bas Ye Khao! \ud83d\udd25"", ""Kabhi Skin Problem Nahi Hongi - Bas Itna Kar Lo!"", ""Kabhi Er*ctile d*sfunction nahi hoga - bas yeh 1 kaam karo!""]",hellofittuber@gmail.com,channel description,Not Found,Not Found,Not Found,Not Found,Not Found,IN,Not Found,2026-09-25T13:30:29Z,53.8,FAIL,"[""followers outside configured range or unavailable"", ""insufficient fashion/beauty keyword matches""]",Indian skincare routine,2026-10-01T18:04:40.070545+00:00
UCyHv20uzpNqVEGbU4DMbfNQ,Chahat Tewani,YouTube,https://www.youtube.com/channel/UCyHv20uzpNqVEGbU4DMbfNQ,784000.0,65148.9,0.0352017458567704,skincare,skincare,"[""#chahattewani #eatwithchahu #youtubeshorts"", ""Outtasight dance cover by Chahat Tewani \ud83d\udda4"", ""#chahattewani #youtubeshorts"", ""#chahattewani"", ""#chahattewani #chahattewanixkdrama #youtubeshorts"", ""#chahattewani #chahattewanixkpop #hybeindia #lesserafim #youtubeshorts"", ""#chahattewani #chahattewanixkoreanskincare #koreanskincare #youtubeshorts"", ""#chahattewani #ganpati #youtubeshorts"", ""#chahattewani #childactor #youtubeshorts"", ""#chahattewani #chahattewanixkpop #kpop #youtubeshorts""]",tewanidisha123@gmail.com,channel description,Not Found,Not Found,Not Found,Not Found,Not Found,Not Found,Not Found,2026-10-01T06:36:20Z,57.14,FAIL,"[""followers outside configured range or unavailable"", ""insufficient fashion/beauty keyword matches""]",Indian skincare routine,2026-10-01T18:04:40.070545+00:00
UCOANK5DS_tKsxqBWPq3dFzQ,Tinnit Pro Skincare,YouTube,https://www.youtube.com/channel/UCOANK5DS_tKsxqBWPq3dFzQ,4.0,106.1,0.1210434555947671,"skincare, beauty","skincare, beauty","[""Must Have Skincare TINNIT PRO"", ""TINNIT Pro skincare TINNIT Pro Hydra Cleanser and TINNIT Pro Sunmoisturizer"", ""TINNIT Pro skincare httpstinnitpro com 7"", ""TINNIT Pro Skincare Coming Soon TINNIT Pro sunmoisturzer sunscreen+moisturizer #tinnitproskincare"", ""TINNIT Pro skincare TINNIT Pro Sunmoisturizer  #tinnitproskincare #skincare https://tinnitpro.com/"", ""let\u2019s start with TINNIT PRO skincare #tinnitproskincare #skincare #skincareroutine"", ""TINNIT Pro skincare Hydra Cleanser  #skincare"", ""TINNIT PRO skincare #skincare httpstinnitpro com #tinnitproskincare #sunscreen #beauty"", ""TINNIT PRO skincare"", ""TINNIT PRO Skincare""]",Not Found,Not Found,Not Found,https://www.amazon.in/dp/B0GXWVMTP2,Not Found,Not Found,Not Found,Not Found,Not Found,2026-05-18T11:27:24Z,60.0,FAIL,"[""followers outside configured range or unavailable"", ""last upload is older than configured activity window""]",Indian skincare routine,2026-10-01T18:04:40.070545+00:00
UCco23nkgChs5Unx7EWEaa8A,Sacred Shell Glow,YouTube,https://www.youtube.com/channel/UCco23nkgChs5Unx7EWEaa8A,361.0,1026.8,,"skincare, makeup, beauty, hair, style","skincare, makeup, beauty, hair, style","[""Anua Viral Korean Rice Milky Toner #fyp\u30b7\u309aviral #shortsviral #korean #skincare #toner"", ""Essential nutrients for skin health #skincare #shorts #viralvideo"", ""Best Toner | Indian Skincare #toner #skincare #fyp\u30b7\u309aviral #shorts"", ""Best korean moisurizers #viral"", ""Best Shampoo For Hairfall And Hairgrowth#haircare#hair#hairgrowth#beauty#fyp\u30b7\u309aviral#trending#shorts"", ""Best Korean Serums #skincare #skincareroutine #serum #korean #beauty #fyp\u30b7\u309aviral #shorts"", ""Korean Lips Makeup Products#korean#lips#makeup#makeupproducts#trending#fyp\u30b7\u309aviral#lipsmakeup#shorts"", ""Korean Skincare Routine \ud83d\udc96products for dry skin#shortsvideo#skincare#korean#fyp\u30b7\u309aviral#trending"", ""Best Korean Toners #skincare #skincareproducts #toner #korean #beauty #fyp\u30b7\u309aviral #shorts"", ""Best Facewashes for every skin type#skincare#skincareproducts#facewash#beauty#fyp\u30b7\u309aviral#shorts""]",Not Found,Not Found,Not Found,Not Found,Not Found,Not Found,Not Found,IN,Not Found,2026-07-28T17:35:08Z,30.56,FAIL,"[""followers outside configured range or unavailable"", ""engagement rate below threshold or unavailable""]",Indian skincare routine,2026-10-01T18:04:40.070545+00:00
UCTNhvwu9ABawc3WapasIhqg,Skincity Bhopal | Dr. Meenakshi Tandon ,YouTube,https://www.youtube.com/channel/UCTNhvwu9ABawc3WapasIhqg,175.0,217.4,0.0213728887624495,"skincare, beauty, hair","skincare, beauty, hair","[""Don't Book Your Wedding Skincare Until You Know This \ud83d\ude33 #skincare #dermatologist #weddingskincare"", ""Can PROTEIN SHAKES trigger SKIN ACNE!! #skincare #gym #dermatologist"", ""\ud83d\udea8 Is INDIAN FOOD good for your SKIN #skincare #dermatologist #indianfood"", ""Why Your Dark Spots Keep Coming Back \ud83d\ude28 #dermatologist #skincare #skincitybhopal"", ""\ud83d\udea8 Stop Buying Korean Skincare Until You Know This #dermatologist #koreanbeautyproduct #skincare"", ""Your SKINCARE ROUTINE might actually be HARMING your SKIN #dermatologist #skincare #skincitybhopal"", ""The biggest bridal skincare mistake happens BEFORE the wedding... #dermatologist #wedding #skincare"", ""Why your DRY SKIN will NEVER improve (Until You Fix This) #skincitybhopal #skincare #dermatologist"", ""Post-Garba Skincare routine!  #skincare #meenakshitandon #dermatologistapproved  #skincity"", ""EP02: HOW to know your SKINTYPE? #skincare #dermatologist #skincitybhopal""]",Not Found,Not Found,Not Found,Not Found,Not Found,Not Found,Not Found,IN,en,2026-09-26T05:30:36Z,58.85,FAIL,"[""followers outside configured range or unavailable""]",Indian skincare routine,2026-10-01T18:04:40.070545+00:00
UC2KUtEbnfvUjmcl82AbGLEg,Makeupby_tannurawat,YouTube,https://www.youtube.com/channel/UC2KUtEbnfvUjmcl82AbGLEg,2460.0,2206.2,0.0165911015272871,"skincare, makeup, beauty, fashion, hair, style, cosmetics, grwm","skincare, makeup, beauty, fashion, hair, style, cosmetics, grwm","[""GRWM #makeup #summermakeup #lipstick #trendingshorts #explorepage #fyp"", ""Found prettiest lip gloss | check description to know the lip gloss| #shorts  #lipgloss #trending"", ""Check description for lip combo\u2728 #ashortaday #explorefeed #trendingshorts #fypage #lipcombo"", ""This song\ud83e\udd0c\ud83c\udffc\ud83d\udc95 #ashortaday #fypage #explorefeed #trendingshorts #makeup #radhalook #chaardiwaari"", ""Tirkit dha #explorefeed #transitions #fypage #trendingshorts #makeup #music #viral #ashortaday"", ""Check description for bookings\ud83d\udc84#ashortaday #fyp #bookyourmakeup #explorefeed #makeupartist"", ""Vanesa fantasy perfume for every occasion\ud83d\udc95 #youtubeshorts #fypage #perfumes #vanesa #ashortaday"", ""Beginner\u2019s makeup routine\ud83d\udc84#ashortaday #trending #explorefeed #makeup #tutorials"", ""This is where i belong\ud83d\ude47\ud83c\udffb\u200d\u2640\ufe0f\u2764\ufe0f #travel #uttrakhnd #fypage #trending #culture #explorefeed"", ""Glam makeup look\ud83d\udc84#ashortaday #trending #fypage #makeuplook #tutorials #glamlook #makeup""]",Not Found,Not Found,Not Found,Not Found,Not Found,Not Found,Not Found,Not Found,Not Found,2026-07-24T17:48:08Z,41.28,FAIL,"[""followers outside configured range or unavailable""]",Indian skincare routine,2026-10-01T18:04:40.070545+00:00
UCY2sdsnJZZ1X1yaWmmjvScA,Mitali Bajaj,YouTube,https://www.youtube.com/channel/UCY2sdsnJZZ1X1yaWmmjvScA,206.0,263.8,0.0990408844204187,"skincare, makeup, beauty, fashion, haul, hair, cosmetics","skincare, makeup, beauty, fashion, haul, hair, cosmetics","[""My Purplle Haul|| Independence Day Special|| NON Sponsored"", ""Priyanka Chopra Inspired Look"", ""My Mom does my Birthday Makeover|| Mitali Bajaj ft MOM"", ""Special Lohri Makeup Tutorial|| Traditional Punjabi Look|| Indian Series Part 2|| MITALI Bajaj"", ""Durga Puja Special Traditional Bengali Makeup look|| Special Indian Series|| Part 1"", ""Anti Haul | Products I will NOT be Purchasing and WHY |Mitali Bajaj"", ""Day & Night Skincare Routine|| Indian Skincare ft Wow Skin Science|| HONEST REVIEW"", ""The Best Lipsticks of the Year! My Favourites on Wednesday Swatches"", ""CURRENT TOP 5 BEAUTY PRODUCTS UNDER Rs 300 || Affordable Quarantine Edition in India"", ""Top 10 Favourite Drugstore Pink Lipstick + Lip Swatches - Beauty With Mitali Bajaj""]",Not Found,Not Found,Not Found,Not Found,Not Found,Not Found,Not Found,Not Found,Not Found,2020-08-14T18:30:03Z,60.0,FAIL,"[""followers outside configured range or unavailable"", ""last upload is older than configured activity window""]",Indian skincare routine,2026-10-01T18:04:40.070545+00:00
UCX4HhGx9wNHjxzJcicWrQVA,Dr. Madhuri Agarwal's Yavana Clinic,YouTube,https://www.youtube.com/channel/UCX4HhGx9wNHjxzJcicWrQVA,2920.0,733.4,0.0070248643373463,"skincare, beauty, hair","skincare, beauty, hair","[""Our Skin Is Also on It's Period \u2014 Here\u2019s What That Means"", ""Bridal Skincare Kit Every Bride MUST Have| Dr Madhuri Agarwal"", ""Dull Lips to Glossy Glow in Minutes \u2014 Here\u2019s How!"", ""Bridal Favourite at Yavana: The Magic of MNRF Treatment"", ""Ever Written on Your Skin? Here\u2019s What\u2019s Really Happening!"", ""Why Your Skincare Isn\u2019t Working: Common Myths Busted by Experts!"", ""Why Your Skincare Routine Is Basically a Back-to-Back Workout"", ""Clinic-Life Balance: A Day in Dermatology | Dr. Madhuri Agarwal"", ""The Hidden Danger in Gel Nails | Dermatologist Explains the EU Ban on TPO"", ""Sunscreen Scam or Misunderstood? Dermatologist Breaks Down the Facts""]",Not Found,Not Found,Not Found,Not Found,Not Found,Not Found,Not Found,IN,Not Found,2025-11-28T11:19:04Z,29.92,FAIL,"[""followers outside configured range or unavailable"", ""engagement rate below threshold or unavailable"", ""last upload is older than configured activity window""]",Indian skincare routine,2026-10-01T18:04:40.070545+00:00
UC4p0jef_fOhAIXzHBOButiw,Cosmosentials ,YouTube,https://www.youtube.com/channel/UC4p0jef_fOhAIXzHBOButiw,76.0,2631.0,0.0092759938594623,"skincare, beauty, hair","skincare, beauty, hair","[""Skincare Mein Expensive Products Nahi, RIGHT Products Matter Karte Hain! | Cosmosentials"", ""Aapki skin roz ek invisible battle ladti hai\u2026 kya aap usse protect kar rahe hain?"", ""Pandal Hopping Full-On, Skin & Hair Tension Gone! | Festive Care with Cosmosentials"", ""Festival Glow Ke Liye Skin Ko Karein Ready | Dermatologist Recommended Skincare | Cosmosentials"", ""Your Trusted Online Store For Beauty & Personal Care Essentials | Shop Now"", ""Monsoon Skincare Mistakes You Must Avoid \ud83d\ude31 | Rainy Season Skin Care Tips | Cosmoessentials!"", ""Monsoon Skincare Routine \ud83c\udf27\ufe0f Get Healthy Glow With These 4 Essentials | Cosmoessentials!"", ""Stop DIY Skincare Mistakes! \ud83d\ude31 Why Viral Beauty Hacks Can Damage Your Skin | Cosmoessentials!"", ""I Stopped Following Skincare Trends\u2026 Here's What I Choose Instead | Cosmoessentials!"", ""Dryness & Dullness? Your Skin Barrier Needs Care | Cosmosentials""]",Not Found,Not Found,Not Found,https://www.cosmosentials.com/,Not Found,Not Found,Not Found,IN,Not Found,2026-09-26T10:20:12Z,50.38,FAIL,"[""followers outside configured range or unavailable"", ""engagement rate below threshold or unavailable""]",Indian skincare routine,2026-10-01T18:04:40.070545+00:00
UCQLCc-NqiWSVcz2LdU4xZ_w,Dr. Priyanka Reddy,YouTube,https://www.youtube.com/channel/UCQLCc-NqiWSVcz2LdU4xZ_w,788000.0,485051.5,0.0106296066175989,"skincare, beauty, hair, style","skincare, beauty, hair, style","[""Dermatologist rates face Moisturizers on a scale of 1-10"", ""Underarms tattooing. Dermatologist explains..."", ""Dermatologist ratesmost viral soaps on a scale of 1-10"", ""If you have this skin concern, don\u2019t just randomly buy products\u2026"", ""Is this procedure even safe ? Dermatologist explains"", ""Dermatologist rates disposable pads on a scale of 1-10"", ""Indian foods as alternative for foreign foods"", ""Skip or go easy"", ""Overrated, underated, Got it's due.."", ""Expensive vs Affordable Product series-11""]",Not Found,Not Found,Not Found,Not Found,Not Found,Not Found,Not Found,IN,en,2026-09-18T09:43:42Z,49.55,FAIL,"[""followers outside configured range or unavailable""]",Indian skincare routine,2026-10-01T18:04:40.070545+00:00
UCQ6LYivhIDF8-emgPPk_qFQ,Ozivle Skincare,YouTube,https://www.youtube.com/channel/UCQ6LYivhIDF8-emgPPk_qFQ,22.0,452.9,0.1085628255437796,"skincare, beauty","skincare, beauty","[""Hurry Up ! 20% OFF #ozivle #ozivleskincare #skincare #indianskincare #facewash #hydrating"", ""Real glow, real hydration \ud83d\udca7Her honest experience with Ozivle Aqua Facewash#Ozivle #Aqua #RealResults"", ""We are LIVE! Shop Ozivle skincare now \u2728 #Ozivle #Skincare #facewash #viral"", ""Experience deep hydration! Our collaborator shares her Aqua+ Hydrating Facewash routine. #skincare"", ""Experience deep hydration! Our collaborator shares her Aqua+ Hydrating Facewash routine. #skin"", ""Get glowing hydrated skin with Ozivle Facewash! Vitamin C \ud83c\udf4a & Aqua \ud83d\udca7 for all skin types. #best #skin"", ""New look. Same glow. Ozivle Facewash is now live on Amazon \ud83d\udca7\ud83d\udd25#Ozivle #Facewash #NewPackaging #skin"", ""Clear, Hydrated & Fresh Skin in Just 1 Wash \ud83d\ude0d | Ozivle Facewash #aquaglow #skincare #bestfacewash"", ""Ozivle Facewash @DRASHTIDIARIES | Ozivle Collab Special #skincare #bestfacewash #aquaglow #facewash"", ""Ozivle Face wash - Aqua + Hyaluronic Acid #bestfacewash #facewash #makeinindia #refreshing""]",Not Found,Not Found,Not Found,Not Found,Not Found,Not Found,Not Found,Not Found,Not Found,2026-06-12T00:31:10Z,60.0,FAIL,"[""followers outside configured range or unavailable"", ""last upload is older than configured activity window""]",Indian skincare routine,2026-10-01T18:04:40.070545+00:00
UCYC6Vcczj8v-Y5OgpEJTFBw,Fit Tuber,YouTube,https://www.youtube.com/channel/UCYC6Vcczj8v-Y5OgpEJTFBw,8260000.0,260522.7,0.0297123252964837,"makeup, hair","makeup, hair","[""Off-Camera & Totally Unfiltered | The Real Q&A BTS"", ""Want to Gain Weight? Drink THIS!"", ""The Best Way to Remove Makeup \ud83d\udd25"", ""Your Eyes Need This Every Morning! \ud83d\udc40"", ""5 Best Natural Face Washes : \u0907\u0928\u094d\u0939\u0947\u0902 \u0932\u0917\u093e \u0932\u094b, \u0926\u093e\u0917-\u0927\u092c\u094d\u092c\u0947, Oily \u0914\u0930 Tanned \u0924\u094d\u0935\u091a\u093e \u0938\u092c \u092d\u0942\u0932 \u091c\u093e\u0913\u0917\u0947"", ""99% Women Don\u2019t Know THIS About High Heels \ud83d\udc60"", ""Your Gut Will Thank You for This Fruit! \ud83d\udc40"", ""Best Floor Cleaner in India ( Not Sponsored)"", ""6 Mistakes You MUST Avoid While Eating Flaxseeds! \ud83d\ude31"", ""Best Sugar-Free Biscuit in Indian Market \ud83c\uddee\ud83c\uddf3 (Not Sponsored)""]",hellofittuber@gmail.com,channel description,Not Found,Not Found,Not Found,Not Found,Not Found,IN,Not Found,2026-09-21T06:30:26Z,63.58,FAIL,"[""followers outside configured range or unavailable""]",Indian skincare routine,2026-10-01T18:04:40.070545+00:00
UCh56YFeFWjVrYQnIVGhmXJg,🌸glowwithlily,YouTube,https://www.youtube.com/channel/UCh56YFeFWjVrYQnIVGhmXJg,71.0,4249.8,0.0841648417858403,"skincare, beauty","skincare, beauty","[""My Everyday Natural Skincare Routine \u2728"", ""5 Homemade Face Masks Every Girl Should Try \ud83d\udc96 #fyp\u30b7 #cartoon #ytshorts"", ""Teenage Skincare That Costs \u20b90 #fyp\u30b7 #ytshorts"", ""object talk #fyp\u30b7"", ""Bachpan Ki Rasoi Memories \ud83e\udd79#fyp\u30b7"", ""Traditional Indian Summer Drinks#fyp\u30b7"", ""7 Types of Roti Every Indian Should Try \ud83c\uddee\ud83c\uddf3"", ""Childhood Memories \ud83c\udf88 #fyp\u30b7 #ytshorts"", ""Which Season is Best? \ud83d\udc40#fyp\u30b7 #ytshorts"", ""Nature is Talking to You \ud83c\udf3f\ud83d\udcab#fyp\u30b7""]",Not Found,Not Found,Not Found,Not Found,Not Found,Not Found,Not Found,Not Found,Not Found,2026-07-12T06:28:50Z,62.0,FAIL,"[""followers outside configured range or unavailable""]",Indian skincare routine,2026-10-01T18:04:40.070545+00:00
UCEV6oIf3Y-2r6-_9jpLQvWw,Angel Lifestyle,YouTube,https://www.youtube.com/channel/UCEV6oIf3Y-2r6-_9jpLQvWw,105.0,219.7,0.1280788177339901,"skincare, makeup, hair, style","skincare, makeup, hair, style","[""Simple indian look for teenagers\u2764 || #shorts #ytshorts"", ""Punjabi kudi look // #1st ever transition || inspired by @ria seghal  || #shorts || #ytshorts"", ""My Morning routine in my *summer vacation* || My experience with white hat jr || Angel lifestyle \u2728"", ""Morning skin care routine || #shorts #ytshorts"", ""First ever QnA || Ask me ur question down below in comments \ud83d\udcac"", ""Alia Bhatt\u2728 *Inspired makeup look*\u2728|| #shorts #makeup"", ""Summer Haircare\u2728|| Better Scalp, Hair smoothness, Shiny , glowy hair\u2728 || #shorts"", ""My Sister's 18th Birthday Vlog\ud83d\udc51\ud83c\udf38\u2728"", ""Get Unready with me \u2728\ud83c\udf38||#shorts"", ""Eye makeup series part - 2 \u2728\ud83c\udf38\u2728|| Angel lifestyle\u2728|| #shorts""]",Not Found,Not Found,Not Found,Not Found,Not Found,Not Found,Not Found,Not Found,Not Found,2021-06-20T17:22:07Z,60.0,FAIL,"[""followers outside configured range or unavailable"", ""last upload is older than configured activity window""]",Indian skincare routine,2026-10-01T18:04:40.070545+00:00
UCGIO5txyFcnmo5kanoEqXIw,dewy diarise,YouTube,https://www.youtube.com/channel/UCGIO5txyFcnmo5kanoEqXIw,9.0,1546.0,0.0093894316581644,"skincare, makeup, beauty, cosmetics","skincare, makeup, beauty, cosmetics","[""Mars Crayon Lipstick Review & Swatch \ud83d\udc84 Affordable Matte Lipstick in India \ud83c\uddee\ud83c\uddf3\ud83d\udd25 #Shorts #MarsCrayon"", ""Best Blush Under \u20b9200 \ud83d\ude0d Mars Blush Hour Review | Budget Makeup India #beautyshorts #shorts"", ""This Sunscreen Changed My Skin?! \ud83d\ude33 Aqualogica SPF Review \u2728 #Shorts #skincare #Aqualogica#Sunscreen"", ""Best Budget Luxury Perfume for Girls? Bella Vita Review \ud83d\udc95 #Shorts#perfume#beauty"", ""Affordable Maybelline lipstick \ud83d\udc84 | Comfortable on lips | Everyday wear #lipstickshorts #makeup"", ""TONYMOLY Toner = hydrated, calm & dewy skin. Save this for your skincare routine #skincare #tonymoly"", ""Insight Lipstick Swatch\ud83d\udc84| Affordable Nude Shade| #affordablelipstick #budgetlipstick #makeup #shorts""]",Not Found,Not Found,Not Found,Not Found,Not Found,Not Found,Not Found,Not Found,Not Found,2026-02-24T04:15:36Z,31.57,FAIL,"[""followers outside configured range or unavailable"", ""engagement rate below threshold or unavailable"", ""last upload is older than configured activity window""]",Indian skincare routine,2026-10-01T18:04:40.070545+00:00
UC7UgT9rWvr8W2fYd0rYrLNw,Indian Vlogger Poulami,YouTube,https://www.youtube.com/channel/UC7UgT9rWvr8W2fYd0rYrLNw,43500.0,597.6,0.0203250046479941,"skincare, makeup, beauty, fashion, haul, style","skincare, makeup, beauty, fashion, haul, style","[""Durga Puja Viral Collection | Baby Collar, Jamdani One piece, Jamdani Suit | Srishti Boutique"", ""Srishti Boutique #shorts #youtubeshorts #dress"", ""Baby Collar Jamdani One Piece #shorts #youtubeshorts #fashion"", ""Durga Puja Trending Collections #shorts #youtubeshorts"", ""Anarkali 3 Piece set #shorts #youtubeshorts"", ""Jamdani One piece #shorts #youtubeshorts"", ""Durga Puja Collection #shorts #youtubeshorts"", ""\u0986\u099c\u0995\u09c7 \u09ae\u09c7\u09df\u09c7\u09a6\u09c7\u09b0 \u09aa\u099b\u09a8\u09cd\u09a6\u09c7\u09b0 \u0995\u09bf\u099b\u09c1 Beauty product shopping haul share \u0995\u09b0\u09b2\u09be\u09ae \u2764\ufe0f"", ""5 Most Beauty necessary products \u09af\u09c7\u099f\u09be \u0986\u09ae\u09be\u09a6\u09c7\u09b0 \u09ae\u09c7\u09df\u09c7\u09a6\u09c7\u09b0 \u09b8\u09ac \u09b8\u09ae\u09df \u0995\u09be\u099c\u09c7 \u09b2\u09be\u0997\u09c7 "", ""Puja Trending Collection | Booking 9874214238 #shorts #youtubeshorts""]",poulamimodak6@gmail.com,channel description,Not Found,Not Found,Not Found,Not Found,Not Found,IN,en,2026-09-27T06:35:34Z,78.34,PASS,[],Indian skincare routine,2026-10-01T18:04:40.070545+00:00
UCKqXy7_LsImmS-uJSI8jOKw,SONALI ADHIKARI,YouTube,https://www.youtube.com/channel/UCKqXy7_LsImmS-uJSI8jOKw,11700.0,1539.3,0.0267989950129034,"skincare, makeup, beauty, fashion, haul, hair, style, grwm","skincare, makeup, beauty, fashion, haul, hair, style, grwm","[""Small Changes, Healthier Choices\ud83e\udd42\u2728 #cleaneating #healthyhabits #healthylifestyle #youtubeshorts"", ""#ad Dull Skin? Try This Glow Serum \u2728 #lakmeperfectradiancerange @ilovelakme"", ""My Night Skincare Routine When my skin looks dull #beautyshorts #skincareroutine #beautyregime"", ""A Luxury Desert Escape from Jaipur | Khimsar Rajasthan Vlog\u2728\u2728 #luxurytravel #DesertStay #Khimsarvlog"", ""My Go-To DIY for Dull Skin\u2728|Besan + Curd #diyfacemask #glowingskin #faceglow #facecream #cleanskin"", ""Things I do once every month to look put together\ud83e\udd42\u2728 #monthlyroutine #glowup #maintenance #beautytip"", ""You book a luxury hut in the desert \ud83d\uded6\ud83e\udd2f\u2728 #Khimsar #luxurytravel #desertvibes #weekendgetaway"", ""GRWM for Desert Evening #makeup #grwmindesert #shorts"", ""\u2764\ufe0f"", ""Zudio Makeup & Accessories Finds| Budget Beauty Haul\ud83d\udc40\ud83d\udc95 #zudiohaul #zudiomakeup #zudioaccessories""]",Not Found,Not Found,Not Found,Not Found,Not Found,Not Found,Not Found,IN,Not Found,2026-09-22T12:23:37Z,81.76,PASS_NO_EMAIL,[],Indian skincare routine,2026-10-01T18:04:40.070545+00:00
UCewFD7sSIsamXYnkvtM0YfQ,Mumbai Pakwan Indian Vlogs ,YouTube,https://www.youtube.com/channel/UCewFD7sSIsamXYnkvtM0YfQ,82800.0,29359.4,0.0146104270279861,"skincare, beauty, hair","skincare, beauty, hair","[""\u092e\u0948\u0902 2 \u0930\u0941 \u0915\u0940 \u092f\u0947 \u091a\u0940\u091c, \u0938\u0930\u0938\u094b\u0902 \u0915\u0947 \u0924\u0947\u0932 \u092e\u0947\u0902 \u092e\u093f\u0932\u093e\u0908, \u092e\u0947\u0930\u0947 \u0938\u092b\u0947\u0926 \u092c\u093e\u0932 \u0939\u092e\u0947\u0936\u093e \u0915\u0947 \u0932\u093f\u090f \u0939\u0941\u090f \u0915\u093e\u0932\u0947,"", ""\u092c\u093e\u0932\u094b\u0902 \u092e\u0947\u0902 \u0938\u094b\u0928\u0947 \u0938\u0947 \u092a\u0939\u0932\u0947 \u092f\u0947 \u0932\u0917\u093e\u0932\u094b, Hair Growth \u092c\u0947\u0938\u094d\u091f Remedy, Long hair Overnight #hair #hairgrowth"", ""Instant Skin Lightening and Brightening pack | remove sun tan get glowing skin #fairskin #shorts"", ""Viral Skine Brightening Pack\ud83d\udcaf\u2705\u00a0#shorts"", ""\u2728Homemade Natural Botox Spray \ud83d\udca6Korean Glass Skin+ Natural Botox \ud83d\udc96#homeremedies#ytshorts#fyp #beauty"", ""Natural Hair Dye for White Hair | Coconut Scrap & Herbal Remedy, Homemade Coconut Oil Hair Dye !"", ""\ud83d\udd25Korean Hair Growth Secret\ud83d\udd25// Rice Water Shampoo #haircare #hairgrowth #shampoo #short #shorts"", ""\u091a\u0947\u0939\u0930\u0947 \u0915\u0940 \u0932\u091f\u0915\u0924\u0940 \u0924\u094d\u0935\u091a\u093e \u0915\u094b \u092b\u093f\u0930 \u0938\u0947 \u0915\u0930\u0947\u0902 \u091f\u093e\u0907\u091f\ud83d\ude31\u0926\u0947\u0938\u0940 \u0909\u092a\u093e\u092f#beauty#skincare#shortsfeed#shorts#fyp#diy#viral"", ""Best Turmeric Face Pack For Glowing And Clear Skin At Home #viral #shorts #shortsvideo"", ""DIY Hair Oil for long & shiny hair | Aloe Vera & Onion Hair Oil | Hair Growth #shorts #shortsfeed""]",mumbaipakwan88@gmail.com,channel description,Not Found,Not Found,Not Found,Not Found,Not Found,IN,hi,2026-10-01T10:45:12Z,75.23,FAIL,"[""language does not match configured language""]",Indian skincare routine,2026-10-01T18:04:40.452064+00:00
UC1v7MhDWHH61NV9p5mjA2XQ,Curly Dishu,YouTube,https://www.youtube.com/channel/UC1v7MhDWHH61NV9p5mjA2XQ,18100.0,567.9,0.0089116193240017,"skincare, makeup, beauty, haul, hair, style, cosmetics","skincare, makeup, beauty, haul, hair, style, cosmetics","[""Makeup transition alert\ud83d\udea8\ud83e\udd17#makeup #curlydishu #shortsfeed #shorts #ytshrot"", ""Godrej expert rich creme hair colour #shorts#youtubeshorts#hairdye #curlydishu"", ""Mars Zero Primer| #marscosmetics #makeupkit #afforblemakeup #makeupfinds #primer"", ""Nykaa Delicate Vanilla Eau de Parfum - Review aur Swatches #ytshorts #nykaa #perfume #curlydishu"", ""1st YouTube Payment Aa Gayi! \ud83d\ude2d\ud83d\udcb8 + Cetaphil Cleanser Review \u2728 #shorts #youtubepayment #shortsfeed"", ""Sanfe Exfoliating Gel \ud83d\ude33 | Dead Skin Removal & Smooth Glowing Skin \u2728 #Shorts #sanfe #scrub"", ""Best Makeup Fixer Under \u20b9300 | \u092f\u0947 2 \u092b\u093f\u0915\u094d\u0938\u0930 \u0938\u091a \u092e\u0947\u0902 \u0915\u093e\u092e \u0915\u0930\u0924\u0947 \u0939\u0948\u0902? \u0926\u0947\u0916 \u0932\u094b!shocking results \ud83e\udd75#mars #yy"", ""Don\u2019t Buy Highlighters Before Watching THIS! \u2728 #Shorts #hojostudio #shortsfeed #curlydishu #makeup"", ""Got these sun protection arm sleeves from @meeshoapp just for \u20b9129\ud83e\udd79\ud83e\udd0c#ARMSLEEVES #sleeves #gloves"", ""SAYY Detan \ud83d\ude31Shocking result #shortsfeed #short #skincare #curlydishu #tanning""]",dishubeauty1@gmail.com,channel description,Not Found,Not Found,Not Found,Not Found,Not Found,IN,Not Found,2026-09-30T18:08:54Z,71.02,FAIL,"[""engagement rate below threshold or unavailable""]",Indian skincare routine,2026-10-01T18:04:40.452064+00:00
UCIpsz9iCFm_TEZ1dG6QJNVA,Tejuu vlogs,YouTube,https://www.youtube.com/channel/UCIpsz9iCFm_TEZ1dG6QJNVA,36000.0,8341.0,0.036229500269004,"skincare, makeup, beauty, haul, hair, style","skincare, makeup, beauty, haul, hair, style","[""Car Delivery Vlog,Behind The Scenes of reel shoot,Baby\u2019s face reveal,family dinner,day in my life"", ""  A Simple Day Out With My Husband, Beauty & Shopping Vlog,Mom daily routine quiet vlog"", ""Just Us, Little Purchases & Everyday Life| Mom Vlog ,Cute Finds, Skincare & Day in My Life,dailyvlog"", ""New Haircut \ud83d\udc87\ud83c\udffb\u200d\u2640\ufe0f& Resetting My Routine as a New Mom \ud83d\udc69\ud83c\udffb\u200d\ud83c\udf7c\u2728 | A Cozy Day in My Life \u2b50"", ""My Delivery Vlog | Normal or C-Section ,My Real Delivery Experience | The Day My Baby Arrived\u2764\ufe0f"", ""My seemantha; glimse of my seemantham; Seemantham vlog;Baby shower vlog"", ""Baby Shower Shopping Vlog\u2728\ud83e\udd30, Shopping Haul,Saree shopping ,Day in my life,Aesthetic calm vlog "", ""Day in my life,Pregnant Routine ,Early Morning Routine ,Indian vlog,Morning Routine pregnant edition"", ""Morning Routine,Skincare Routine Pregnant Routine,Realistic Indian aesthetic vlog,AM morning routine"", ""Day in my life,Morning to Night routine,Productive routine,Aesthetic daily vlog Indian,planner haul,""]",Not Found,Not Found,Not Found,Not Found,Not Found,Not Found,Not Found,IN,Not Found,2026-09-12T08:47:59Z,86.14,PASS_NO_EMAIL,[],Indian skincare routine,2026-10-01T18:04:40.452064+00:00
UC-vR3hi3gsSNsxqWdrtUwKw,Skincare Normie,YouTube,https://www.youtube.com/channel/UC-vR3hi3gsSNsxqWdrtUwKw,0.0,254.5,0.0060120240480961,"skincare, style","skincare, style","[""#shorts, #youtubeshorts, #viral, #trending, #subscribe, #foryou, #foryoupage, #fyp, #explorepage"", ""Will be making more videos , stay tuned #skincare#skincareroutine #naturalskincare #indianskincare""]",Not Found,Not Found,Not Found,Not Found,Not Found,Not Found,Not Found,Not Found,Not Found,2024-09-02T08:51:13Z,29.21,FAIL,"[""followers outside configured range or unavailable"", ""engagement rate below threshold or unavailable"", ""last upload is older than configured activity window""]",Indian skincare routine,2026-10-01T18:04:40.452064+00:00
UC4F8VWMz2nF8RCHne6ADjEA,Dia Gautam,YouTube,https://www.youtube.com/channel/UC4F8VWMz2nF8RCHne6ADjEA,774000.0,469188.8,0.0413731417763765,skincare,skincare,"[""Mere GLOWING Skin ka RAAZ | NEW SKINCARE ROUTINE #ytshorts #shorts"", ""I ALMOST WENT CRAZY EDITING THIS VLOG AT STARBUCKS.. *DEHRADUN DAY 3*"", ""I DID NOT EXPECT THIS from the YouTube Event \u270b\ud83c\udffb #ytshorts #shorts"", ""SOLO in *Mussoorie*!?\u26f0\ufe0f\ud83d\ude33SUDDEN PLAN!\ud83d\ude2d\ud83e\udd79 #ytshorts #shorts"", ""WE JUST MET AND SOMEHOW ENDED UP AT THE ZOO \ud83d\ude2d.."", ""I AM IN *DEHRADUN!!*\u26f0\ufe0f\ud83e\ude77\u2708\ufe0ffor a YouTube Event\ud83e\udd70\u2b50\ufe0f #ytshorts #shorts"", ""I DID NOT PLAN TO GO TO MUSSOORIE\u2026 BUT HERE WE ARE\u2026"", ""PATA HAI!?\ud83e\udd2d #ytshorts #shorts #napushde #trending"", ""*Getting READY* to Shoot Transition Reels\ud83d\ude0d\ud83e\ude77\u2b50\ufe0f\ud83c\udfac\u2728 #ytshorts #shorts"", ""ANOTHER *SOLO* TRIP for YouTube\u2708\ufe0f\ud83d\udc69\ud83c\udffc\u200d\ud83d\udcbb\ud83c\udfac\ud83d\ude28\ud83d\ude0d #ytshorts #shorts""]",diagautamofficial@gmail.com,channel description,Not Found,Not Found,Not Found,Not Found,Not Found,IN,Not Found,2026-09-30T11:52:51Z,61.24,FAIL,"[""followers outside configured range or unavailable"", ""insufficient fashion/beauty keyword matches""]",Indian skincare routine,2026-10-01T18:04:40.452064+00:00
UClrSLy_JEgbahNjlvkS0vig,Monica Ravi-Conway,YouTube,https://www.youtube.com/channel/UClrSLy_JEgbahNjlvkS0vig,1350000.0,118463.8,0.0750510380239623,"makeup, beauty, fashion, outfit, cosmetics","makeup, beauty, fashion, outfit, cosmetics","[""Anyone else get Vacation blues after smelling your vacay perfume? \ud83d\udc99"", ""How about we wear colors we just enjoy \ud83e\udd37\ud83c\udffd\u200d\u2640\ufe0f"", ""DIDN\u2019T EXPECT IT TO BE SO BAD \ud83d\ude2d"", ""You can\u2019t be a baddie everyday \ud83e\udd23"", ""WEARING THE INTERNET\u2019S LEAST FAVORITE DRESS\u2026BUT IS MY FAVORITE \ud83e\udd74"", ""I Tried a FULL FACE of New Viral Makeup Again (crying for my face \ud83d\ude2d)"", ""MAKEUP WILL ALWAYS LOOK DIFFERENT UNDER DIFFERENT LIGHTING"", ""Can\u2019t say I LOVE orange now but I definitely hate it less \ud83e\udd2d"", ""WAS THE INTERNET RIGHT ABOUT ORANGE ON ME?\ud83e\udd74"", ""What happened to Chris though \ud83e\udee3\ud83d\ude05 @M@MonaKattan""]",info@glowbymonica.com,channel description,Not Found,https://shopmy.us/monicaravichandran,Not Found,Not Found,Not Found,US,Not Found,2026-10-01T17:38:08Z,80.0,FAIL,"[""followers outside configured range or unavailable"", ""country does not match configured region""]",Indian skincare routine,2026-10-01T18:04:40.452064+00:00
UCNMICsDNb5PVDksPOJhox9g,Glam up Style,YouTube,https://www.youtube.com/channel/UCNMICsDNb5PVDksPOJhox9g,263.0,1260.0,0.0825272665841104,"skincare, makeup, beauty, hair, style","skincare, makeup, beauty, hair, style","[""Lip and cheek tint | seer secrets Multi-purpose product |#lipsandcheektint  #shorts #skin #blushitup"", ""I tried pilgrim's squalane products \ud83e\udd14 | My #PilgrimFavs | Indian skincare you must have  2022"", ""Review of #ALANNA's Lip wash | Best Lipstick Remover | Honest Review | world's first Lip wash review"", ""Sai pallavi look Recreat | Sai pallavi inspired makeup look  #shortsmakeup #shortsviral  #saipallavi"", ""3  favourite product from @Myglamm \ud83d\udc84/ Totally worth it \ud83d\udcb8\ud83d\udcb0/ products review #shortsyoutube #ytshort"", ""Trying viral makeup hacks by using spoon \ud83d\ude48\ud83e\udd70 #shorts #viralmakeushorts  #youtubeshortsindia"", ""Make your own vitamin c sheet mask \u2728\ud83d\ude09 / vitamin c / #youtubeshorts #skincare /#sheetmask #shorts"", ""Make your own hair growth oil /  homemade hair oil /#shorts #ytshortsindia"", ""PART -2 Myglamm lip-blam range review #ytshortsindia"", ""Weekly skincare routine \u2728\ud83e\udd8b/ For healthy and glowing skin #youtubeshorts  #shorts""]",Not Found,Not Found,Not Found,Not Found,Not Found,Not Found,Not Found,IN,en-GB,2022-07-26T11:27:38Z,60.0,FAIL,"[""followers outside configured range or unavailable"", ""last upload is older than configured activity window"", ""language does not match configured language""]",Indian skincare routine,2026-10-01T18:04:40.452064+00:00
UCy8wsU7pzaoj_1wXcgs7ktA,Rojina Thapa,YouTube,https://www.youtube.com/channel/UCy8wsU7pzaoj_1wXcgs7ktA,33600.0,111606.875,0.0524145475959591,"skincare, makeup, beauty, fashion, cosmetics","skincare, makeup, beauty, fashion, cosmetics","[""Getting Rid Of Acne Scars At Home | Banish Skincare Review"", ""My Current Quick No Makeup Makeup + How To Do Faux Freckles!"", ""Simple Traditional Makeup Tutorial | Nepali/Indian Festival Look"", ""Morning Skincare Routine | My Acne Journey - Part 2"", ""How I Cured My Hormonal acne! | My Acne Journey! | Night Skincare Routine"", ""Easy Eyebrows Tutorial"", ""Mascara Tutorial For Short Lashes"", ""Basic Everyday Makeup Tutorial""]",Not Found,Not Found,Not Found,Not Found,Not Found,Not Found,Not Found,Not Found,Not Found,2019-11-30T15:15:00Z,80.0,FAIL,"[""last upload is older than configured activity window""]",Indian skincare routine,2026-10-01T18:04:40.452064+00:00
UC_jw2OD1F6xwE9YaluIQkXw,AI Medicology,YouTube,https://www.youtube.com/channel/UC_jw2OD1F6xwE9YaluIQkXw,25.0,465.0,0.135894391625691,"skincare, beauty, style","skincare, beauty, style","[""Maggi Khate Hi Body Me Kya Hota Hai \ud83d\ude33 #shorts #shortsfeed #tips"", ""Ice Cream Khate Hi Body Me Kya Hota Hai \ud83d\ude33 #shorts #shortfeeds #tips #viral"", ""Lemon Water Peete Hi Body Detox Kaise Hota Hai \ud83c\udf4b\ud83d\ude33 #shorts #shortsfeed #tips"", ""Fast Food Khate Hi Body Me Kya Hota Hai \ud83d\ude33 #shorts #shortfeed #tips"", ""Alcohol Peete Hi Liver Me Kya Hota Hai \ud83d\ude33 #shorts #shortfeed #tips"", ""Energy Drink Peete Hi Heart Me Kya Hota Hai \ud83d\ude33 #shorts #shortfeed #tips"", ""Cold Drink Peete Hi Body Me Ye Hota Hai \ud83d\ude33 #shorts #shortfeed #tips"", ""Yellow Teeth Gone in 30 Seconds \ud83d\ude33 #shortsviral #shortsfeed #homeremedy"", ""Cigarette Pee Rahe Ho? \ud83d\udc80 Lungs Jal Rahe Hain! #shorts #shortfeed  #NoSmoking"", ""Holi Ke Baad Ye Galti Mat Karna \ud83d\ude33 (Skin Jal Jayegi!) #shortsviral #shorts #shortfeeds #happyholi""]",infinityt2023@gmail.com,channel description,Not Found,Not Found,Not Found,Not Found,Not Found,IN,Not Found,2026-03-13T06:05:10Z,60.0,FAIL,"[""followers outside configured range or unavailable"", ""last upload is older than configured activity window""]",Indian skincare routine,2026-10-01T18:04:40.452064+00:00
UC0ylsQidxziadnjn03q4akA,My Skincare Tales,YouTube,https://www.youtube.com/channel/UC0ylsQidxziadnjn03q4akA,8.0,2325.125,0.0180738288706663,"skincare, makeup, beauty","skincare, makeup, beauty","[""Happier SunDays Dewy Sunstick SPF 50 \u2600\ufe0f #HappierSkincare #SPF50 #SUNSTICK #Sunscreen #indianskincare"", ""Bioderma - Sensibio Lait Gentle makeup remover milk. #Bioderma #BiodermaIndia #Makeup #skincare"", ""Quench Botanics - Mon Cherry Brightening pink clay mask #skincare #beauty #quenchbotanics #claymask"", ""Quench Botanics #multimaskingwithquench #QuenchBotanics #skincare #skin #skincareroutine"", ""What I got from kult app? Cerave"", ""21 November 2022"", ""#skincare #aesthetic #skincaretips #skincareproducts #skincareinfluencer"", ""27 September 2022""]",Not Found,Not Found,Not Found,Not Found,Not Found,Not Found,Not Found,Not Found,Not Found,2023-06-08T08:36:37Z,37.65,FAIL,"[""followers outside configured range or unavailable"", ""last upload is older than configured activity window""]",Indian skincare routine,2026-10-01T18:04:40.452064+00:00
UCoFxUkg6cLuhlY3Ll8SHTDQ,Anushka Sen,YouTube,https://www.youtube.com/channel/UCoFxUkg6cLuhlY3Ll8SHTDQ,3100000.0,176862.0,0.0405697104879006,"fashion, style","fashion, style","[""The Owl and Bee | Official Music Video | Anushka Sen"", ""Quick singing session with mum, humming our current fav \u2018Kaahe Mose\u2019 @GarvitPriyansh #song #cover"", ""How much I loveeee working \ud83e\udd8b\u2600\ufe0f\ud83e\udec0 #shorts #newsong"", ""guess where \ud83e\udd8b\u2600\ufe0f\ud83c\udf3c\u2728#swim #bts #shorts"", ""Inside Alo Gym Korea \ud83d\ude33\u2728 | Not Your Normal Workout"", ""FYAAAAA \ud83d\udd25\ud83d\ude42\u200d\u2194\ufe0f\ud83c\udfa7 #shorts #anushkasen"", ""Anushkians bol rahe hai reels banao , yeh lo\ud83d\ude42\u200d\u2194\ufe0f guess kaha hu main? #shorts #anushkasen"", ""You HAVE to Try This to Believe How Good It Is \ud83e\udd2f\ud83d\udd25 #shorts #senkitchendiaries #pasta"", ""To Everyone Who Thinks I Don\u2019t Know How to Cook \ud83d\ude0f\ud83c\udf5d #senkitchendiaries #cooking #pasta"", ""My Go-To Pasta Recipe \ud83c\udf5d\u2728 | Sen Kitchen Diaries""]",anushkasen0402@gmail.com,channel description,Not Found,Not Found,Not Found,Not Found,Not Found,IN,Not Found,2026-07-18T09:30:33Z,56.73,FAIL,"[""followers outside configured range or unavailable""]",Indian skincare routine,2026-10-01T18:04:40.452064+00:00
UCQjZwpiVwSr0PeW69atFOcw,Kriti Dandona,YouTube,https://www.youtube.com/channel/UCQjZwpiVwSr0PeW69atFOcw,502.0,28.4,0.0647655229020069,"skincare, fashion, hair, style","skincare, fashion, hair, style","[""Morning Skin Prep | Balencia"", ""3 Detox Drinks | Weight Loss Recipes | Detox Drinks to Lose Weight | Fat Cutter Drink | Balencia"", ""Affordable Indian Skincare That Works | All Skin Types"", ""My Day Time Skincare Routine | 5 Simple Steps (winter edition) | Balencia"", ""Best Suncreen in India 2022 | WishCare Invisible Gel Sunscreen Review | Balencia"", ""What\u2019s in my bag | Balencia"", ""Princess Dress Inspiration | Balencia"", ""Natural bounce in your hair in just 5 minutes | Balencia"", ""Side Fishtail Braid | Balencia"", ""Ganpati Decoration Ideas At Home | Balencia""]",Not Found,Not Found,Not Found,Not Found,Not Found,Not Found,Not Found,IN,Not Found,2023-02-04T08:12:00Z,60.0,FAIL,"[""followers outside configured range or unavailable"", ""last upload is older than configured activity window""]",Indian skincare routine,2026-10-01T18:04:40.452064+00:00
UCJvpOt6RoEtXpxZUI8GC3xw,BhavnaSoni,YouTube,https://www.youtube.com/channel/UCJvpOt6RoEtXpxZUI8GC3xw,117000.0,21608.9,,"skincare, makeup, beauty, fashion, haul, style, grwm","skincare, makeup, beauty, fashion, haul, style, grwm","[""\u201c Korean makeup hack\ud83d\ude31!!\u201d #youtubeshorts #shorts"", ""Korean Skin Routine \u2728 Step by Step | Glass Skin at Home "", ""\u201cKya apne try kiya es facial kit ko?\ud83e\udd14\u201d #youtubeshorts #shorts"", ""\u201cLipstick + concealer =??\ud83d\ude31\u201d #youtubeshorts #shorts"", ""\u201c Maskara + kajal + liner??\ud83d\ude31\u201d #youtubeshorts #shorts"", ""\""weird maskara\ud83d\ude31?\"" #youtubeshorts #shorts"", ""\u201cLip liner + bold lipstick=??\ud83e\udd14\u201d #youtubeshorts #shorts"", ""\u201cBrown pencil + nude lipstick=\ud83d\ude31\ud83d\ude31??\u201d #youtubeshorts #shorts"", ""\u201c concealer + blush= ??\ud83d\ude31\u201d #youtubeshorts #shorts"", ""Bridal Facial Kit Se Ghar Par Salon Jaisa Glow? \u2728 | O3+ Facial Kit Review & Results""]",business.bhavna33@gmail.com,channel description,Not Found,Not Found,Not Found,Not Found,Not Found,IN,Not Found,2026-10-01T13:32:16Z,45.0,FAIL,"[""followers outside configured range or unavailable"", ""engagement rate below threshold or unavailable""]",Indian skincare routine,2026-10-01T18:04:40.452064+00:00
UC4dZHxLjWcOHyGHaFz_zCrw,skincare at 30's,YouTube,https://www.youtube.com/channel/UC4dZHxLjWcOHyGHaFz_zCrw,33.0,462.9,0.0099906690207655,"skincare, makeup, beauty, haul, hair, cosmetics","skincare, makeup, beauty, haul, hair, cosmetics","[""lipstick swatch #lipstick #viralvideo #makeup"", ""meesho finds #meesho #meeshohaul #meeshofinds"", ""Friday night selfcare rutine #skincare #shortsfeed #viralvideo #koreanskincare"", ""body sunscreen #suncreen #skincare #shortsfeed"", ""Adorable indian sunscreen #sunscreen #skincare #shortsfeed"", ""comment for review #skincare #viralvideo #shortsfeed"", ""I will try it again #memeedit #viralvideo #shorts"", ""Tuesday Night self-care #youtubeshorts #skincare #skincareroutine"", ""Sunday night #soothing #skincare #youtubeshorts #trending"", ""Saturday Night #exfoliate  rutine #shorts #shortsfeed #viralvideo""]",Not Found,Not Found,Not Found,Not Found,Not Found,Not Found,Not Found,Not Found,Not Found,2025-07-27T02:30:01Z,31.99,FAIL,"[""followers outside configured range or unavailable"", ""engagement rate below threshold or unavailable"", ""last upload is older than configured activity window""]",Indian skincare routine,2026-10-01T18:04:40.452064+00:00
UCJdDxyU6FwiCgSSMgdcjAiA,The Firefly Finds🐝,YouTube,https://www.youtube.com/channel/UCJdDxyU6FwiCgSSMgdcjAiA,43.0,726.7,,"skincare, makeup, beauty, fashion, haul, hair, style","skincare, makeup, beauty, fashion, haul, hair, style","[""PrestigeElectricKettle #prestige #electrickettle #kitchentools #yt #trending # #fyp #shorts #kitchen"", ""AJMALFragrance #fyp #shorts #ajmalperfumes #rakhispecial #rakshabandhan #rakhigifts #gift  #perfume"", ""VANESA DEO #vanesa #fyp  #deodorant #fragrance #viral    #budgetfriendly #dailyessentials #shorts"", ""Laptop Cooling Pad #antesports #laptopcoolingpad #gamingsetup #gaming #viral  #budgettech #ytshorts"", ""Headphone Case Cover #meeshofinds #headphones #travelessentials #under350 #techaccessories #ytshorts"", ""Noise AirwaveMax 3 Headphones #noise #wirelessheadphones #headphonereview #shorts #viral  #ytshorts"", ""SwissBeautyEyePatch #swissbeauty #nykaa #vitaminc #eyepatches #darkcircles #ytshorts #viralvideo #yt"", ""TheManCompany OUDPerfume #viral #ytshorts #shorts #themancompany #perfume #affordable #boy #viral"", ""#viral #viralcontent #real #viralvideo #funny #comedy #youtubeshorts #shortvideo #shorts #shortsfeed"", ""LoveBeauty&Planet HairMask #ytshorts #shorts #lovebeautyandplanet #haircare #hairmask #hairfall #ugc""]",Not Found,Not Found,Not Found,Not Found,Not Found,Not Found,Not Found,Not Found,Not Found,2026-10-01T06:30:28Z,45.0,FAIL,"[""followers outside configured range or unavailable"", ""engagement rate below threshold or unavailable""]",Indian skincare routine,2026-10-01T18:04:40.452064+00:00
UCTELOYSiRIY-7JqRQw-8gMg,Perkymegs,YouTube,https://www.youtube.com/channel/UCTELOYSiRIY-7JqRQw-8gMg,458000.0,27140.8,0.0374256134517792,"skincare, makeup, beauty, fashion, outfit, haul, hair, style","skincare, makeup, beauty, fashion, outfit, haul, hair, style","[""My frizzy hair found it\u2019s ultimate saviour especially in the rains!  Perkymegs"", ""Try Out the all New Revolutionary HA Fresh Mix Tissue Mask | Perkymegs"", ""Your Go To Sheet Mask For Hydrated Skin | Perkymegs"", ""Instant Fix for Your Grey Hair | Perkymegs"", ""Make Your Makeup Long Lasting | NYX Makeup Setting Spray Review & Demo | Perkymegs"", ""An Ultimate Game Changer For Your Lashes | Perkymegs"", ""Make Your Hair look Fab from Flat with One Spray | Perkymegs"", ""What is a micro essence and why is it the best addition to your skincare routine | Perkymegs"", ""I am back | Why I stopped making videos here | Life Update | Perkymegs"", ""8 Things I followed that changed my Life | Positive Habits #HappinessWithMegha""]",Not Found,Not Found,Not Found,http://perkymegs.com/,Not Found,Not Found,Not Found,IN,Not Found,2021-07-19T06:34:51Z,51.2,FAIL,"[""followers outside configured range or unavailable"", ""last upload is older than configured activity window""]",Indian skincare routine,2026-10-01T18:04:40.452064+00:00
UCpuRJtDcRG0px-yNB_BV41w,ZOBHA ,YouTube,https://www.youtube.com/channel/UCpuRJtDcRG0px-yNB_BV41w,208.0,175.7,0.0052113545429053,"skincare, makeup, beauty, haul, hair, style","skincare, makeup, beauty, haul, hair, style","[""Hurry Up! Sale is Ending Soon!"", ""FINAL CALL! 40% OFF on ALL Zobha Products!"", ""Big Valentine Sale is here 40% OFF on ALL Zobha products! \ud83d\udc96"", ""Stop Stripping Your Skin! \ud83e\udd51 Why Your Face Wash Makes You Dry"", ""Look What He Gave Me\u2026 \ud83e\udd7a\ud83d\udc95 | Zobha Beauty Essentials Haul \u2728"", ""Valentine\u2019s Day Skincare Gift Set \ud83d\udc95 Surprise Them with Zobha Glow"", ""The Ultimate Valentine\u2019s Day Gift Guide \ud83d\udc96 | Glow Up for Your Date!"", ""Dry, damaged hair Consider it handled Our Hair Mask Spa deeply nourishes from roots to ends,"", ""Antioxidant-Rich Luxury Skincare \u2728 Firm, Smooth & Hydrate Your Skin Naturally"", ""Stop Using Harsh Chemicals! Switch to Natural Repair with Zobha""]",Not Found,Not Found,Not Found,Not Found,Not Found,Not Found,Not Found,IN,Not Found,2026-02-12T10:55:06Z,28.65,FAIL,"[""followers outside configured range or unavailable"", ""engagement rate below threshold or unavailable"", ""last upload is older than configured activity window""]",Indian skincare routine,2026-10-01T18:04:40.452064+00:00
UCzmlP2hHOILqjLZs6Dp159g,Arpita Ghoshal,YouTube,https://www.youtube.com/channel/UCzmlP2hHOILqjLZs6Dp159g,197000.0,4494.2,0.0389854915844517,"skincare, makeup, beauty, haul, hair, cosmetics, grwm","skincare, makeup, beauty, haul, hair, cosmetics, grwm","[""*NEW* Love Earth Liquid Mousse Matte Lipstick 3.0"", ""My Top Festive Makeup Must-Haves 2026 \ud83d\udc84\u2728"", ""Full face of first impressions | Testing Brand New Makeup Releases 2026! \u2764\ufe0f Worth It?"", ""\ud83d\udecd\ufe0f HUGE Nykaa Haul 2026\ud83c\udf38Top Viral Products & New Launches Tested!\ud83d\udc95"", ""My First Audi Pre-Launch Invitation, Kolkata | All New Audi Q3 \ud83d\udd25"", ""Everything I Tried From Morphe \ud83c\udf80"", ""My Minimalist \""No-Makeup\"" Makeup Routine \ud83e\udd0d 5-Min GRWM \ud83d\udd52"", ""Huge @Nykaa Makeup Haul \ud83c\udf38 | Viral Products & New Launches \ud83d\udc95"", ""TRASH OR MUST-HAVE?\ud83d\uddd1\ufe0f\ud83d\uded1 Brutally Honest Product Empties\u26a0\ufe0f Would I repurchase ??"", ""Huge @Nykaa Hot Pink Sale Haul \ud83c\udf38| Part 2: Affordable Everyday Essentials\ud83d\udc95""]",Not Found,Not Found,Not Found,Not Found,Not Found,Not Found,Not Found,IN,Not Found,2026-09-23T08:30:36Z,70.51,FAIL,"[""followers outside configured range or unavailable""]",Indian skincare routine,2026-10-01T18:04:40.452064+00:00
UCiKdXvng-NorVJv46ZxjhrQ,Curios and Dreams,YouTube,https://www.youtube.com/channel/UCiKdXvng-NorVJv46ZxjhrQ,527.0,1977.8,,"skincare, makeup, beauty, style","skincare, makeup, beauty, style","[""The ONLY Eye Makeup Brushes You Need | Available In India | Beginners Guide #shorts #makeup"", ""7 Best Face Mists For Summer! #shorts #skincare #skincareroutine #skincaretips #summerskincare"", ""Affordable Moisturizers Under Rs 500 in India! #shorts #shortsindia #skincare #moisturizer #summer"", ""Enn Pucker Lip Mask Review | Affordable Lip Mask India #shorts"", ""The Best Lip Glosses! Indian (Medium/Brown) Skin Tones - Juicy, Non-Sticky formulas #shorts"", ""Best Lip Balms For Dry Chapped Lips #shorts"", ""Combination Skin Care Routine & Products - Face Wash, Serum, Moisturizer, Sunscreen #shorts"", ""Dry Skin Care Routine & Products - Face Wash, Serum, Moisturizer, Sunscreen #shorts #dryskin"", ""Oily Skin Care Routine & Products - Face Wash, Serum, Moisturizer, Sunscreen #shorts #oilyskin"", ""DIY Nail Polish Craft - Repurpose & Recycle your old polishes! #shorts""]",Not Found,Not Found,Not Found,Not Found,Not Found,Not Found,Not Found,IN,Not Found,2022-05-11T12:04:17Z,25.0,FAIL,"[""followers outside configured range or unavailable"", ""engagement rate below threshold or unavailable"", ""last upload is older than configured activity window""]",Indian skincare routine,2026-10-01T18:04:40.452064+00:00
UCT79-v3vgZF8W-oDeM7WLrg,Manish Cricket Advice ,YouTube,https://www.youtube.com/channel/UCT79-v3vgZF8W-oDeM7WLrg,115.0,1957.6,0.0784601202072174,"skincare, fashion, outfit, hair, style","skincare, fashion, outfit, hair, style","[""\u092f\u0947 3 High Value Skills \u091c\u0940\u0935\u0928 \u092c\u0926\u0932 \u0926\u0947\u0917\u0940 | Everyone MUST LEARN In 2025 #gym #motivation"", ""\u2022The Strongest Comeback\ud83d\ude24#gym #motivation"", ""Six months of full discipline-working #gym #motivation #gymmotivation"", ""15 \u0926\u093f\u0928 \u092e\u0948\u0902 \u0905\u092a\u0928\u093e Face \u0920\u0940\u0915 \u0915\u0930\u0947\u0902 || \u0938\u093f\u0930\u094d\u092b \u090f\u0915 Facewash \u0938\u0947 || #shorts #skincare"", ""15 \u0926\u093f\u0928 \u092e\u0948\u0902 \u0905\u092a\u0928\u093e Face \u0920\u0940\u0915 \u0915\u0930\u0947\u0902 ||  achive Clear Skin In 15 Days  || #shorts #fashion #glowingskin"", ""OLD MONEY ZIPER SWEAT-SHIRT BUDGET \u2192 399"", ""Budget Skin Care routine for oily skin - Dry skin  || A basic skincare routine for men ||"", ""How can we reduce melanin || Comment \u201cTAN\u201d for link or share this reel in my DM for link ||"", ""OLD MONEY ZIPER SWEAT-SHIRT BUDGET \u2192 399 \ud83d\udd25 Link Ke liye Comment Kare #wintercollection #outfit"", ""How To looksmax - step by step - guide |Full Skin Care routine |""]",Not Found,Not Found,Not Found,Not Found,Not Found,Not Found,Not Found,Not Found,Not Found,2025-07-22T05:36:33Z,60.0,FAIL,"[""followers outside configured range or unavailable"", ""last upload is older than configured activity window""]",Indian skincare routine,2026-10-01T18:04:40.452064+00:00
UClQH9bzRYe5PMWbVKMcSUhQ,skincare makeup asmr,YouTube,https://www.youtube.com/channel/UClQH9bzRYe5PMWbVKMcSUhQ,317.0,15334.3,0.0113217839170323,"skincare, makeup, beauty, outfit, hair, style, cosmetics","skincare, makeup, beauty, outfit, hair, style, cosmetics","["" \u2728 White Beauty Bride Transformation | Luxury Skincare & Makeup Glow \u2728"", ""\ud83d\udc96 White Beauty Bridal Glow-Up \ud83d\udc8d | Luxury Skincare & Traditional Indian Bridal Makeup ASMR \u2728"", ""White Beauty Bridal Transformation \ud83d\udc8d\u2728 | Luxury Skincare & Indian Bridal Makeup ASMR"", ""\ud83e\udd0d White Beauty Skincare & Makeup ASMR \u2728 | Satisfying Beauty Transformation \ud83d\udc84\ud83e\uddf4"", ""\ud83d\udc97 White Beauty Routine | Satisfying Makeup\u2728 White"", ""White beauty barbie make up transformation #asmr #animation #makeupasmr"", ""\ud83d\udc96 White Beauty Barbie Makeup ASMR \ud83d\udc96 Transformation \ud83d\udc84\u2728 | Satisfying ASMR"", ""\ud83d\udc9c White Beauty ASMR\ud83d\udc9c | Satisfying Glow-Up & Makeup Transformation"", ""White Beauty ASMR \ud83e\udee7\u2728 | Soft & Satisfying Makeup Sounds"", ""\u2728 White Beauty Glow-Up | Satisfying Makeup Transformation ASMR""]",Not Found,Not Found,Not Found,Not Found,Not Found,Not Found,Not Found,Not Found,Not Found,2026-09-23T13:45:28Z,51.15,FAIL,"[""followers outside configured range or unavailable""]",Indian skincare routine,2026-10-01T18:04:40.452064+00:00
UC9xk5Ho_l-l4oh2C0ulGEXw,say glam ,YouTube,https://www.youtube.com/channel/UC9xk5Ho_l-l4oh2C0ulGEXw,1070.0,241.9,0.0373684045016404,"skincare, makeup, beauty, style","skincare, makeup, beauty, style","[""MARS cancel concealer shade 06 honest review #amazon #beauty #makeup"", ""Zudio matte lipstick shade- puff B01 review #lipstick #beauty #makeup"", ""Hilary Rhoda shimmer stay make-up fixer review #makeup #review # #danessamyricksbeauty"", ""Blue Heaven jelly and butter lipbalm shade - Dusty Rose with spf50 # #lipstudio #lips #shortsvideo"", ""Ganesh chaturthi celebration #gadeshji #ganpatibappamorya #ganpati"", ""faces Canada lipstick review  \ud83d\udc84 #beauty #lipstick #youtubeshorts #review"", ""m caffeine clear glow sunscreen \ud83e\uddf4#beauty #productreview #sunscreen #youtube #shorts"", ""Beautiful Nature #naturelovers #nature #youtubeshorts #naturesounds #shorts"", ""Urban nemo cafe in Hyderabad #cafe #hyderabad #food #plants"", ""zudio lipstick shade matte Joy Ride R-01 lipstick review #perfectmatte #lipstickweek #beyondmatte""]",poojasarojbotany@gmail.com,channel description,Not Found,Not Found,Not Found,Not Found,Not Found,IN,Not Found,2026-09-27T12:15:36Z,70.27,FAIL,"[""followers outside configured range or unavailable""]",Indian skincare routine,2026-10-01T18:04:40.452064+00:00
UC1fgUcNFJrzLQDF6r4fI-Qw,BEAUTY • FASHION • LIFESTYLE • ACCESSORIES,YouTube,https://www.youtube.com/channel/UC1fgUcNFJrzLQDF6r4fI-Qw,1010.0,283.0,0.0844370768495608,"skincare, makeup, beauty, fashion, hair, style, cosmetics, lookbook","skincare, makeup, beauty, fashion, hair, style, cosmetics, lookbook","[""What is the best Scrub or Facewash & what to use 1st?"", ""Grab This Cute Korean Accessories #yoraglam #makeup #accessories #shopnow #shoponline"", ""Products that i used to do Mini Spa at home #yoraglam #makeup #natural #skincare"", ""How did i match my accessories  for the new look creation #yoraglam #makeup #skincare"", ""How did i do makeup for my new look creation #yoraglam #makeup #natural #skincare"", ""New Look Creation Video  #yoraglam #makeup #lookbook #natural #skincare"", ""#yoraglam #shoponline"", ""Winter addition -3hair styles that can cover your week.#wintercare #winter#winterhairstyle #yoraglam"", ""This 5 minutes night skincare will glow your face #skincare #yoraglam #natural"", ""Winter 4 step Morning skincare routine for dry skin #skincare #natural #dryskin #yoraglam""]",yoraglam2022@gmail.com,channel description,Not Found,Not Found,Not Found,Not Found,Not Found,IN,Not Found,2024-02-29T09:03:11Z,60.0,FAIL,"[""followers outside configured range or unavailable"", ""last upload is older than configured activity window""]",Indian skincare routine,2026-10-01T18:04:40.452064+00:00
UCAZGrH6nMu5gMaRzDAsq9dA,Tiptop Beauties,YouTube,https://www.youtube.com/channel/UCAZGrH6nMu5gMaRzDAsq9dA,2660.0,114.8,0.0611930962273891,"skincare, makeup, beauty, hair","skincare, makeup, beauty, hair","[""Daily and healthy makeup/ #makeup #glowyskin #korean "", ""Dry frizzy hair mask/ #flexseeds #frizzyhairtips #hairmask "", ""Be bodywise hair growth serum rollon review/#bebodywise #hairroller #hairgrowth "", ""Banana face pack#hydratedskin #bridetobe #glowyskin"", ""Cheap and best night skincare routine#skincare #nightskinroutine #glassskin "", ""Dtan facial at home/#dtanfacial #everyuthscrub #everyuthpeeloffmask "", ""Natural Facial at Home \u2728 | 4-Step Homemade Facial for Instant Glow | Easy Facial #facial #bridetobe "", ""bride to be#skincare #beautytips #makeup #makeuphacks"", ""dry frizzy hair mask#bananamask"", ""bride to be face mask#dullskinsolution #bride #bridetobe""]",Not Found,Not Found,Not Found,Not Found,Not Found,Not Found,Not Found,IN,Not Found,2026-09-30T14:41:56Z,79.78,FAIL,"[""followers outside configured range or unavailable""]",Indian skincare routine,2026-10-01T18:04:40.452064+00:00
UCZ30cD2kglk_G0RQvMwQBAA,Khoobsurti ,YouTube,https://www.youtube.com/channel/UCZ30cD2kglk_G0RQvMwQBAA,726.0,1480.0,0.0096542705946641,"skincare, makeup, beauty, fashion, outfit, hair, style","skincare, makeup, beauty, fashion, outfit, hair, style","[""Smart leadership qualites"", ""smart aur khoobsurat kaise bane"", ""Claw Clip Bun Hairstyle \ud83d\udc95 | Quick & Easy Bun Hairstyle 2026 | Elegant & Stylish Hairdo #viralshorts"", ""French Quick Hairstyle \ud83d\udc95 | Quick & Elegant Party Hairstyle 2026 | Easy French Hairdo  #viralshorts"", ""Quick & Elegant Party Hairstyles 2026 \ud83d\udc95 | Easy Party Hairstyle Ideas #viralshorts"", ""Trending Party Hairstyles 2026 \ud83d\udc95 | Modern Hair Fashion & Stylish Hair Ideas #viralshorts"", ""Hair Fashion 2026 \ud83d\udc96 | Latest & Trending Hairstyles | Modern Hair Looks for Girls #viralshorts"", ""Trending Bun Hairstyles \u2728 | Gorgeous Hair Fashion 2026 | Easy & Stylish Hair Ideas #viralshorts"", ""Gorgeous Bun Hairstyles \ud83d\udc96 | Easy & Trendy Hair Looks 2026 | Stylish Hair Ideas for Girls #viralshort"", ""Easy & Stylish Bun Hairstyles \ud83d\udc95 | Latest Hair Fashion Trends 2026 | Elegant Hair Ideas #viralshorts""]",Not Found,Not Found,Not Found,Not Found,Not Found,Not Found,Not Found,IN,hi,2026-09-19T11:38:37Z,49.09,FAIL,"[""followers outside configured range or unavailable"", ""engagement rate below threshold or unavailable"", ""language does not match configured language""]",Indian skincare routine,2026-10-01T18:04:40.452064+00:00
UCg56FfZViOEZ1ELxPyH2Lnw,Dr Lokesh Sengar MBBS ,YouTube,https://www.youtube.com/channel/UCg56FfZViOEZ1ELxPyH2Lnw,101.0,597.5,0.0178691309933404,"skincare, makeup, beauty, hair","skincare, makeup, beauty, hair","[""Chemical vs Mineral Sunscreen? Doctor Explains! #chemicalsunscreen #mineralsunscreen #shortsfeed"", ""Top 5 sunscreens for Summer #summerskincare #sunscreen #shortsfeed #skincareroutine #skincaretips"", ""Top 5 Anti Hair Fall Shampoos That Actually Work #antihairfall #shortsfeed #antihairfallshampoo"", ""\u201cSilicone-Free Shampoo = Scam? Truth Revealed!\u201d #shampoo #siliconefree #shortsfeed #haircare"", ""\u201cAlcohol in Skincare: Good or Bad? Truth Revealed!\u201d #shortsfeed #skincareingredients"", ""Why SPF in Makeup is NOT Enough #shortsfeed #viral #makeup #spf #skincare #beautytips #bbcream"", ""Best 3 Moisturizers for Winter | Dermatologist Approved #moisturizer #winter #skincaretips #shorts"", ""Chemical Peel Ke Baad Redness? #chemicalpeeling #shortsfeed #skintreatment #skincaretips"", ""Best Treatment for Dark Spots & Pigmentation #hyperpigmentation #darkspots #scars #skincaretips"", ""Best Diet Tips for Acne-Free Skin #dietforskin #acnefreeskin #brightskin #shortsfeed #clearskin""]",Not Found,Not Found,Not Found,Not Found,Not Found,Not Found,Not Found,Not Found,Not Found,2026-07-04T04:30:34Z,37.73,FAIL,"[""followers outside configured range or unavailable""]",Indian skincare routine,2026-10-01T18:04:40.452064+00:00
UCDICOozUYmHSKMmL2K69fDA,Jennifer Thiek,YouTube,https://www.youtube.com/channel/UCDICOozUYmHSKMmL2K69fDA,854.0,1098.5,0.1167315175097276,skincare,skincare,"[""A simple nighttime skincare routine\ud83c\udf80"", ""Christmas Carol 21/12/2025 \ud83e\udef6\ud83c\udffb\ud83c\udf1f"", ""Today lunch \ud83e\udd57"", ""Hmar Kheer \ud83d\ude09\ud83d\udc9c""]",Not Found,Not Found,Not Found,Not Found,Not Found,Not Found,Not Found,Not Found,Not Found,2026-08-21T13:49:52Z,58.39,FAIL,"[""followers outside configured range or unavailable"", ""insufficient fashion/beauty keyword matches""]",Indian skincare routine,2026-10-01T18:04:40.452064+00:00
UCqOOzhZWHDtD8u-YS9fXSBA,Daily Women Dose,YouTube,https://www.youtube.com/channel/UCqOOzhZWHDtD8u-YS9fXSBA,29.0,1294.4,0.005307339511559,"skincare, makeup, beauty, style","skincare, makeup, beauty, style","[""Stop Using Hyaluronic Acid Wrongly\ud83d\ude36\u200d\ud83c\udf2b\ufe0f. #hyaluronicacid #skincareroutine #skincare #shorts #viral"", ""Soft Girl Glow \ud83e\udd29 #softglamlook #cleangirlmakeup #skincare #viral #skincareroutine #short #fyp"", ""Stop doing your skincare like this.   #skincare #beautyshorts #skincareroutine #shorts #tiktok"", ""Your Skin Needs This Most in Winter (Not Actives) #winter #skincareroutine  #skincaretips #shorts"", ""Underpainting Is Back \u2014 And It Looks Better Than Full Coverage #shorts #viral #makeup #tiktok"", ""Face Wash Ingredients For Acne Prone Skin. #shorts #acneskincare #acne #skincareroutine #facewash"", ""Why More Makeup Makes It Worse\ud83d\ude31 #shorts  #skincareroutine #softglamlook #skincaretips #makeup"", ""If It Hurt, Your Skin Is Saying No.  #skincareroutine  #viral #skincaretips #beautyhacks #glowup"", ""Does Slugging Actually Work? Here\u2019s the Truth No One Tells You #slugging  #skincareroutine #viral"", ""Retinol Almost Destroyed My Skin\u2026 Until I Did This #retinol #retinolskincare  #viral #shorts #tiktok""]",Not Found,Not Found,Not Found,Not Found,Not Found,Not Found,Not Found,NG,Not Found,2026-03-08T09:52:50Z,28.72,FAIL,"[""followers outside configured range or unavailable"", ""engagement rate below threshold or unavailable"", ""last upload is older than configured activity window"", ""country does not match configured region""]",Indian skincare routine,2026-10-01T18:04:40.452064+00:00
UCWmGOa36ell7JVt4Yl5ij7g,The capricorn Babe,YouTube,https://www.youtube.com/channel/UCWmGOa36ell7JVt4Yl5ij7g,160.0,323.4,0.1344314744874855,"skincare, makeup, beauty, haul, style","skincare, makeup, beauty, haul, style","[""easy egg paratha #partha #foodvlog #breakfast #eggparatha #odiavlog #recipe #breakfastrecipe"", ""mood lifter #morningtea#wintermorning#foggymorning"", ""#songcover"", ""July 18, 2023"", ""MY EVERYDAY MAKEUP |  EASY & SIMPLE | MAKEUP TUTORIAL  \ud83d\udc84"", ""Top5 Must have lipsticks \ud83d\udc84| Review | Lipsticks for indian skin tone\ud83d\udc69\ud83c\udffc\u200d\ud83e\uddb0"", ""My morning skincare routine \ud83d\udc9c"", ""STEP BY STEP BLACK GLITTERY EYE MAKEUP \ud83d\udc96\ud83d\udda4\ud83d\udc96"", ""Good vibes skincare products review \ud83d\ude31\ud83e\udd29"", ""Simple makeup look for RAJA""]",Not Found,Not Found,Not Found,Not Found,Not Found,Not Found,Not Found,Not Found,Not Found,2024-02-02T12:05:59Z,60.0,FAIL,"[""followers outside configured range or unavailable"", ""last upload is older than configured activity window""]",Indian skincare routine,2026-10-01T18:04:40.452064+00:00
UCXRWXJuAcrx-2cdkhMwPyMg,RICHU GOEL,YouTube,https://www.youtube.com/channel/UCXRWXJuAcrx-2cdkhMwPyMg,357.0,1685.1,0.0048991027624737,"skincare, makeup, hair, grwm","skincare, makeup, hair, grwm","[""10 min goto makeup look"", ""Grwm #everydaymakeup"", ""#desigrwm"", ""#chatpata lipcombo #browngirl #bollywood"", ""Hair spa day #haircare"", ""Deep rest skincare mask #diyskincare #oilyskin"", ""Overnight mask skin hack for glowing skin #barrierrepair #nivea"", ""One brand skincare ft. Cetaphil"", ""GRWM Shaddi edition #skincare #makeup"", ""GRWM skincare and makeup edition""]",Not Found,Not Found,Not Found,Not Found,Not Found,Not Found,Not Found,Not Found,Not Found,2026-09-29T13:16:26Z,47.98,FAIL,"[""followers outside configured range or unavailable"", ""engagement rate below threshold or unavailable""]",Indian skincare routine,2026-10-01T18:04:40.452064+00:00
UCwGtG66LsCGdXfm8pbfDgMw,Neethu Srivastava,YouTube,https://www.youtube.com/channel/UCwGtG66LsCGdXfm8pbfDgMw,1070.0,1973.5,0.0849890031680484,"skincare, makeup, beauty, hair, cosmetics, grwm","skincare, makeup, beauty, hair, cosmetics, grwm","[""PRODUCTS I USED UP| SPEED REVIEWS OF HAIRCARE, SKINCARE |PRODUCT EMPTIES 2026"", ""ONAM MAKEUP LOOK|TRADITIONAL INDIAN MAKEUP LOOK|DEWY MAKEUP #onam2026"", ""ELF CHERRY COLA LIP TINT REVIEW|LIP TINT ON INDIAN SKIN|LIP AND CHEEK TINT #elfcosmetics"", ""WEDDING GRWM|WEDDING GUEST MAKEUP TUTORIAL |GLOWY MAKEUP #makeup #weddingmakeup"", ""MAYBELLINE LIFTER LINERS LET\u2019S BOUNCE &PLAYER SWATCHES|NUDE LIP LINERS FOR INDIAN SKIN"", ""HAIRCARE FAVOURITES 2025|AFFORDABLE HAIRCARE|"", ""FACES CANADA LIP CRAYON -I AM YOURS|BROWN NUDE LIPSTICK FOR INDIAN SKINTONE |AFFORDABLE LIPSTICK"", ""BEST NUDE LIP TINT FIND OF 2025.LAMEL LIP STAIN IN PASSION #liptint #lipstain"", ""3 MOISTURISERS UNDER RS 500|INDIAN SKINCARE |AFFORDABLE SKINCARE #shortsindia #moisturizer"", ""HUDA BEAUTY COLOR CORRECTOR PEACH REVIEW |HOW I CONCEAL DARK CIRCLES | #hudabeauty #minimalmakeup""]",myredesignedlife23@gmail.com,channel description,https://www.instagram.com/neethusrivastava/,Not Found,Not Found,Not Found,Not Found,IN,Not Found,2026-09-22T08:30:07Z,78.0,FAIL,"[""followers outside configured range or unavailable""]",Indian skincare routine,2026-10-01T18:04:40.452064+00:00
UChRrRsALA-hybsf88b7MOMg,SheGlow By Deepali,YouTube,https://www.youtube.com/channel/UChRrRsALA-hybsf88b7MOMg,24.0,201.1,0.2596934229887587,"skincare, makeup, beauty, fashion, hair","skincare, makeup, beauty, fashion, hair","[""Krishna Ji Itne Attractive Kyun The? Secret of Natural Glow \u2728 | SheGlow By Deepali #shorts #krishna"", ""India Wins T20 World Cup 2026 \ud83c\uddee\ud83c\uddf3 Emotional Tribute | SheGlow By Deepali \u2728 #shorts #teamindia #like"", ""Shani Dev Ka Discipline Secret \ud83e\ude90 | Skin Care Routine That Actually Works | SheGlow By Deepali #fyp"", ""Lakshmi Ji Ka Secret Glow \u2728 | Friday Beauty Ritual | SheGlow By Deepali #shorts #beautyshorts #like"", ""Holi 2026 Skin Care Secret \ud83c\udf08 | Glow Safe This Holi \u2728 | SheGlow By Deepali #shorts #holi #trending"", ""Waxing Industry ka Sabse Bada JHOOTH \ud83d\ude31| Truth About Waxing No One Tells You #waxing #salon #fashion "", ""Shiv Jayanti Special | Skin Safety is Self Respect \ud83d\udd25 SheGlow By Deepali #ShivJayanti #shorts #viral"", ""Mahashivratri Special Skin Care \ud83d\udd49\ufe0f |Safe Waxing at Home | SheGlow By Deepali #Shorts #mahashivratri"", ""Waxing ka galat gap skin barbaad kar sakta hai \ud83d\ude31 #shorts #trending #fashion #women #viral #waxing"", ""Waxing Ke Baad Ye Dikhe To RUK JAO! | Skin Damage Warning #trending #fashion #waxing #viral #beauty""]",Not Found,Not Found,Not Found,Not Found,Not Found,Not Found,Not Found,IN,Not Found,2026-03-11T15:48:00Z,60.0,FAIL,"[""followers outside configured range or unavailable"", ""last upload is older than configured activity window""]",Indian skincare routine,2026-10-01T18:04:40.452064+00:00
UCSZRhP36F936zJDuLnhRm8Q,Mumma derma,YouTube,https://www.youtube.com/channel/UCSZRhP36F936zJDuLnhRm8Q,39.0,135.9,0.1222414570792548,"skincare, beauty","skincare, beauty","[""here is my list of natural dupes over chemical ones. #ytshorts #skincaretips #holistic"", ""treat your under eye dark circles using these remedies #ytshorts #skincare #darkcircleshomeremedy"", ""5 August 2025"", ""let your skin glow from within. \ud83c\udf20 \ud83d\udcab #ytshorts #glowingskin #mummaderma #guthealth #glowingskin"", ""\ud83d\ude2b of dark spots and uneven skin tone??lets treat it holisticall#ytshorts #glowingskin #pigmentation"", ""\ud83c\udf1f  Go from oily,itchy TO glowy glowy \ud83d\udd25 this monsoon \ud83c\udf27"", ""Monsoon Skincare Rituals  \ud83c\udf27 prevent breakouts,  fungal acne and dull skin NATURALLY \ud83d\ude03 #ytshorts"", ""say YES to non toxic and harmful chemicals and switch to nature based skincare #cleanbeauty#ytshorts"", ""get rose lik glow !!#ytshorts #skincare #rose #beauty #glowingskin"", ""This flower not only represents love but also gives love to ur skin and internal organs.""]",Not Found,Not Found,Not Found,Not Found,Not Found,Not Found,Not Found,IN,Not Found,2025-08-14T04:35:15Z,60.0,FAIL,"[""followers outside configured range or unavailable"", ""last upload is older than configured activity window""]",Indian skincare routine,2026-10-01T18:04:40.452064+00:00
UCIpvACgDicld7kVpxssQQgw,Monika Yadav,YouTube,https://www.youtube.com/channel/UCIpvACgDicld7kVpxssQQgw,321000.0,764.3,0.01140070177747,"skincare, makeup, beauty, fashion, outfit, haul, style","skincare, makeup, beauty, fashion, outfit, haul, style","[""Ye Galiya ye Choubara #trending #shortsfeed #ytshorts #ytviral #explore #trendingsong #viralshorts"", ""#haryanvisong #viralshorts #trendingshorts #explore #ytshorts #ytviral #trendingreels #emotional #yt"", ""Kamar Tere #masoomsharma #haryanvisong #trending #viralshorts #reels #shorts #trendingnow #viralreel"", ""#trendingshorts #trendingreels #viral #shortsfeed #haryanvisong #like #viralshorts #viralreels #reel"", ""No Kagaz #trending #haryanvisong #newsong #viralshorts #explorepage #haryanvidance #trendingshorts"", ""No Kagaz #haryanvisong #haryanvi #trendingshorts #trendingreels #shortsfeed #explorepage #foryou"", ""#trending #viralshorts #ytshorts #shorts #explore #fouji #foujilife #trendingreels #ytviral #foryou"", ""#shorts #shortsfeed #shopping #explore #viralshorts #ytshorts #ytviral #iphone #iphone17 #viralshort"", ""#iphone #iphone17 #shortsfeed #viral #trending #iphoneatoldprice #viralreels #explore #iphone17unbox"", ""#1980s #trending #80s #viralshorts #80svibes #shortsfeed #shorts #ytshorts #ytshortsindia #viral #me""]",monikayadav5703@gmail.com,channel description,https://www.instagram.com/glowwithmonikayadav?igsh=bXFlbm83YWo1dG4y&utm_source=qr,Not Found,Not Found,Not Found,Not Found,IN,en-IN,2026-09-22T14:15:01Z,50.98,FAIL,"[""followers outside configured range or unavailable"", ""language does not match configured language""]",Indian skincare routine,2026-10-01T18:04:40.452064+00:00
UC2F77HBAexS9ijKVqNybtuQ,Skincare Enthusiast,YouTube,https://www.youtube.com/channel/UC2F77HBAexS9ijKVqNybtuQ,13.0,383.125,0.0238577462530947,"skincare, makeup, haul","skincare, makeup, haul","[""#pilgrim#indianskincare #originalsound"", ""@VenusiaIndia   Venusia Max Intensive Moisturizing Lotion #DrReddys#indianskincare #pharmacy"", ""Part 1 @Reequil #SkinBarrierRepair #Ceramides #DrySkinRoutine #IndianSkincare #Shorts#unboxing"", ""Re'equil Haul Part 2  \u200e\u2068@Reequil\u2069\u00a0,#ReequilSkincare, #ReequilSunscreen#indianskincare"", ""Hyphen mini haul#letshyphen #depigmentation#retinal"", ""Mamaearth haul \ud83e\udd70#mamaearth #unboxing #skincarehaul#notsponsored #ytshorts @mamaearthindia1509"", ""Aqualogica Unboxing, real background sounds\ud83d\ude2c#aqualogica#dewyskin #skincarehaul#skincareasmr"", ""Aqualogica B1G1 sale\ud83e\udd73#Aqualogica #SkincareUnboxing #DewySkin #SkincareRoutine #GlowUp #HydratedSkin""]",Not Found,Not Found,Not Found,Not Found,Not Found,Not Found,Not Found,Not Found,Not Found,2026-09-09T17:36:14Z,56.81,FAIL,"[""followers outside configured range or unavailable""]",Indian skincare routine,2026-10-01T18:04:40.452064+00:00
UC6M-mVbevO6TAYl4eCpZEZg,Natasha Noushad,YouTube,https://www.youtube.com/channel/UC6M-mVbevO6TAYl4eCpZEZg,1020.0,46468.7,0.0182076382938016,"skincare, beauty, haul, hair","skincare, beauty, haul, hair","[""Rubber Band Challenge || Challenge Reels || 30 Second Challenge ||"", ""Hair Colour || Golden Brown Hair || Hair Colouring Reels ||"", ""Immune Booster || Vitamin C Drink || Daily Rituals || Vitamin C Immune Booster ||"", ""Eid Al Adha at Medical School || An Eid Day || Eid at Hostel ||"", ""Be Minimalist L- Ascorbic Acid 90%+E+F Powder || Latest Launch ||"", ""K By KATRINA || KAYBEAUTY HAUL ||"", ""Beautiful Skies || Sky Photography ||"", ""Shopping at a LuLu after 6 months || Covid Shopping Reel || Lulu Vlog ||"", ""British Accent Challenge || Reels Challenge ||"", ""Tips for Retinol Beginners || TRETINOIN JOURNEY || Acne Skincare ||""]",Not Found,Not Found,Not Found,Not Found,Not Found,Not Found,Not Found,Not Found,Not Found,2021-08-01T12:31:03Z,37.75,FAIL,"[""followers outside configured range or unavailable"", ""last upload is older than configured activity window""]",Indian skincare routine,2026-10-01T18:04:40.452064+00:00
UCS_6ezGPr5TLA4AsBaIo1GA,GLOWUP BEAUTY ZONE,YouTube,https://www.youtube.com/channel/UCS_6ezGPr5TLA4AsBaIo1GA,83.0,419.6,0.2,"skincare, makeup, beauty, hair, style","skincare, makeup, beauty, hair, style","[""new style cut #shorts #viral #beauty #trending"", ""Hidden Secret for Crystal Clear Skin \ud83d\udc8e  #shorts #ytshorts #viral #trending #skincare #glassskin"", ""Before and after makeup transformation \u2728#trending #viral #shortsfeed #shorts #youtubeshorts"", ""Ayurvedic Glow Up Challenge! \u2728#Shorts#YouTubeShorts#BeautyHacks#SkincareRoutine#GlowingSkin#Beauty"", ""Traditional Magic \u2728 | Elegant Indian Bride Look #shorts  #viralshort  #makeuparty #traditionalwear"", ""Wait for the end! \u2728 Simple Girl to Royal Bride \ud83d\udc78 #shorts #trending #viral #bridal # ytshorts"", ""Hair Spa Magic! \u2728 You Won't Believe the Before & After! #trending #shorts #viral #hairspa #hairstyle"", ""Viral Korean Skincare Routine\ud83c\udf38 #Viral #TrendingShorts #YoutubeShorts #ShortsFeed  #GlassSkin #shorts"", ""Viral Tiger Face Mask Try-on! \ud83d\udc2f #Shorts #Trending #ViralShorts  #SkincareHacks #KoreanSkincare"", ""Old Look se Boring? Try this New Haircut!\ud83d\ude0d#shorts #viral #trends #youtubeshorts #hairtransformation""]",Not Found,Not Found,Not Found,Not Found,Not Found,Not Found,Not Found,Not Found,Not Found,2026-09-10T15:42:17Z,75.33,FAIL,"[""followers outside configured range or unavailable""]",Indian skincare routine,2026-10-01T18:04:40.452064+00:00
UCyH2-ksh6rxeNzeYKpYZQ4g,Leepstticks,YouTube,https://www.youtube.com/channel/UCyH2-ksh6rxeNzeYKpYZQ4g,556.0,1033.6,0.051085087229469,"skincare, makeup, beauty, haul, cosmetics","skincare, makeup, beauty, haul, cosmetics","[""Easy Glossy Nude Lips for Dark Lips!"", ""Thinking to restart it all\u2026. :\u2019) #Shorts #firstever #restarting"", ""*LATE* Nykaa Summer Sale Haul"", ""Boyfriend Friendly Makeup tutorial| Do\u2019s and Don\u2019ts| Valentine\u2019s Day Special"", ""A Day In My Life | Celebrated My Boss\u2019s Birthday, Mask-Proof Makeup"", ""*NEW* L\u2019Oreal Paris Infallible 24HR Matte Cover Foundation Review/ Rant | Caramel beige"", ""\""MADE IN INDIA\u201d Skincare brands which you must try! | Haul | Leepstticks"", ""Nykaa HOT PINK SALE haul | HudaBeauty, Nyx, PAC, L\u2019Oreal & Many more | Indian Youtuber"", ""PAC Cosmetics Double Volume Mascara | Leepstticks"", ""First impressions on Lakme 9 to 5 Perfect Cover | Warm Caramel | Oily Skin""]",leepstticksmg@gmail.com,channel description,Not Found,Not Found,Not Found,Not Found,Not Found,IN,Not Found,2023-07-13T20:38:36Z,60.0,FAIL,"[""followers outside configured range or unavailable"", ""last upload is older than configured activity window""]",Indian skincare routine,2026-10-01T18:04:40.452064+00:00
UClj7cs9Z6YaLRiktwMkj0qg,Glow with Neha,YouTube,https://www.youtube.com/channel/UClj7cs9Z6YaLRiktwMkj0qg,39.0,702.5,0.0107641533578517,"skincare, makeup, beauty, haul, style, cosmetics","skincare, makeup, beauty, haul, style, cosmetics","[""Cheapest Artificial Plants Online \ud83d\ude31 6 Pieces in \u20b9112 Review"", ""UGC Shoot vs Result: Dot & Key Sunscreen | No Studio Needed"", ""Sunscreen but make it aesthetic \ud83d\udc97Best Watermelon Sunscreen for Summer \ud83c\udf49\u2600\ufe0f SPF 50 Glow #shorts"", ""Raat Bhar Me Korean Glass Skin\ud83d\ude31 2 Cheez Se \u2728"", ""ll KOREAN SKINCARE itna expensive hota hai \ud83d\udcb8Par ek simple hack ghar pe try kar sakti hai \ud83d\udc47 #fyp"", ""STOP! Tamatar aise mat lagao \u274c2 min me glow chahiye? Ye try karo \ud83c\udf45\u2728tomato for skintomato face pack"", ""\u201cViral DIY try kiya\u2026 REAL result \ud83d\ude33\u2728#naturalglow #skincaretips #realskincare #explorepage"", ""1 use me hi difference \ud83d\ude33\u2728Ye simple hand pack try karo aur tan ko bye bolo \ud83d\udc9b\u201d #diy #tanremoval #fyp"", ""\u201cBest Lipstick Shades for Indian Skin \ud83d\udc84\u2728Affordable but shocking quality \ud83d\ude33\ud83d\udd25Which one is your fav?\u201d"", ""\u201cInternet pe viral tan removal pack\u2026 real or fake? #tanremoval #glowingskin #diyfacepack #viralreels""]",nehaansari5854@gmail.com,channel description,Not Found,Not Found,Not Found,Not Found,Not Found,Not Found,Not Found,2026-05-06T13:48:12Z,32.53,FAIL,"[""followers outside configured range or unavailable"", ""last upload is older than configured activity window""]",Indian skincare routine,2026-10-01T18:04:40.452064+00:00
UCNQINDtTkFPuDU8C2iL_rVw,Trikona Pharma - Redefining Skincare,YouTube,https://www.youtube.com/channel/UCNQINDtTkFPuDU8C2iL_rVw,1140.0,4087.3,0.0104905713470964,"skincare, beauty, hair","skincare, beauty, hair","[""Aziclear serum  #skincare #cosmeticdermatology #haircare #brightskin #skincareroutine #faceserum"", ""Triqua Lotion \u2014 24-hour hydration for skin that feels good, every day #skincare  #skincare"", ""Folijuv hair serum  #skincare #cosmeticdermatology #skincareroutine  #haircare #glow  #hairserum"", ""Triclear Facewash #skincare #cosmeticdermatology #brightskin #skincareroutine #sunscreen #beauty"", ""folijuv shampoo #skincare #cosmeticdermatology #glow #sunscreen #brightskin #haircare #skin #beauty"", ""GAHA serum  #skincare #cosmeticdermatology #glow#skin # #brightskin #serum #faceserum #serum #gaha"", ""GAHA serum # #skincare #cosmeticdermatology #brightskin #skin #trending #trikona"", ""triclear facewash # #skincare #cosmeticdermatology #glow #cleanser # #brightskin #skincare #fyp"", ""triqua lotion #lotion #handcream #triqua #body #bodylotion #lotions #skincare #skin #glow #daycare"", ""triclear cleanser #skincare #brightskin #glow #cleanser #skin #cosmeticdermatology #triclear #all""]",Not Found,Not Found,Not Found,Not Found,Not Found,Not Found,Not Found,IN,Not Found,2026-09-04T11:28:53Z,46.34,FAIL,"[""followers outside configured range or unavailable""]",Indian skincare routine,2026-10-01T18:04:40.452064+00:00
UCG9nUJtEZLJuE9IX36YDXUw,Brown Indian Girl,YouTube,https://www.youtube.com/channel/UCG9nUJtEZLJuE9IX36YDXUw,336.0,4998.4,,"skincare, beauty, fashion, haul, hair, style","skincare, beauty, fashion, haul, hair, style","[""oziva facewash | fizzy drink | skincare routine, review, experience, skin brightening, glycolic acid"", ""Top and jewellery from meesho | under rs.250 | combo top | chiffon top | choker | necklace"", ""Meesho blouse haul | readymade blouse |embroidered blouse |designer blouse | latest blouse under 450"", ""Meesho saree haul | salwar suit | festive saree | designer saree | try on haul | part 2"", ""Meesho Designer Embroidered saree haul | festive wear | wedding wear | silk saree Rs.641 - 1100"", ""Meesho earrings | jewellery | jhumka | necklace set | magtika set | try on haul | festive haul."", ""Ajio Haul | Big Bold Sale | full sleeves top | sports t-shirt | ajio haul5 | unsponsored | huge haul"", ""Ajio t-shirt haul | fig t-shirt | graphic tees | DNMX t-shirt |outryt t-shirt | performax t-shirt"", ""Ajio jeans haul | high waist |straight | bootcut jeans | flared hems jeans |wide leg |slim fit jeans"", ""AJIO HAUL 2 | UNSPONSORED | kurta | culottes | cargo pant | shirt | try on haul | cheap comfortable""]",Not Found,Not Found,Not Found,Not Found,Not Found,Not Found,Not Found,IN,hi,2022-03-08T17:51:46Z,25.0,FAIL,"[""followers outside configured range or unavailable"", ""engagement rate below threshold or unavailable"", ""last upload is older than configured activity window"", ""language does not match configured language""]",Indian skincare routine,2026-10-01T18:04:40.452064+00:00
UCBVXcBh320oA96I-nR6MqPw,Rehana siddiqui ,YouTube,https://www.youtube.com/channel/UCBVXcBh320oA96I-nR6MqPw,844.0,1023.3,0.0099046267248005,"skincare, makeup, beauty, fashion, outfit, haul, hair, style","skincare, makeup, beauty, fashion, outfit, haul, hair, style","[""Affordable Meesho Nightsuit Under 500 Rs \ud83e\udd17#shirts #viral #meesho"", ""SAVANA HAUL \ud83d\udecd\ufe0f\u2728 | What I Ordered vs What I Got! \ud83d\udc40#shorts #trending #viral"", ""I Found the Cutest Pink Co-Ord Set Under \u20b91500! \ud83c\udf80 #shorts #viral #trending"", ""Affordable & Totally Worth It! \ud83d\udc60"", ""You Found the Prettiest Kurta Set! \ud83c\udf80 #shorts #viral #amazon"", ""WHAT?! This Co-Ord Is Under \u20b91000! \ud83d\ude31#shorts #viral #meesho"", ""WHAT?! This Meesho Co-Ord Set Looks THIS Expensive! \ud83d\ude31#shorts #viral #meesho"", ""Rakhi Outfit Ideas 2026 \ud83c\udf38 #shorts #viral #trending"", ""Rakhi Special \ud83c\udf38 Amazon Kurta Sets Under \u20b9999!  #shorts #viral #trending"", ""Monsoon Hair Fall? \ud83d\ude31 Ye Serum Game Changer Hai! \ud83c\udf27\ufe0f\u2728#shorts #viral #trending""]",Not Found,Not Found,Not Found,Not Found,Not Found,Not Found,Not Found,IN,en-IN,2026-09-06T10:49:23Z,46.38,FAIL,"[""followers outside configured range or unavailable"", ""engagement rate below threshold or unavailable"", ""language does not match configured language""]",Indian skincare routine,2026-10-01T18:04:40.452064+00:00
UCEUYquTwa0DDXeLyrZAnBsw,Shiv Sewlal,YouTube,https://www.youtube.com/channel/UCEUYquTwa0DDXeLyrZAnBsw,1140000.0,647183.7,0.0485857578190659,makeup,makeup,"[""The most annoying one\ud83e\udee0 and the main reason why I can\u2019t eat out at most restaurants\ud83d\ude2d #allergy"", ""Why we have two of the same things in our fridge\ud83d\ude48 #allergy"", ""Why we have two of the same things in our fridge\ud83d\ude48 #allergy"", ""Testing to see how nosy my sister is\ud83d\udc40 @AshSewlal #sisters"", ""I can only eat the fries at some places (depending on what cooking oil they use)\ud83d\ude05 #allergy"", ""Payback for all the times she woke me up\ud83d\ude0e @AshSewlal  #sisters"", ""Update on \u201cborrowing\u201d my sister\u2019s makeup\ud83d\ude05 (she still doesn\u2019t know) #sisters"", ""My big sis made me diary-free ice cream from scratch\ud83d\ude31 thanks @AshSewlal  #allergy"", ""I dropped my sister\u2019s makeup when I was \u201cborrowing\u201d it\ud83d\ude2d\ud83d\ude2d #sister"", ""I dropped my sister\u2019s makeup\ud83d\ude2d\ud83d\ude2d #sisters""]",shivsewlal@gmail.com,channel description,Not Found,Not Found,Not Found,Not Found,Not Found,Not Found,Not Found,2026-10-01T14:32:05Z,66.51,FAIL,"[""followers outside configured range or unavailable"", ""insufficient fashion/beauty keyword matches""]",Indian skincare routine,2026-10-01T18:04:40.967067+00:00
UC6t6dgQf3VAoo1rKWnLZr4w,Rutuja Mane,YouTube,https://www.youtube.com/channel/UC6t6dgQf3VAoo1rKWnLZr4w,156.0,1417.2222222222222,0.0240804243378946,"skincare, beauty, fashion, hair","skincare, beauty, fashion, hair","[""German baker #shorts #youtubeshorts #youtube"", ""#youtubeshorts #shorts"", ""#song #bollywood #music #shorts #southindian"", ""mini Vlog #vlog #minivlog #shorts #youtubeshorts"", ""#shorts #transition #youtubeshorts"", ""three steps skincare routine that you need \ud83e\udd17 #skincare #nightskinroutine #shorts"", ""#shorts #youtubeshorts #birthday #beauty"", ""GANPATI AAGMAN #ganeshchaturthi #ganpati #ganpatibappamorya"", ""I tried paradyes lover's latter , totally disappointed \ud83d\ude2d#paradyes #haircolor #hair""]",rutujamane915@gmail.com,channel description,Not Found,Not Found,Not Found,Not Found,Not Found,Not Found,Not Found,2025-09-12T10:46:14Z,41.86,FAIL,"[""followers outside configured range or unavailable"", ""last upload is older than configured activity window""]",Indian skincare routine,2026-10-01T18:04:40.967067+00:00
UCWYweVwJ3zO_sZFZJ3w58UA,RMV Kosmoderma,YouTube,https://www.youtube.com/channel/UCWYweVwJ3zO_sZFZJ3w58UA,16.0,1109.2,0.0080158674421906,"skincare, makeup, beauty, fashion, hair, style, cosmetics","skincare, makeup, beauty, fashion, hair, style, cosmetics","[""Simple Skin Care Tips for Men"", ""Do you want glowing, clear skin"", ""DISCOVER THE TOP 5 BENEFITS OF CHEMICAL PEELING FOR FLAWLESS SKIN"", ""Looking to shake up your skincare routine?"", ""What is the blepharoplasty known as"", ""What is Collagen stimulation therapy || RMV Kosmoderma"", ""What are the benefits of Laser Toning?"", ""What do fillers do"", ""Kosmoderma Skin & Hair Clinics RMV Extension"", ""Kosmoderma Skin & Hair Clinics RMV Extension Low Level Laser Therapy""]",Not Found,Not Found,Not Found,Not Found,Not Found,Not Found,Not Found,Not Found,Not Found,2023-07-14T12:57:35Z,30.61,FAIL,"[""followers outside configured range or unavailable"", ""engagement rate below threshold or unavailable"", ""last upload is older than configured activity window""]",Indian skincare routine,2026-10-01T18:04:40.967067+00:00
UCFbbep3YazAi6dHTRspZsDQ,MyBeMorph,YouTube,https://www.youtube.com/channel/UCFbbep3YazAi6dHTRspZsDQ,56.0,52.5,0.2015154702095109,"skincare, beauty","skincare, beauty","[""\u2728 Skin concerns making you second-guess your glow? Now, it\u2019s time to care for your skin differently."", ""\u2728 Your Skin. Your Glow. Your Routine.Give your skin the care it deserves with Be Morph Divine Glow"", ""Looking to grow your salon, parlor, or skincare business with zero heavy investment?"", ""\u2728 Night Care, Beautiful Glow! \ud83c\udf19\ud83d\udc9c"", ""\ud83c\udf3f\u2728 Your Skin Deserves More Than Just Skincare."", ""\u2728 Your Pre-Wedding Glow Starts Here!"", ""A Ritual of Nature for Naturally Radiant Skin!"", ""Unlock your skin's true radiance naturally! \u2728"", ""\ud83c\uddee\ud83c\uddf3 Freedom to Shine, Freedom to Glow \ud83c\uddee\ud83c\uddf3This Independence Day,"", ""\u2728 A New Era of Skin Confidence Begins.Introducing the NEW COLLAGEN FACE MASK""]",mybemorph@gmail.com,channel description,Not Found,Not Found,Not Found,Not Found,Not Found,IN,Not Found,2026-09-25T06:36:09Z,78.67,FAIL,"[""followers outside configured range or unavailable""]",Indian skincare routine,2026-10-01T18:04:40.967067+00:00
UCI-Mc5a09NOHcn_HrTp3n3g,Himanshi's World! ,YouTube,https://www.youtube.com/channel/UCI-Mc5a09NOHcn_HrTp3n3g,44200.0,27241.0,0.0299083205273965,"skincare, hair, grwm","skincare, hair, grwm","[""After School Routine *Exam Edition | How to do best study in exams #school #exam"", ""EXAM AFTER SCHOOL ROUTINE / 5 must do things #school #exam #afterschool"", ""Perfect Night Routine For School-College #night #school #selfcare"", ""5am Morning Study Routine For School-College #studyvlog #school #morning"", ""Sunday Morning-Night Routine For School-College #sunday #studyvlog"", ""Teenage Skincare Routine \u2018After School\u2019 #skincare #teenage #afterschool"", ""After School Routine For Exam / Study hacks #studyvlog #school #exam"", ""Morning Routine for School-College / 6 must do things #school #morning #skincare"", ""GRWM For *Tution* \ud83d\ude0dAfter School #grwm #shorts #afterschool"", ""Sunday Routine For School-College / 4 must do things #school #sunday #selfcare""]",himanshipoonia041@gmail.com,channel description,Not Found,https://t.me/TobeginSSC,Not Found,Not Found,Not Found,IN,Not Found,2026-09-12T12:30:35Z,81.71,PASS,[],Indian skincare routine,2026-10-01T18:04:40.967067+00:00
UCiYc6UhR_5rQ3_Y4tl5mm4A,Bharti Narang,YouTube,https://www.youtube.com/channel/UCiYc6UhR_5rQ3_Y4tl5mm4A,17400.0,3442.2,0.023248794300705,"skincare, makeup, beauty, hair","skincare, makeup, beauty, hair","[""How Founders Should Plan Their Instagram Content | 7-Day Content Plan for D2C Founders | IG Calendar"", ""Marketing Work Trip to Goa \ud83c\udf34 | Airbnb Tour, Agency Life & Founder Vlog | Ep. 01 | Goa Trip Vlog"", ""Phuket Work Trip Vlog - 01 | A Day in the Life of a Marketing Agency Owner | Bharti Narang"", ""Uber for Teens is now live in India | What is Uber for Teens? | Uber cab experience in India"", ""Morning routine of a 30 year old | 2025 Morning routine | Slow Living in Goa | Slow Morning Routine\u2728"", ""A shoot day at home in Goa | A productive day at home | Working from Goa | B-rolls, yoga, food, etc!"", ""Kada Prasad Recipe | Vikas Khanna Kada Prasad Recipe | Kada Prasad Kaise Banaye? #kadaprasad"", ""Living in Goa Vlog | A day in my Life vlog | Indian Couple living in Goa | 1st Vlog after Marriage"", ""Truth about running a Branding & Marketing Agency | Building my Branding & Marketing Agency \u2728"", ""Quarry in Goa | Natural Swimming Pool in Goa | Goa beyond Beaches | Things to do in Goa for Free \ud83c\udf34""]",Not Found,Not Found,Not Found,Not Found,Not Found,Not Found,Not Found,IN,Not Found,2026-08-06T16:09:36Z,68.83,PASS_NO_EMAIL,[],Indian skincare routine,2026-10-01T18:04:40.967067+00:00
UCnfKSOftPqGsVFNEHLlc6pg,Shrads,YouTube,https://www.youtube.com/channel/UCnfKSOftPqGsVFNEHLlc6pg,2930000.0,1610854.1,0.0229569591295211,"skincare, hair","skincare, hair","[""I mean those portions are a crime right!!"", ""I'm sure they think they're real Princesses in 2026 \ud83d\ude02"", ""Well I'm chopping her hair off next week \ud83d\udc87\ud83c\udffb\u200d\u2640\ufe0f"", ""Is this gonna FAIL like everyone else's!!!!! #sourdough"", ""\""you should never fight on camera\"" \ud83d\ude02\ud83d\udc83\ud83c\udffb"", ""They think I'm 49 \ud83d\ude48"", ""What it's like having daughters\u2665\ufe0f"", ""Raksha Bandhan 2026"", ""The end omg \ud83e\udd79"", ""Their first rakhi \u2728""]",contact@shrads.com,channel description,https://instagram.com/shrads,https://www.tiktok.com/@shrads,Not Found,Not Found,Not Found,NL,Not Found,2026-10-01T13:00:22Z,61.07,FAIL,"[""followers outside configured range or unavailable"", ""country does not match configured region""]",Indian skincare routine,2026-10-01T18:04:40.967067+00:00
UC84_XCO5ZPeaJr4mNC0hyog,anita rani,YouTube,https://www.youtube.com/channel/UC84_XCO5ZPeaJr4mNC0hyog,343.0,1349.1,0.0100213688467728,"skincare, beauty, fashion, outfit, haul, style","skincare, beauty, fashion, outfit, haul, style","[""kurta set from\ud83d\udc49 @Meesho link\ud83d\udcce  anitapatelofficial_ insta I'd me milegi #kurtasetwithdupatta"", ""karwachauth & wedding special chuda set from@Meesho  #ytshorts #meesho #meeshofinds"", ""beautiful kurta set from meesho \ud83d\udd25 @Meesho #kurtasetwithdupatta #meeshofinds #meeshoshopping"", ""Chuda set part -01 from @Meesho #meeshofinds #meeshohaul #shortsvideo #ytshorts"", ""flipkart shorts kurti & jeans haul shorts video #shorts #flipkart #ytshorts #onlineshopping"", ""link in Instagram \ud83d\udc49stylewithanee flipkart trendy kurta set\ud83d\udd25 #flipkart #shorts #ytshorts"", ""trendy meesho bags @Meesho #meeshohaul #meeshofinds #shorts #ytshorts #womenbag"", ""Indian beauty secret part 04/30 De-tan full body Homemade pack #skincare #shorts #beautysecrets"", ""Indian beauty secret part 03/30 \ud83d\udc49 Easy Pedicure at home #shorts #skincare #beautyreels"", ""Indian beauty secret part 02/30....Night Skincare Routine \u2764\ufe0f#ytshorts #skincare #shortsviral""]",Not Found,Not Found,Not Found,Not Found,Not Found,Not Found,Not Found,IN,Not Found,2025-10-05T16:12:00Z,32.01,FAIL,"[""followers outside configured range or unavailable"", ""last upload is older than configured activity window""]",Indian skincare routine,2026-10-01T18:04:40.967067+00:00
UCGB2bzMjIZhnaSDUDy2LEZA,Jooshica,YouTube,https://www.youtube.com/channel/UCGB2bzMjIZhnaSDUDy2LEZA,2940000.0,220965.2,0.0569649798361663,"makeup, beauty","makeup, beauty","[""Prada Beauty\u2019s Wisteria purple is the new pink #jooshica #makeup #prada"", ""My fav type of vitamin c #jooshica"", ""Enjoyed meeting everyone \u2665\ufe0f #jooshica"", ""Gucci ate with this one #jooshica #makeup #gucci"", ""Thank you Gucci \ud83d\ude4f #jooshica #makeup #transition #gucciss27 #gucci"", ""Finally tried the L\u2019Oreal cushion foundation!! #jooshica #makeup #review"", ""I took it very seriously \ud83d\ude02\ud83d\ude02 #jooshica"", ""It\u2019s really all you need #jooshica #makeup"", ""@justjully is a MAGICIAN #jooshica #korean"", ""What\u2019s in my travel bag #jooshica #travel""]",team@jooshica.co,channel description,https://www.instagram.com/jooshica/?hl=en,https://www.tiktok.com/@jooshica?lang=en,Not Found,Not Found,Not Found,US,Not Found,2026-10-01T12:00:01Z,80.0,FAIL,"[""followers outside configured range or unavailable"", ""country does not match configured region""]",Indian skincare routine,2026-10-01T18:04:40.967067+00:00
UCPBJtxTR45ya4IHjTZIN0pQ,Khushi Malhotra,YouTube,https://www.youtube.com/channel/UCPBJtxTR45ya4IHjTZIN0pQ,765000.0,427452.6,0.0310291496943913,"skincare, makeup, beauty, fashion, hair, style, grwm","skincare, makeup, beauty, fashion, hair, style, grwm","[""Get Unready With Me | Skin Care #ytshorts #skincare #skincareroutine #acne #acnetreatment #skin"", ""Batman Makeup Tutorial \ud83d\udda4| Khushi Malhotra #ytshorts #makeup #makeuptutorial #batman #dc #trending"", ""Trying Viral Transition #ytshorts #ootd #ootdfashion #fashion #fashiontrends #transition #trending"", ""Easy Curtain Bangs Tutorial | Hairstyle #ytshorts #hairstyle #hairstyles #haircut #hairgoals #viral"", ""My natural hair \ud83e\udd0e #ytshorts #haircare #wavyhair #frizz #viral #viralvideo #trending #hair #chic"", ""How I Get My Lashes THIS Good \ud83d\udc40 #ytshorts #mascara #makeup #eyemakeup #trending #viral #girls"", ""Black Saree \ud83d\udda4| Khushi Malhotra #ytshorts #saree #sarees #sareelove #sareefashion #sareedraping"", ""It\u2019s 1AM & I Still Can\u2019t Sleep\u2026 So I Made Pasta \ud83c\udf5d"", ""Saree Lover? #ytshorts #grwn #makeup #ootd #saree #sarees #sareelove #sareefashion #sareedraping"", ""How I Get My Hair SO Smooth & Shiny \u2728 | Full Wash Day ""]",imkhushimalhotra@gmail.com,channel description,Not Found,Not Found,Not Found,Not Found,Not Found,IN,Not Found,2026-10-01T03:17:33Z,66.72,FAIL,"[""followers outside configured range or unavailable""]",Indian skincare routine,2026-10-01T18:04:40.967067+00:00
UCxt4wUqEgNkVr55cVZ4JZZg,Moumita's  Makeover,YouTube,https://www.youtube.com/channel/UCxt4wUqEgNkVr55cVZ4JZZg,330.0,593.2,0.0398735237385559,"skincare, makeup, hair","skincare, makeup, hair","[""13 August 2026"", ""My daily skincare routine  #skincareroutine #wedding #makeupartist #mua #moumitasmakeover"", ""7980830882 #makeup #moumitasmakeover"", ""7980830882 #beautiful #makeup #moumitasmakeover"", ""Cont us on 7980830882 #makeup #moumitasmakeover #beautiful"", ""Non HD Bridal Makeup Tutorial step by step with products knowledge #makeup #bridalmakeup"", ""Cont 7980830882 #shorts #short #shortsvideo"", ""Party makeup. Cont-7980830882 #makeup #shorts #short #viralvideo #reels #subscribe #moumitasmakeober"", ""kolka desing"", ""Lotus kolka""]",Not Found,Not Found,Not Found,Not Found,Not Found,Not Found,Not Found,IN,Not Found,2026-08-13T11:16:16Z,62.02,FAIL,"[""followers outside configured range or unavailable""]",Indian skincare routine,2026-10-01T18:04:40.967067+00:00
UCX3nzDmK_o3J95wJlZQU93w,Mistah,YouTube,https://www.youtube.com/channel/UCX3nzDmK_o3J95wJlZQU93w,1070.0,1029.3,0.0156987379378497,"skincare, makeup, beauty, style, grwm","skincare, makeup, beauty, style, grwm","[""A little reintroduction\u2026#indianinkorea #studyinkorea #gkstudy"", ""Grwm #indianbeautyblogger #makeup #grwm #grwmmakeup"", ""round two baby. \ud83d\udc8b #indianbeautyblogger #asianskincareroutine #makeup #euphoria #maddie"", ""upgrading my makeup skills everyday \ud83d\udc84\ud83d\udc81\ud83c\udffb\u200d\u2640\ufe0f #indianbeautyblogger #skincare #koreanskincare"", ""atleast I tried #indianbeautyblogger #skincare #transition #officesiren #grwm"", ""What if ? #indianbeautyblogger #asianskincareroutine #motivationalquotes #acne"", ""grwm #indianbeautyblogger #indian #indianinfluencer #koreanskincare #beauty #grwm #makeup #acne"", ""GRWM \ud83d\udc9a #indianbeautyblogger #skincare #koreanskincare #grwm #grwmmakeup"", ""Melting pores and blackheads\u2026 finally \ud83d\ude2d\u2728 #arencia #acne #indianbeautyblogger #koreanskincare"", ""night routine lately \ud83e\udd0d \u2728#koreanskincare #acneproneskin #arencia #anua #skincareroutine""]",Not Found,Not Found,Not Found,Not Found,Not Found,Not Found,Not Found,Not Found,Not Found,2026-08-26T06:23:17Z,47.99,FAIL,"[""followers outside configured range or unavailable""]",Indian skincare routine,2026-10-01T18:04:40.967067+00:00
UCcIoPiPzYi0UmVuhNrlzvyw,YourDapperSelf,YouTube,https://www.youtube.com/channel/UCcIoPiPzYi0UmVuhNrlzvyw,265.0,197.7,0.0958415806383812,"skincare, beauty, fashion, hair, style","skincare, beauty, fashion, hair, style","[""Mumbai Festival 2024\ud83d\udc99\u2728 #mumbaifestival #juhubeachmumbai #beachfestival #yourdapperself"", ""Dr. Rashel Beauty Elixer\ud83c\udf4a\ud83e\udde1\u2728#skincare #vitaminc #drrashelproducts #indianskincare"", ""Untitled video"", ""Vue Shield by Joe Doucet | Full review in Hindi | Yash Kelaskar"", ""BTS meal in India! | Car Vlog | Yash Kelaskar"", ""Me as a parent"", ""How I style my platinum blonde hair"", ""Hydration VS Moisturization | My Acne Story | Skin Types & Skin Conditions | Yash Kelaskar"", ""Tvakh Glow Duo Review | Chemical Peel | AHA + BHA Exfoliation | Yash Kelaskar"", ""The Incomplete Goa Vlog | can I be a Vlogger? | Yash Kelaskar""]",Not Found,Not Found,Not Found,Not Found,Not Found,Not Found,Not Found,IN,Not Found,2024-01-30T05:47:13Z,60.0,FAIL,"[""followers outside configured range or unavailable"", ""last upload is older than configured activity window""]",Indian skincare routine,2026-10-01T18:04:40.967067+00:00
UCOFtKuXun_hITsYr8cYiQzQ,COSLIGN,YouTube,https://www.youtube.com/channel/UCOFtKuXun_hITsYr8cYiQzQ,207.0,557.8,0.0778898114151977,"skincare, makeup, beauty, outfit, haul, style, cosmetics","skincare, makeup, beauty, outfit, haul, style, cosmetics","[""The Honest Story Behind COSLIGN- India's First Luxury Soy Candle Brand Built for Women"", ""Cute Pink Makeup look Inspired by Camila Cabello | Pink Love"", ""My Everyday Makeup Look|Beginner Friendly |Summer"", ""You're  Gorgeous from the Inside and Outside \ud83d\udc97"", ""Got to let those thoughts out right \ud83d\ude02 #funnyshorts #selenagomez #fun"", ""My Everyday Skincare Routine | Combination to Oily Skin | Summer"", ""Vicio by Selena Gomez- Cover by Me"", ""Your Go to Ayurvedic Brand! | Ehaa Herbs | Review | India"", ""Christmas Soft Glam Using New Makeup | GIVE AWAY Winners Announced | Merry Christmas\ud83c\udf84"", ""90's Super Model Makeup Look Inspired by Hung Vanngo | Beyond Bliss""]",hello.coslign@gmail.com,channel description,https://www.instagram.com/coslign?igsh=azZyOG5pZjl2ejRy,Not Found,Not Found,Not Found,Not Found,IN,Not Found,2026-07-12T18:22:53Z,62.0,FAIL,"[""followers outside configured range or unavailable""]",Indian skincare routine,2026-10-01T18:04:40.967067+00:00
UCbycC2IahA9MnRDFLhwsY9g,Riva Mom Vlogs,YouTube,https://www.youtube.com/channel/UCbycC2IahA9MnRDFLhwsY9g,19.0,579.0,0.0081027833584781,"skincare, makeup, fashion","skincare, makeup, fashion","[""Glow Mode On-Best Face pack for Oily Skin #dailyshorts #skincare #oilyskin #facepack #greenteamask"", ""Facial at home with home remedies #dailyshorts #brightskin #skincare #facial #rivamomvlogs"", ""Face Pack for Oily Skin #dailyshorts #skincare #brightskin #makeup #oilyskin #multanimitti #ytshorts"", ""Facial vs Face Pack \ud83d\udc40Which one do you prefer? \ud83d\udc9b #dailyshorts #fashionretouch #facepack #facial #yt"", ""Get Hydra facial glow naturally #dailyshorts #skincare #brightskin #hydrafacial"", ""Neem Facial for Acne #dailyshorts #skincare #brightskin #acne #facemask #acnefree"", ""Gudiya #dailyshorts"", ""Because my skin deserves a little extra love \ud83d\udc86\u200d\u2640\ufe0f #skininfluencer #dailyshorts #skincare #brightskin"", ""Budget friendly skincare routine \ud83d\udc9b #dailyshorts #skincare #brightskin #hack #facialathome"", ""This haldi mask will change your skin game \ud83d\udc9b\u2728 #dailyshorts #skincare #rostedhaldimask #tanremoval""]",Not Found,Not Found,Not Found,Not Found,Not Found,Not Found,Not Found,Not Found,Not Found,2026-04-29T19:22:06Z,30.67,FAIL,"[""followers outside configured range or unavailable"", ""engagement rate below threshold or unavailable"", ""last upload is older than configured activity window""]",Indian skincare routine,2026-10-01T18:04:40.967067+00:00
UCYho3XhaCWTOvK6HzjRNAIQ,Shop2Earn,YouTube,https://www.youtube.com/channel/UCYho3XhaCWTOvK6HzjRNAIQ,7.0,49.25,0.1152715565509518,"skincare, beauty, hair, style","skincare, beauty, hair, style","[""\u098f\u0995\u099f\u09bf Smart Lifestyle Community \u2013 SHOP2EARN #beautycare #skincare #dailyskincare #natural"", ""Daily Essential Member Benefits Trusted Products  Communit#natural #haircare #food #skincareroutine"", ""Join the SHOP2EARN Community  #beautycare #dailyskincare #haldichandan #healthylifestyle #herbalsoap"", ""\ud83c\udf3f Nature's Care for Everyday Skin""]",Not Found,Not Found,Not Found,Not Found,Not Found,Not Found,Not Found,Not Found,Not Found,2026-07-22T04:25:53Z,64.22,FAIL,"[""followers outside configured range or unavailable""]",Indian skincare routine,2026-10-01T18:04:40.967067+00:00
UCteP4dGuFeam_i5FnVQNvlA,是曼玉不是鳗鱼 Littlemanyu,YouTube,https://www.youtube.com/channel/UCteP4dGuFeam_i5FnVQNvlA,14300000.0,8973627.9,0.022632284705674,beauty,beauty,"[""ASMR - XiaoBai's Immersive Relaxation and Care SPA"", ""\u3010ASMR Compilation 9.0\u3011Manyu & Bai\u2019s Ultimate SPA Relaxation"", ""\u3010ASMR\u3011 Manyu's SPA Tools for 12 Zodiac Doggies | Extended Relaxation"", ""ASMR - Manyu's SPA Tools for 12 Zodiac Doggies"", ""ASMR - Manyu & XiaoBai's Little Bee SPA | A Cozy Honey Day"", ""\u3010ASMR\u3011 - Manyu's Immersive Volcanic Red SPA | Full Version Deep Relaxation"", ""ASMR - Manyu's Immersive SPA | Volcanic Red"", ""ASMR - Manyu's Little Cow SPA | A Cozy Green Escape"", ""Polaroid Memories with Manyu & XiaoBai"", ""Happy 3rd Birthday, XiaoBai! A Special Celebration""]",bizmanyu@gmail.com,channel description,Not Found,Not Found,Not Found,Not Found,Not Found,HK,en,2026-09-17T09:30:28Z,45.23,FAIL,"[""followers outside configured range or unavailable"", ""insufficient fashion/beauty keyword matches"", ""country does not match configured region""]",Indian skincare routine,2026-10-01T18:04:40.967067+00:00
UC-vB2yfEGFYTj4ANLT5lPNg,Derma Healer,YouTube,https://www.youtube.com/channel/UC-vB2yfEGFYTj4ANLT5lPNg,1380.0,782.9,0.012203416114549,"skincare, hair, style","skincare, hair, style","[""\u092a\u0941\u0930\u0941\u0937\u094b\u0902 \u0915\u0940 Hairline \u092a\u0940\u091b\u0947 \u0915\u094d\u092f\u094b\u0902 \u091c\u093e\u0924\u0940 \u0939\u0948? | Male Pattern Hair Loss | Part 9"", ""\u092e\u0939\u093f\u0932\u093e\u0913\u0902 \u092e\u0947\u0902 \u092c\u093e\u0932 \u0915\u094d\u092f\u094b\u0902 \u091d\u0921\u093c\u0924\u0947 \u0939\u0948\u0902? \u0939\u0947\u092f\u0930 \u092b\u0949\u0932 \u0915\u0947 5 \u0915\u093e\u0930\u0923 | Female Hair Fall"", ""\u0915\u094d\u092f\u093e Dandruff \u0938\u0947 \u092c\u093e\u0932 \u091d\u0921\u093c\u0924\u0947 \u0939\u0948\u0902? | Hair Fall Series Part 7"", ""\u0915\u094d\u092f\u093e Shampoo \u092c\u0926\u0932\u0928\u0947 \u0938\u0947 Hair Fall \u0930\u0941\u0915 \u091c\u093e\u090f\u0917\u093e? | Myth \u092f\u093e Fact?"", ""\u0930\u094b\u091c\u093c Hair Oil \u0932\u0917\u093e\u0928\u0947 \u0938\u0947 Hair Fall \u0930\u0941\u0915 \u091c\u093e\u090f\u0917\u093e? Myth \u092f\u093e Fact | Hair Fall Series Part 5"", ""Reports Normal, \u092b\u093f\u0930 \u092d\u0940 Hair Fall \u0915\u094d\u092f\u094b\u0902? \u091c\u093e\u0928\u093f\u090f \u0905\u0938\u0932\u0940 \u0915\u093e\u0930\u0923 | Hair Fall Series Part 4"", ""Hair Fall \u092e\u0947\u0902 \u0915\u094c\u0928-\u0938\u0947 Tests \u091c\u0930\u0942\u0930\u0940 \u0939\u0948\u0902? | CBC, Ferritin, Thyroid | Hair Fall Series Part 3"", ""\u092c\u093e\u0932 \u091d\u0921\u093c\u0928\u0947 \u0915\u0947 5 Common \u0915\u093e\u0930\u0923 | Stress, Thyroid \u092f\u093e Nutrition? | Hair Fall Series Part 2 #drneharani"", ""\u0930\u094b\u091c\u093c \u0915\u093f\u0924\u0928\u0947 \u092c\u093e\u0932 \u091d\u0921\u093c\u0928\u093e Normal \u0939\u0948? \u092f\u0947 3 \u0938\u0902\u0915\u0947\u0924 Ignore \u0928 \u0915\u0930\u0947\u0902! | Hair Fall Part 1"", ""\u091a\u0947\u0939\u0930\u0947 \u092a\u0930 \u0915\u0941\u091b \u092d\u0940 \u092e\u0924 \u0932\u0917\u093e\u0907\u090f! \u092f\u0947 4 \u0917\u0932\u0924\u093f\u092f\u093e\u0901 \u092a\u0921\u093c \u0938\u0915\u0924\u0940 \u0939\u0948\u0902 \u092d\u093e\u0930\u0940 \ud83d\udea9DR. NEHA RANI (M.B.B.S.)""]",Not Found,Not Found,Not Found,Not Found,Not Found,Not Found,Not Found,IN,Not Found,2026-09-29T14:32:52Z,53.1,FAIL,"[""followers outside configured range or unavailable""]",Indian skincare routine,2026-10-01T18:04:40.967067+00:00
UC2a-9S4bVl4Wui5G7tCwObw,Beauty by Manisha ,YouTube,https://www.youtube.com/channel/UC2a-9S4bVl4Wui5G7tCwObw,3.0,604.4,0.008743445803709,"skincare, makeup, beauty, cosmetics","skincare, makeup, beauty, cosmetics","[""#Shorts #MarsMakeup #MakeupFixer #AloeVera #MakeupReview #BeautyShorts #marscosmetics"", ""#JOY #JOYReview #Skincare #BeautyReview #ProductReview #Shorts #youtubeshorts"", "":Dot & Key Vitamin C + E Supe Bright Gel Face Wash \ud83e\udde1\u2728   Skincare lovers, is this worth trying?"", ""#DotAndKeySunscreen #Sunscreen #Skincare #SkincareRoutine #IndianSkincare #BeautyShorts #Skincare"", ""3-in-1 Compact \ud83d\ude0d Concealer + Foundation + Powder | Beauty Find""]",Not Found,Not Found,Not Found,Not Found,Not Found,Not Found,Not Found,Not Found,Not Found,2026-10-01T13:44:05Z,51.12,FAIL,"[""followers outside configured range or unavailable"", ""engagement rate below threshold or unavailable""]",Indian skincare routine,2026-10-01T18:04:40.967067+00:00
UCT0vqDW5Celc6BH7klJBEDw,Dr. Jinal Mehta ,YouTube,https://www.youtube.com/channel/UCT0vqDW5Celc6BH7klJBEDw,696.0,2466.8,0.0537349596372563,"skincare, makeup, beauty, cosmetics, grwm","skincare, makeup, beauty, cosmetics, grwm","[""Does ipill cause pimple?"", ""Reacting to my followers\u2019 controversial skincare advices! #skincareindia"", ""Most affordable moisturizer to most expensive moisturizer! In INDIA #ashortaday #indianskincare"", ""#GRWM for wedding cocktail #ashortaday how to get rid of #pimple immediately #makeuptutorial"", ""Major Iqbal dropping beats after getting beaten by Hamza #dhurandhar #arjunrampal #ranveersingh"", ""Your lips will NEVER be DRY again! \ud83d\ude33"", ""Manifesting always works \u2728 so much magic in the world! #manifestation #manifest #ashortaday"", ""Maybelline Bubble Colossal is a BAD MASCARA"", ""Travel skincare || having a hydrating routine is better than using sheetmasks on flight #ashortaday"", ""Sunscreen reapplication is a chore #ashortaday #sunscreens #memes""]",Not Found,Not Found,Not Found,Not Found,Not Found,Not Found,Not Found,IN,Not Found,2026-09-18T08:14:09Z,77.11,FAIL,"[""followers outside configured range or unavailable""]",Indian skincare routine,2026-10-01T18:04:40.967067+00:00
UCx9Pmdy6-OrXU9nW_iAk6CQ,Beautifyyou,YouTube,https://www.youtube.com/channel/UCx9Pmdy6-OrXU9nW_iAk6CQ,160.0,790.6,0.0620774823545945,"makeup, beauty, style","makeup, beauty, style","[""Somnath yatra #shorts"", ""Dwaraka #shorts"", ""clutches#bags"", ""Budget shopping#shorts"", ""Mini vlog#shorts"", ""#shorts #indianwear"", ""Comfy OOTD#shorts"", ""Meesho jewellery#shorts"", ""pink pink everywhere pink#shorts"", ""Self care | Busy moms |Time management|""]",Not Found,Not Found,Not Found,Not Found,Not Found,Not Found,Not Found,IN,Not Found,2022-09-20T06:30:10Z,60.0,FAIL,"[""followers outside configured range or unavailable"", ""last upload is older than configured activity window""]",Indian skincare routine,2026-10-01T18:04:40.967067+00:00
UCsUfQKcUMCFgxTuuERzlCyA,Priyanjana Roy,YouTube,https://www.youtube.com/channel/UCsUfQKcUMCFgxTuuERzlCyA,299.0,1147.4,0.0082741266903341,"makeup, beauty, fashion, outfit, style","makeup, beauty, fashion, outfit, style","[""#fitcheck with a very simple yet me outfit.Ajrakh n khadi #mylook #wore #stylepost #dailylook #trend"", ""Sharing my playlist with roz k fitchecks,30 days of outfits #myplaylist #simplychic  #featuredstyle"", ""Fit check ! a relaxed casual outfit for lunch to friends #comfortfit #stylediaries #casualstyling"", ""Long skirt indian outfit ideas #fashion #fyp #shortsindia #india #monsoon #bengaluru #style #ootd"", ""Call Me Daddy mini Lipsticks from #blurindia #ugcportfolio #ugcindia #beauty #makeup #ugcportfolio"", ""A minimal modest #Outfit for relaxed brunch!#fitcheck #style #india #ootd #bangalore #summerfits"", ""\u2764\ufe0f this Indian block print skirt, perfect outfit for casual outing or college!#fitcheck #styleinspo"", ""Love the lucious lip gloss+ balm from Blur India, been a constant #ugccreator #blurindia #beauty"", ""Long nail conundrum!Tried stick-on nails for the first time, I love the cat eye effect #nailfiles"", ""Beauty Of Josen Toner #ugccreator #ugcindia #koreanbeauty #toner""]",Not Found,Not Found,Not Found,Not Found,Not Found,Not Found,Not Found,IN,Not Found,2026-09-13T02:52:54Z,46.79,FAIL,"[""followers outside configured range or unavailable"", ""engagement rate below threshold or unavailable""]",Indian skincare routine,2026-10-01T18:04:40.967067+00:00
UC6ohBHiqUBfpA7pEqjL45yQ,B NATURA,YouTube,https://www.youtube.com/channel/UC6ohBHiqUBfpA7pEqjL45yQ,13.0,143.8,0.1551715674320535,"skincare, beauty, hair, style","skincare, beauty, hair, style","[""Is your tap water secretly damaging your skin? Discover the Vitamin C difference.#bnatura #baby"", ""Healthy Skin Starts With Healthy Water \u2728\ud83d\udc76"", ""Stop Washing in Chemicals \u2728\ud83c\udf4a #vitamincshowerfilter #skincare #bnatura #indianskincare"", ""\ud83d\udc3e Stop the Itch, Save the Fluff! #vitamincshowerfilter #skincare #pets #viralreels #chlorinefree"", ""Pure Water. Healthier Skin. Safe for Toddlers & Pets \ud83d\udc76\ud83c\udffb\ud83e\uddd1\u200d\ud83e\uddd1\u200d\ud83e\uddd2\u200d\ud83e\uddd2#bnatura #vitamincshowerfilter"", ""Your Skincare Routine is Missing a Step. \ud83d\udebf\u2728#vitamincshowerfilter #skincare #bnatura #beautytips"", ""Coming soon in India\ud83d\udebf  vitamincshowerfilter #skincare #vitaminwater #bnatura"", ""\ud83d\udc3e Don\u2019t Let Hard Water Ruin the Fluff! :#BNATURA #CatCare #petgrooming  #ShowerFilter #catlove"", ""The Ultimate Shower Upgrade Has Arrived \ud83d\udebf"", ""Unlock Your 22-Day Transformation with BNATURA VitaPure \ud83c\udf4a #vitamincshowerfilter ,#bnatura""]",Not Found,Not Found,Not Found,https://bnatura.com,Not Found,Not Found,Not Found,IN,Not Found,2026-03-01T20:14:35Z,60.0,FAIL,"[""followers outside configured range or unavailable"", ""last upload is older than configured activity window""]",Indian skincare routine,2026-10-01T18:04:40.967067+00:00
UCpKhb97MU80Ni4Sj1PfxY8w,Charanjeet Kaur,YouTube,https://www.youtube.com/channel/UCpKhb97MU80Ni4Sj1PfxY8w,1340000.0,4051362.7,0.0254081305425061,Not Found,Not Found,"[""Tumhare moo pe hai aise nishaan?\ud83d\ude2d"", ""You will MOVE ON from that MAN\ud83d\ude21 in next 21 minutes "", ""Ye nahi hona chahie tha\ud83d\udc94\ud83d\ude2d"", ""Itne saare naye baal kaise aagye?\ud83d\ude2e"", ""Bhot himmat karke bata rahi hu\ud83e\udd7a"", ""Bhot mehnat kari thi maine\ud83d\udc94"", ""Gande hote hain kya stretch marks?\ud83d\ude21"", ""Ab saamne bolne ki himmat bhi nahi hai\ud83d\ude21"", ""Ye haal mat karlena apna\ud83d\ude21"", ""Bangkok mei hua hai mere sath\ud83d\ude2d""]",charanjeetkaur0801@gmail.com,channel description,Not Found,Not Found,Not Found,Not Found,Not Found,IN,Not Found,2026-09-30T12:58:41Z,37.56,FAIL,"[""followers outside configured range or unavailable"", ""insufficient fashion/beauty keyword matches""]",Indian skincare routine,2026-10-01T18:04:40.967067+00:00
UCWRFUZPUvdZa0h8Af9u0a5g,Beauty Finds NZ,YouTube,https://www.youtube.com/channel/UCWRFUZPUvdZa0h8Af9u0a5g,10.0,559.6,0.013074700812055,"skincare, makeup, beauty, haul, hair, cosmetics","skincare, makeup, beauty, haul, hair, cosmetics","[""My Morning Skincare Routine for Oily + Sensitive Skin \u2600\ufe0f #oilyskincare #sensitiveskin #shorts"", ""Must Have Products \u2b50\ufe0f#chemistwarehouse #skincare  #shorts #shortvideo #shortsfeed #nzbeauty"", ""5 Chemist Warehouse Finds Under $30 Each!!!\ud83d\udc40#shorts #loreallipstick #skin1004 #chemistwarehouse"", ""Makeup Essentials Every Girl Need\u2728\ud83d\udc95 #shortsfeed #shortvideo #india #beautyfindsnz #shorts"", ""What I Bought From Sephora NZ\ud83d\udc84 #beautyfindsnz #sephora #shortsfeeds  #shortvideoviral  #shorts"", ""3 LIP COMBOS YOU NEED \ud83d\udc84 #nzbeauty  #beautyfindsnz #lipstick #lipcombo #indianbeauty #lipliner"", ""4 Lipsticks from India & New Zealand \ud83d\udc84\ud83c\uddee\ud83c\uddf3\ud83c\uddf3\ud83c\uddff #Shorts #beautyfindsnz #shortvideo #shortsfeed"", ""The Only 3 MARS Lip Liners I Need \ud83d\udc84 #shorts #shortvideo #shortsfeed #feedshorts"", ""Lip Products from India & NZ | You Don\u2019t Need Every Shade!\u2764\ufe0f#lipliner #lipstick #lipcombo"", ""My haircare collection \ud83c\uddee\ud83c\uddf3\ud83c\uddf3\ud83c\uddff| India products + NZ favourites ""]",beautyfindsnz@gmail.com,channel description,Not Found,https://www.patreon.com/c/BeautyFindsNZ,Not Found,Not Found,Not Found,NZ,Not Found,2026-09-30T04:00:03Z,53.93,FAIL,"[""followers outside configured range or unavailable"", ""country does not match configured region""]",Indian skincare routine,2026-10-01T18:04:40.967067+00:00
UCzrormDG4Uy4Y1ON1eTT8TQ,Yadhu Krishna,YouTube,https://www.youtube.com/channel/UCzrormDG4Uy4Y1ON1eTT8TQ,199000.0,61264.2,0.0357600047023874,"skincare, fashion, hair, style","skincare, fashion, hair, style","[""Best Colour Combinations with Black Pants.\ud83d\udc80\ud83e\udef5\ud83c\udffc"", ""Must have car essentials\ud83d\udcc8\u26a1\ufe0f #Face wash for men, #best face wash for men, #oily skin face wash"", ""Accessory colour guide\u2728"", ""This will make you poor.\ud83e\udef5\ud83c\udffc\ud83d\udc80"", ""Do these things when you start earning.\ud83e\udef5\ud83c\udffc\ud83d\udcc8"", ""Oily skincare products under \u20b9300 \u26a1\ufe0f"", ""Tattoo mistakes\ud83d\udd3a\ud83d\udc80"", ""Type of watches\u2705"", ""Clothing-Saving Tips\u2705\ud83d\udcc8"", ""Hairstyles for receding hairline\u26a1\ufe0f\ud83d\udcc8""]",Not Found,Not Found,Not Found,Not Found,Not Found,Not Found,Not Found,Not Found,Not Found,2026-10-01T17:23:10Z,70.03,FAIL,"[""followers outside configured range or unavailable""]",Indian skincare routine,2026-10-01T18:04:40.967067+00:00
UCMoBTC9U051vw9gRrrn6WRg,Down Your Alley,YouTube,https://www.youtube.com/channel/UCMoBTC9U051vw9gRrrn6WRg,984.0,251.5,0.0842746254762056,"skincare, makeup, beauty, hair, cosmetics","skincare, makeup, beauty, hair, cosmetics","[""FESTIVE MAKEUP LOOK FOR DURGA PUJA AND NAVRATRI I DOWN YOUR ALLEY"", ""PRODUCT I HAVE USED UP IN THE MONTH OF AUGUST/SEPTEMBER"", ""QUICK AND EASY MAKEUP LOOK FOR WORK I DOWN YOUR ALLEY"", ""5 FAVOURITES FROM EARTH RYTHM I PRODUCT REVIEW I DOWN YOUR ALLEY"", ""Affordable Cream Blushes I Aaliyah Cosmetics I Product Review"", ""2 AMAZING SKINCARE PRODUCTS FROM DR SHETH'S I PRODUCT REVIEW"", ""SOAPSQUAREINDIA I PRODUCT REVIEW I DOWN YOUR ALLEY"", ""MY UPDATED MONSOON MORNING SKINCARE ROUTINE I DOWN YOUR ALLEY"", ""SANDIVA SKINCARE I PRODUCT REVIEW I DOWN YOUR ALLEY"", ""5 AMAZING LIP AND CHEEK TINTS I DOWN YOUR ALLEY""]",Not Found,Not Found,Not Found,Not Found,Not Found,Not Found,Not Found,IN,Not Found,2021-10-10T04:23:41Z,60.0,FAIL,"[""followers outside configured range or unavailable"", ""last upload is older than configured activity window""]",Indian skincare routine,2026-10-01T18:04:40.967067+00:00
UCrVFuWLkpEaGx9U7PJM_EbQ,Smriti_Glam,YouTube,https://www.youtube.com/channel/UCrVFuWLkpEaGx9U7PJM_EbQ,738.0,1409.3,0.0229214310318125,"skincare, makeup, beauty, style, grwm","skincare, makeup, beauty, style, grwm","[""#makeup #makeuptutorial #subscribemychannel #smritifam  #love #smritiglam #makeupartist"", ""Marathi mulgi vibes. #MarathiLook #IndianMakeup #MakeupReel #BeautyCreator #ReelsIndia #SmritiGlam"", ""A little smile for the timeline.\ud83e\udd0c\u2728 #SmileForTheTimeline #AestheticVibes #SoftLife #smritiglam #subs"", ""#love #trandingshorts #transition #reel #fyp #fyp\u30b7\u309aviral #transition #subscribemychannel #subscribe"", ""Bus itnii hi aati hai!! #love #marathimulgi #trending # subscribe #love #bollywood #navarilook #like"", ""GRWM in shimla. #GRWM #ShimlaVibes #SoftGirlEra #ThatGirl #HimachalPradesh #MountainVibes #Hills"", ""#SelfLove #FeltCute #NightVibes #Aesthetic #MainCharacterEnergy #Confidence #GirlVibes #love #travel"", ""I\u2019m in love with this sentence\u2026\ud83e\udd0c #blessedsoul #love #travel #lifelover #lovinglife #lifestyle"", ""#blessedsoul #love #travel #peacefulvibes #nature #subscribemychannel #smritiglam #himalayantrip"", ""#blessedsoul #love #travel #peacefulvibes #himalayantrip #mountains #subscribemychannel #shorts""]",vloggersmriti3066@gmail.com,channel description,Not Found,Not Found,Not Found,Not Found,Not Found,IN,Not Found,2026-09-02T11:37:49Z,54.6,FAIL,"[""followers outside configured range or unavailable""]",Indian skincare routine,2026-10-01T18:04:40.967067+00:00
UCN-2L9y80CBeAEQBabIpLEg,Ridhima`s glowup ,YouTube,https://www.youtube.com/channel/UCN-2L9y80CBeAEQBabIpLEg,254.0,10827.7,0.0382047712951311,"skincare, makeup, beauty","skincare, makeup, beauty","[""Transition alret \u203c\ufe0f #transitionvideo  #trendingshorts #viralshort  #viralshorts"", ""eye makup look \u2764\ufe0f | #transitionvideo #viralshort trendingshorts #makeup #skincare"", ""Kho gaye \u2764\ufe0f#viralshort #transitionvideo #viralshort #dhurandhar2"", ""Callertune bby \ud83d\udd25\u2764\ufe0f#viralshort #trendingshorts #transition #beauty #dhurandhar2"", ""Creating eye makup look \u2764\ufe0f\ud83e\udd17#viralshort #doingmakeup #trendingshorts #beauty"", ""Daily makeup routine \u2764\ufe0f#viralshort"", ""Soft glam makeup look\u2764\ufe0f\ud83e\udd17#trendingshorts #viralshort #beauty #makeup"", ""#trendingshorts #viralshort #transitionvideo #beauty"", ""Transition alret \u203c\ufe0f #transitionvideo #trendingshorts #viralshort #viralshort"", ""Morning skincare routine \u2764\ufe0f\ud83c\udf38#trendingshorts #bebot #skincare #foxtales #viralshort""]",Not Found,Not Found,Not Found,Not Found,Not Found,Not Found,Not Found,Not Found,Not Found,2026-03-30T20:07:58Z,51.74,FAIL,"[""followers outside configured range or unavailable"", ""last upload is older than configured activity window""]",Indian skincare routine,2026-10-01T18:04:40.967067+00:00
UCXIDpj2RxBlpCYvULfC9ceA,Nakhra Style,YouTube,https://www.youtube.com/channel/UCXIDpj2RxBlpCYvULfC9ceA,174.0,297.2,,"skincare, beauty, fashion, hair, style","skincare, beauty, fashion, hair, style","[""Peptides + Rice Water \u0935\u093e\u0932\u093e Anti-Hairfall Shampoo! \ud83d\udd25 | WishCare #skincare #fashion"", ""\u092f\u0947 Perfume \u0932\u0917\u093e\u0913 \u0914\u0930 Notice \u0939\u094b\u0928\u093e \u0936\u0941\u0930\u0942! \ud83d\ude31 | BellaVita Perfume #skincare #affiliatecorner #fashion"", ""Clothes That Read Your Body \u2014 This Is How \ud83e\uddf5\ud83d\ude31 #Shorts"", ""\u092d\u093e\u0930\u0924\u0940\u092f \u0930\u093e\u091c\u0918\u0930\u093e\u0928\u094b\u0902 \u0915\u093e \u0917\u0941\u092a\u094d\u0924 \u0938\u094d\u0928\u093e\u0928 \u0905\u0928\u0941\u0937\u094d\u0920\u093e\u0928 \ud83d\udc51 #shorts #skincare"", ""\u0915\u094d\u092f\u093e Gulab Jal \u0938\u091a \u092e\u0947\u0902 Skin \u0915\u093e pH \u0920\u0940\u0915 \u0915\u0930\u0924\u093e \u0939\u0948? \ud83c\udf39\ud83d\ude31 #skincare #skincareroutine"", ""The Secret To Healthy Hair Is In This Bottle \ud83c\udf3f #haircare #growth #shorts"", ""\u092f\u0947 Petticoat \u0906\u092a\u0915\u0940 Saree \u0915\u094b Upgrade \u0915\u0930 \u0926\u0947\u0917\u093e! \ud83d\ude0d | Saree Shapewear | MEHRANG #Shorts"", ""\u092c\u093e\u0932\u094b\u0902 \u0915\u094b Heat \u0938\u0947 \u092c\u091a\u093e\u0928\u093e \u0939\u0948? \u092f\u0947 \u0926\u0947\u0916\u094b! \ud83d\ude0d | Streax Heat Protect Spray #shorts #ytshorts"", ""\u091c\u0942\u0924\u0947 \u0930\u0916\u0928\u0947 \u0915\u0940 \u091c\u0917\u0939 \u0928\u0939\u0940\u0902? \ud83d\ude31 \u092f\u0947 Shoe Rack Game Changer \u0939\u0948! | AYSIS 6 Shelf Shoe Rack #Shorts"", ""Indian Hair Care \u0915\u093e Forgotten Science: \u092c\u093e\u0932\u094b\u0902 \u0915\u0940 \u0926\u0947\u0916\u092d\u093e\u0932 \u0915\u093e \u0905\u0938\u0932\u0940 \u0930\u093e\u091c\u093c! \ud83d\ude31 #shorts""]",mohdsabir3255@gmail.com,channel description,Not Found,Not Found,Not Found,Not Found,Not Found,IN,Not Found,2026-09-23T03:30:14Z,43.22,FAIL,"[""followers outside configured range or unavailable"", ""engagement rate below threshold or unavailable""]",Indian skincare routine,2026-10-01T18:04:40.967067+00:00
UChnpzn4t25jIe3SGajDGMLA,Anayaura,YouTube,https://www.youtube.com/channel/UChnpzn4t25jIe3SGajDGMLA,1780.0,561.0,0.0242790057838178,"skincare, beauty, fashion, outfit, haul, hair, style","skincare, beauty, fashion, outfit, haul, hair, style","[""Ching\u2019s Korean Kimchi Noodles \ud83c\udf36\ufe0f\ud83c\udf5c | Worth the Hype? \ud83d\udc40\ud83d\udd25 #Shorts #koreanfoodie #kfood"", ""Ching\u2019s Korean Noodles \ud83c\udf5c\ud83d\udd25 Hype Hai Ya Skip?! \ud83d\udc40 #chingsnoodles #koreannoodles #food #honestreview"", ""SAVANA Tops Under \u20b91000 \ud83d\ude0d\ud83d\udecd\ufe0f | What I Loved & Returned \ud83d\udc40 #savana #haul #trending #viral #youtube "", ""These Sarees Have My Heart \u2764\ufe0f | Saree Haul \ud83e\udeb7\u2728 #saree #haul #myntra #trending #shorts #viral"", ""Cute Dresses I Didn\u2019t Expect to Love \ud83d\ude2d | Savanna Dress Haul \u2728#savana #trending #dress #haul #shorts"", ""Myntra Partywear Tops Haul\ud83c\udf80 Which you can't miss \u2728 #myntra #tops #haul #trending #shorts"", ""Classy Dresses Haul \ud83c\udf80\u2728 #shorts #dress #haul #fashion #trending"", ""SAVANA TOPS HAUL \ud83e\udd0d\u2728 Cute Tops You NEED to See! #savana #tophaul #haul #fash #fashion #shorts"", ""Birthday Dresses Haul \ud83c\udf80\u2728 Birthday Outfits \ud83c\udf89 #dress #haul #trending #fashion #shorts"", ""Meesho Farsi Salwar Suit Haul \u2728 These Are SO Pretty! \ud83d\ude0d #shorts #trending #meesho #suithaul #viral""]",Not Found,Not Found,Not Found,Not Found,Not Found,Not Found,Not Found,Not Found,Not Found,2026-10-01T09:17:38Z,62.0,FAIL,"[""followers outside configured range or unavailable""]",Indian skincare routine,2026-10-01T18:04:40.967067+00:00
UCbsMhklagG8MLwtstYnqssA,ASMR Taposhi ,YouTube,https://www.youtube.com/channel/UCbsMhklagG8MLwtstYnqssA,19900.0,1463.1,0.0532342610346787,"skincare, makeup, beauty, hair, style","skincare, makeup, beauty, hair, style","[""ASMR Hindi Makeup Artist \ud83d\udc84 Soft Spoken Makeup Roleplay"", ""Spit Painting Makeup ASMR \ud83d\udc84 | Satisfying Mouth Sounds & Extreme Makeup Transformation"", ""Fast & Aggressive Makeup ASMR \ud83d\ude31\ud83d\udc84 | Intense Triggers"", ""\ud83c\udfa8 Spit Painting ASMR \ud83d\udc44 | Wet Mouth Sounds & Tingly Triggers"", ""ASMR \ud83d\udc84 Doing Your Makeup Application | Relaxing Personal Attention & Soft Triggers \u2728"", ""ASMR Nose Piercing \u2728 | Satisfying Piercing Roleplay"", ""\ud83c\udf38 Indian Skincare Routine ASMR | Satisfying & Relaxing"", ""ASMR 5 Roleplay Beauty Makeover \ud83d\udc84 Skincare \u2022 Nail Salon \u2022 Haircut \u2022 Ear Piercing"", ""Bengali Style Eyebrow Plucking & Eye Makeup ASMR \ud83c\udf38 | Relaxing Beauty Sounds"", ""ASMR Doing Your Ear Piercing \u2728 | Super Satisfying & Relaxing""]",Not Found,Not Found,Not Found,Not Found,Not Found,Not Found,Not Found,IN,Not Found,2026-10-01T16:30:37Z,100.0,PASS_NO_EMAIL,[],Indian skincare routine,2026-10-01T18:04:40.967067+00:00
UCuR209e6K0T-QUcoIqJfrSw,Cute Sisters,YouTube,https://www.youtube.com/channel/UCuR209e6K0T-QUcoIqJfrSw,3400000.0,109449.1,0.0424923117473674,"hair, style","hair, style","[""\ud83d\ude31 DHWANI KA RESULT AA GAYA! \ud83d\udcda | MUMMY-PAPA KA REACTION DEKHKE SHOCKED! \ud83e\udd2f | Cute Sisters"", ""Wait for the end\u2026.. | CUTE SISTERS SHORTS  #shorts  #shortsvideo"", ""Papa Ho Toh Aise \u2764\ufe0f\ud83e\udd79  | CUTE SISTERS SHORTS  #shorts  #shortsvideo"", ""\ud83d\ude31 JINNI KI TABYAT KHARAB! \ud83c\udfeb | EMERGENCY MEIN SCHOOL PAHUNCHI MUMMY \ud83d\ude30\u2764\ufe0f | Cute Sisters"", ""Chai Dekhne Gayi Thi, Billi Mil Gayi \ud83d\ude02\ud83d\udc31| CUTE SISTERS SHORTS  #shorts  #shortsvideo"", ""Science Lekar Aapko Kaisa Lag Raha Hai? \ud83d\ude2d\ud83d\ude02| CUTE SISTERS SHORTS  #shorts  #shortsvideo"", ""RELATABLE \ud83e\udd13 | CUTE SISTERS SHORTS  #shorts  #shortsvideo"", ""\ud83d\ude31 JINNI KA CURLY HAIR ROUTINE! \ud83d\udc95\ud83c\udf00 | Curly Hair Kaise Maintain Karti Hai? \ud83e\udd2f | Cute Sisters"", ""Papa ka Naam bada kar diya \ud83e\udd23\ud83e\udd23 | CUTE SISTERS SHORTS  #shorts  #shortsvideo"", ""Paryushan Dance Performance\ud83d\ude0e\ud83d\udc83 | CUTE SISTERS SHORTS  #shorts  #shortsvideo""]",business@cutesisters.in,channel description,https://www.instagram.com/ytcutesisters/,https://bit.ly/CS-Phone,Not Found,Not Found,Not Found,IN,en,2026-10-01T08:30:05Z,74.74,FAIL,"[""followers outside configured range or unavailable""]",Indian skincare routine,2026-10-01T18:04:40.967067+00:00
UCGmlk668NC4M9Fo1OS61Mog,Madhuri_Japan,YouTube,https://www.youtube.com/channel/UCGmlk668NC4M9Fo1OS61Mog,9930.0,14919.9,0.029868615550683,"skincare, makeup","skincare, makeup","[""\u0915\u094d\u092f\u093e \u0939\u0948 \u0938\u091a?\ud83d\ude32,Living In Japan Still Poor? \ud83c\uddef\ud83c\uddf5\u2728\ufe0f\ud83c\uddee\ud83c\uddf3\ud83d\ude22#japan #youtube #trending #viral #viralvideo #india"", ""Japan Me Mera Rainy Day Routine Kaisa Hota Hai? \u2614\ufe0f\u2728\ufe0f\ud83c\uddef\ud83c\uddf5,#japan #viral #youtubeshorts#trending #video"", ""My Honest, Affordable Bodycare Routine For Radiant Skin\u2705\ufe0f\u2728\ufe0f|No Fake Tips #skincare #viral #bodycare"", ""No Fake and Expensive Products\u2705\ufe0f | Simple TeenAge Skincare For Baby like Skin\u2728\ufe0f#skincare #viral "", ""Fix Your Dull Skin In One Month \ud83d\ude32| Stop Wasting Your Money On Wrong Products\u2728\ufe0f,#skincare #viral "", ""Japan Ki 100\u00a5 Shop Ka Sach Kya Hai, \u0906\u0907\u090f \u0926\u0947\u0916\u0924\u0947 \u0939\u0948\u0902 \ud83d\ude31\ud83d\ude30,#japan #viral #trending #youtube#video #shorts"", ""\u0906\u0907\u090f \u0926\u0947\u0916\u0924\u0947 \u0939\u0948\u0902 \u091c\u093e\u092a\u093e\u0928 \u0915\u0947 \u0917\u093e\u0901\u0935 \u0915\u0948\u0938\u0947 \u0939\u094b\u0924\u0947 \u0939\u0948\u0902? \ud83c\udfd8\ud83c\uddef\ud83c\uddf5\u2705\ufe0f,I Was Shocked \ud83d\ude32, #japan #viral #trending #shorts"", ""Simple Japanese Habits To Keep Your Home  Clean & Managed Always \ud83c\udfd8\ud83c\uddef\ud83c\uddf5\u2705\ufe0f #japan #trending #youtube"", ""Japan Ke \u0917\u093e\u0901\u0935 India Se Kitne Alag Hote Hai?\ud83d\ude33\ud83d\ude32, I M Shocked \ud83d\ude31,INDIA v/s JAPAN #japan #viral #youtube "", ""Glass Skin Makeup \u0915\u0948\u0938\u0947 \u0915\u0930\u0924\u0947 \u0939\u0948\u0902? |Drag Proof Makeup\u2705\ufe0f,\u0936\u093e\u0926\u0940 \u0939\u0948 \u0924\u094b \u0910\u0938\u0947 Makeup \u0915\u0930\u0928\u093e \u0938\u0940\u0916 \u0932\u094b || Trending ""]",tokyolove316@gmail.com,channel description,Not Found,Not Found,Not Found,Not Found,Not Found,JP,Not Found,2026-10-01T10:33:03Z,85.91,FAIL,"[""country does not match configured region""]",Indian skincare routine,2026-10-01T18:04:40.967067+00:00
UCqG5-MDpona4gY51qTx1ysA,Shruti Amin,YouTube,https://www.youtube.com/channel/UCqG5-MDpona4gY51qTx1ysA,134000.0,14667.7,0.0382500715412224,"skincare, makeup, beauty, fashion, outfit, haul, hair, style, grwm","skincare, makeup, beauty, fashion, outfit, haul, hair, style, grwm","[""I Tested ALL My Bras So You Don\u2019t Have To \ud83d\udc40\ud83d\udc59 | DD+ / Heavy Bust Bra Review"", ""I USED IT ALL UP \ud83d\ude2d\u2728 | Product Empties 2026 \ud83d\udecd\ufe0f Skincare, Makeup, Haircare & Bodycare"", ""GRWM to Welcome Ganpati Bappa \ud83e\udde1\u2728 | Ganpati GRWM 2026 \ud83e\udde1 | Simple Festive Makeup Look | Shruti Amin"", ""#AD \ud83d\udcab New Color, New Vibe! And No Compromise \ud83d\ude45\u200d\u2640\ufe0f #shorts"", ""POV: wash day just got a LOT less exhausting \ud83c\udf00\u2728 #shorts"", ""Zendaya\u2019s ODYSSEY Look\u2026 But Make It Rakhi \ud83d\ude2d\u2728 | Raksha Bandhan Makeup Look 2026 \u2728 Shruti Amin"", ""Oily, Sensitive Skin Girls\u2026 We Need To Talk About Blush \ud83d\ude2d #shorts"", ""Everything I Couldn't Stop Buying \ud83d\ude2d\ud83d\udecd\ufe0f Clothing, Shoes, Bags, Belt, Organisers & More"", ""I Bought the Most Viral Beauty Products... Were They Worth It? \ud83d\ude33\ud83d\udcb8 | Skincare & Makeup Haul"", ""Hair Fall? This Serum Might Surprise You \ud83d\ude33\ud83c\udf3f #shorts""]",Not Found,Not Found,Not Found,Not Found,Not Found,Not Found,Not Found,IN,Not Found,2026-09-26T15:33:18Z,70.66,FAIL,"[""followers outside configured range or unavailable""]",Indian skincare routine,2026-10-01T18:04:40.967067+00:00
UCw6AtS6PJCCXWvDUSfgiBeg,Cloudyyxb ☁️,YouTube,https://www.youtube.com/channel/UCw6AtS6PJCCXWvDUSfgiBeg,597.0,1433.8,0.0134573530911368,"skincare, beauty","skincare, beauty","[""Trial"", ""Cloudyyxb \u2601\ufe0f Live Stream"", ""Glowing skin in a week \ud83e\udda2\u2728#skincare #asmr #dalengdale #glowingskin"", ""Abs workouts that actually works \ud83d\udcaa\ud83d\udcaf #\u30d7\u30ed\u30bb\u30ab #\u30d7\u30ed\u30b8\u30a7\u30af\u30c8\u30bb\u30ab\u30a4 #abs #workouts #workoutathome"", ""How to get rid of dark circles \ud83d\udc40\ud83d\udc95\u2728 #music #aestheic #skincare #darkcircles #jennie #wonyoung"", ""An aesthetic skincare routine \ud83e\udd0c\ud83d\udc95\u2728 #music #jennie #aesthetic #skincare"", ""How to smell good all day \u2728\ud83d\udc95\ud83e\udd0c#aesthetic #skincare #perfume"", ""Your profession according to your Birth Month (p2) \ud83c\udf80\u2728 #zodiacsign #birthmonth #aesthetic"", ""Indian beauty standards \ud83e\udda2\u2728 #kpop #aesthetic #indian"", ""Your profession according to your Birth Month (p1) \ud83c\udf80\u2728 #aesthetic #birthmonth #zodiac""]",Not Found,Not Found,Not Found,Not Found,Not Found,Not Found,Not Found,Not Found,Not Found,2026-08-17T17:05:08Z,44.42,FAIL,"[""followers outside configured range or unavailable""]",Indian skincare routine,2026-10-01T18:04:40.967067+00:00
UC7tFhPb_T4H0vuhBuIoIMjw,Learn With Priyanshi,YouTube,https://www.youtube.com/channel/UC7tFhPb_T4H0vuhBuIoIMjw,1610000.0,262373.2,0.0248345904292664,hair,hair,"[""My *SECRET* Reveal \u203c\ufe0f\ud83d\ude33| #fyp #shorts #womentrimmer #selfcare #viralshorts #goviral"", ""Relatable? \ud83e\udd23\ud83d\udc80| #fyp #studentlife #exam #relatable #funny #class10 #examstruggles #study #students"", ""My *HAIRCARE* Routine \ud83c\udf80\ud83d\ude2d| #fyp #youtubeshorts #haircare #shortsfeed #goviral #viralshorts"", ""5AM *STUDY* Vlog \ud83d\udc80\ud83e\udee9| #studymotivation #class10 #shobitnirwan #study #studentlife #chaos #relatable"", ""My *HINDI* Exam Preparation \ud83d\udc80\u203c\ufe0f| #fyp #studymotivation #study #class10 #halfyearlyexams #relatable"", ""Crazy hogaya \u203c\ufe0f\ud83d\ude2d| #fyp #viralshorts #studentlife #class10 #examcancelnews #happiness #goviral"", ""3 *MISTAKES* you NEED to avoid as a student \u203c\ufe0f| #fyp #students #studytips #exams #hacks #viralshorts"", ""Rating *PENS* as a Student \u203c\ufe0f\ud83d\ude2d| #fyp #shorts #youtubeshorts #goviral #viralshorts #students #pen"", ""Based on true events \ud83d\ude03\ud83d\udc94| #fyp #relatable #students #exam"", ""My *EXAM* Study Vlog \ud83d\ude2d\u203c\ufe0f| #fyp  #shorts #class10 #studyvlog #studentlife #study #studymotivation""]",babinadash@gmail.com,channel description,Not Found,Not Found,Not Found,Not Found,Not Found,IN,Not Found,2026-09-30T08:36:39Z,49.66,FAIL,"[""followers outside configured range or unavailable"", ""insufficient fashion/beauty keyword matches""]",Indian skincare routine,2026-10-01T18:04:40.967067+00:00
UCewbVCg5R3C9IBVrp-u0VFw,Simpal Kharel,YouTube,https://www.youtube.com/channel/UCewbVCg5R3C9IBVrp-u0VFw,7910000.0,770522.2,0.050960324779265,makeup,makeup,"[""momo trying to be modak!\ud83d\ude48\u2764\ufe0f\ud83c\udf1a SIMPAL KHAREL NEW TIKTOK/REELS VIDEO #simpalkharel #shorts #trending"", ""Old or New? \u2764\ufe0f\ud83c\udf1a SIMPAL KHAREL NEW TIKTOK/ REELS VIDEO #simpalkharel #shorts #trending #parvati"", ""144p to 1080p real quick \u2764\ufe0f\ud83c\udf1a SIMPAL KHAREL NEW TIKTOK/ REELS VIDEO #simpalkharel #shorts #trending"", ""that time of the year \u2764\ufe0f\ud83c\udf1a SIMPAL KHAREL NEW TIKTOK/ REELS VIDEO #simpalkharel #shorts #trending"", ""shiv shambho \ud83d\udd49\ufe0f\u2764\ufe0f\ud83c\udf1aSIMPAL KHAREL NEW TIKTOK/REELS VIDEO#simpalkharel #shorts #trending #parvati"", ""momo trying to be idli dosa\u2764\ufe0f\ud83c\udf1a SIMPAL KHAREL NEW TIKTOK/REEL VIDEO#simpalkharel #shorts #trending"", ""apni thakurani shree radhika rani \u2764\ufe0f\ud83e\uddff SIMPAL KHAREL NEW TIKTOK/ REEL VIDEO #simpalkharel #shorts"", ""mata parvati \ud83d\udd49\ufe0f\u2764\ufe0f\ud83c\udf1aSIMPAL KHAREL NEW TIKTOK/ REELS VIDEO #simpalkharel #shorts #trending #parvati"", ""angel or devil?\ud83e\udebd\ud83d\udc79\ud83c\udf1a SIMPAL KHAREL NEW TIKTOK/ REELS VIDEO #simpalkharel #shorts #makeup #trending"", ""radhashtami \ud83e\udeb7\u2764\ufe0f\ud83e\uddffSIMPAL KHAREL NEW TIKTOK/ REELS VIDEO #radharani  #simpalkharel #shorts #trending""]",Not Found,Not Found,Not Found,Not Found,Not Found,Not Found,Not Found,US,Not Found,2026-10-01T05:42:12Z,67.5,FAIL,"[""followers outside configured range or unavailable"", ""insufficient fashion/beauty keyword matches"", ""country does not match configured region""]",Indian skincare routine,2026-10-01T18:04:40.967067+00:00
UC23FQmiMd2f-ztSLqVzMS9w,Manika Sharma,YouTube,https://www.youtube.com/channel/UC23FQmiMd2f-ztSLqVzMS9w,479.0,2713.6,0.0199688657823131,"makeup, beauty, fashion, style, cosmetics","makeup, beauty, fashion, style, cosmetics","[""SUGAR X Wonder Woman Everlasting Matte Lipstick Swatches #shorts"", ""SUGAR X Wonder Woman 24 Hr Lip Lacquer swatches #shorts"", ""SUGAR X Wonder Woman Creamy Matte Lipstick swatches #shorts"", ""NEW Launch SUGAR Eye Lit You So! Vivid Eyeliner Swatches #shorts #youtubeshorts"", ""MyBeromt lipstick swatches (matte & metallic)"", ""natural soft glam makeup look"", ""Blue smokey eye look"", ""Top 5 nude lipsticks for indian skintone"", ""SUGAR Smudge Me Not Liquid Lipstick MINI Swatches #liquidlipstick"", ""5 must have nude nail polish | Manika Sharma""]",info.manikasharma@gmail.com,channel description,Not Found,Not Found,Not Found,Not Found,Not Found,IN,Not Found,2021-04-07T04:30:19Z,38.98,FAIL,"[""followers outside configured range or unavailable"", ""last upload is older than configured activity window""]",Indian skincare routine,2026-10-01T18:04:40.967067+00:00
UCndIbuEhdm6-AABo0gaKkuQ,BASED,YouTube,https://www.youtube.com/channel/UCndIbuEhdm6-AABo0gaKkuQ,402000.0,16668.0,0.0328848917678316,"hair, style","hair, style","[""Get ready for your date with BASED"", ""What are your thoughts on the new BASED fragrances?"", ""Invest in yourself, Invest in BASED"", ""Styled with BASED Leave in Conditioner"", ""The top 3 worst hair habits"", ""Styled with BASED Clay"", ""What do you use in your hair?"", ""Stop asking your barber this!"", ""What is your hair routine?"", ""Have you tried BASED Body Lotion?""]",Not Found,Not Found,Not Found,Not Found,Not Found,Not Found,Not Found,Not Found,Not Found,2026-09-30T03:00:18Z,67.8,FAIL,"[""followers outside configured range or unavailable""]",Indian skincare routine,2026-10-01T18:04:40.967067+00:00
UCdki4WC-kozzkFVoljzXQfA,Mishti Pandey,YouTube,https://www.youtube.com/channel/UCdki4WC-kozzkFVoljzXQfA,1260000.0,1057891.3,0.0351851986543427,"beauty, fashion, outfit, haul, hair, style, grwm","beauty, fashion, outfit, haul, hair, style, grwm","[""So Many New Updates / Everything Is Finally Coming Together \ud83c\udfe1 #shorts #ytshorts | Mishti Pandey"", ""I Wanted to Celebrate My Birthday in My New Home\u2026 \ud83e\udd79\ud83c\udfe0 #shorts #ytshorts | Mishti Pandey"", ""Guess The Word Challenge @Officialpallavipandey #shorts #ytshorts | Mishti Pandey"", ""Dialogue Challenge: Did We Get It Right?  @Officialpallavipandey #shorts #ytshorts | Mishti Pandey"", ""Guess The Budget Challenge w/d @Officialpallavipandey  #shorts #ytshorts | Mishti Pandey"", ""Salon-Like Volume at Home? Try This 1-Wash Hair Hack! #shorts #ytshorts | Mishti Pandey"", ""Guess The Animal Challenge with @Officialpallavipandey #shorts #ytshorts | Mishti Pandey"", ""GOA VLOG | Goa Was Unpredictable! \ud83c\udf34Car Hunt, Shopping, Beach & Drama #dailyvlog | Mishti Pandey"", ""GOA TRIP VLOG | Late Train, Last-Minute Stay & First-Day Chaos | Mishti Pandey"", ""Home Interior Update | Kitchen, CNC, Moldings & Ceiling Lights #shorts #ytshorts | Mishti Pandey""]",Not Found,Not Found,Not Found,Not Found,Not Found,Not Found,Not Found,Not Found,Not Found,2026-10-01T12:45:25Z,69.63,FAIL,"[""followers outside configured range or unavailable""]",Indian skincare routine,2026-10-01T18:04:40.967067+00:00
UCS3VEKQ3zcFdLhr-gieQ24g,Chadtag,YouTube,https://www.youtube.com/channel/UCS3VEKQ3zcFdLhr-gieQ24g,700000.0,126303.1,0.099491211859674,Not Found,Not Found,"[""High protein foods = No Vitamin Deficiency"", ""Anda chori hui hai guys urgent"", ""Ek ajeeb ehsas"", ""My parents don't buy me supplements\ud83d\ude2d\ud83d\ude2d"", ""Super powerful diet for indians"", ""Stop making fun of brahmacharya"", ""we need to support paramvir \ud83e\udee1"", ""The most beautiful country India. \ud83c\uddee\ud83c\uddf3\ud83c\uddee\ud83c\uddf3\u2665\ufe0f\u2665\ufe0f"", ""this can't happen in a democracy"", ""\ud83c\uddee\ud83c\uddf3\ud83c\uddee\ud83c\uddf3\u2665\ufe0f\u2665\ufe0f India is beautiful""]",chadtag4404@gmail.com,channel description,Not Found,Not Found,Not Found,Not Found,Not Found,IN,Not Found,2026-10-01T15:35:11Z,55.0,FAIL,"[""followers outside configured range or unavailable"", ""insufficient fashion/beauty keyword matches""]",Indian skincare routine,2026-10-01T18:04:40.967067+00:00
UCD6a36aFK-vENMc3oQq4lZA,Farartistry ,YouTube,https://www.youtube.com/channel/UCD6a36aFK-vENMc3oQq4lZA,216.0,936.1,0.0160107515230075,"skincare, makeup, beauty, cosmetics","skincare, makeup, beauty, cosmetics","[""Captured by @npdj"", ""My new plus 1 for the next months \ud83d\udc76\ud83c\udffb\ud83c\udf7c"", ""Soft glam with #sandiegomakeupartist #glammakeuplook #indianmakeup"", ""Indian glam \u2728Would you wear this look?\ud83e\udd0d#sandiegomakeupartist #makeup #latestinbeautylineupproducts"", ""Wait for the Indian glam \u2728 #sandiegomakeupartist #indianmakeup"", ""Glow up by FarArtistry \u2728Soft glam with confidence #shakira #sandiegomakeupartist"", ""Indian glam is always a vibe \u2728\ud83e\udd0d"", ""@MOIRACosmetics  try this moisturizer \u2764\ufe0f"", ""Dont #botox anymore use these korean @livekbeauty @kbeauty @numbuzin_global products instead"", ""Color wow products is the best""]",Not Found,Not Found,Not Found,https://linktr.ee/Farbeautysd,Not Found,Not Found,Not Found,Not Found,Not Found,2026-07-21T18:52:38Z,40.21,FAIL,"[""followers outside configured range or unavailable""]",Indian skincare routine,2026-10-01T18:04:40.967067+00:00
UC5j0i8xOklk-3WrUOFjlleg,Fit Arshia,YouTube,https://www.youtube.com/channel/UC5j0i8xOklk-3WrUOFjlleg,7800000.0,299907.4,0.0187761796839305,Not Found,Not Found,"[""Jaadugar ban gai main"", ""From America \ud83c\uddfa\ud83c\uddf8 to India \ud83c\uddee\ud83c\uddf3, strength connects us. \ud83c\udf0e\u2764\ufe0f"", ""Happy Gandhi Jayanti guys"", ""Desperation \ud83e\udd23\ud83e\udd23"", ""Twist"", ""I want this \ud83d\ude00\ud83e\udd17"", ""Tissue paper \ud83e\udd27"", ""Angad skushi time"", ""Mummy shocked \ud83e\udd2f"", ""My new car \ud83d\ude97""]",avnish239@gmail.com,channel description,Not Found,Not Found,Not Found,Not Found,Not Found,IN,Not Found,2026-10-01T14:25:47Z,33.14,FAIL,"[""followers outside configured range or unavailable"", ""insufficient fashion/beauty keyword matches""]",Indian skincare routine,2026-10-01T18:04:40.967067+00:00
UCmVaRsJZDxUAStbx0221G-Q,Making_a_fussssss,YouTube,https://www.youtube.com/channel/UCmVaRsJZDxUAStbx0221G-Q,117.0,3133.4,0.1088173272665472,skincare,skincare,"[""My Simple Day Skincare Routine | Glowing & Healthy Skin #skincareroutine  #skincare #indianskincare"", ""Hum jane wale hai adventure pr#cousins #travel #waterfall #mountain #trending #nature #viral #yt"", ""Andharban Trek \u2013 Where Clouds Kiss the Jungle \ud83c\udf27\ufe0f\ud83c\udf3f\u201d #trekdiaries"", ""Let\u2019s go Matheran this monsoon\u2764\ufe0f\u26f0\ufe0f #travel #fun #trending#viral #cousins #trip#maharashtra#mountain"", ""Saiyyannn challenge\ud83d\ude02#trending #ytshorts #contentceator #viralvideo #cousins #wedding #weddingday"", ""Friendship of two girls are the best duo ever\ud83e\udef6\ud83c\udffb\ud83e\udeac#friends #besties #bff #friendship"", ""A great begining of 2025#trending #contentcretor #ytshorts #viralvideo #jainchannel  #youtuber"", ""Cousins squad reel#trending #viralshorts #ytshorts #contentcreator #weddinginspiration #blogger"", ""#contentcreator#trending #ytshorts #shorts #wedding #weddinginspiration#weddingphotography"", ""Wedding reels idea\ud83e\udef6\ud83c\udffb #trending #viralshorts #ytshorts #shorts #contentcreator#weddinginspiration""]",Not Found,Not Found,Not Found,Not Found,Not Found,Not Found,Not Found,Not Found,Not Found,2026-09-30T12:26:27Z,67.28,FAIL,"[""followers outside configured range or unavailable"", ""insufficient fashion/beauty keyword matches""]",Indian skincare routine,2026-10-01T18:04:40.967067+00:00
UC0LLqsIpJ69Rpvh7g24FEzg,Saba Shaheen,YouTube,https://www.youtube.com/channel/UC0LLqsIpJ69Rpvh7g24FEzg,21.0,665.125,0.0533481815604723,"skincare, makeup, fashion, outfit, haul, style","skincare, makeup, fashion, outfit, haul, style","[""My western earings collection ||Part-4|| #shorts #viral #youtubeshorts #trending"", ""My oxidised earings collection ||part -3|| #shorts #viral #trending #youtubeshorts"", ""My traditional earing collection ||part-2|| #shorts #viral #trending"", ""My earing collection ||part-1|| #shorts #viral #ytshorts"", ""Ny Bae lipstick \ud83d\udc84*Best brown lipstick* For all skin tones \ud83d\ude0d #shorts #youtubeshorts"", ""Skincare routine steps #skincare #skinproducts #skincaretips #basicskincare"", ""myntra dress \ud83d\udc57 review #youtubeshorts #myntra #review #subscribe #like #shortvideo"", ""#youtubeshorts #myntra  #review #like #subscribe #subscribe #shorts""]",Not Found,Not Found,Not Found,Not Found,Not Found,Not Found,Not Found,Not Found,Not Found,2022-08-19T11:51:14Z,60.0,FAIL,"[""followers outside configured range or unavailable"", ""last upload is older than configured activity window""]",Indian skincare routine,2026-10-01T18:04:41.424311+00:00
UCF-FNxX0a-kufuTEcZ6mZsA,Sreenanda Biswas,YouTube,https://www.youtube.com/channel/UCF-FNxX0a-kufuTEcZ6mZsA,30.0,862.4,0.0286869962240469,"skincare, makeup, beauty, fashion, outfit, haul, style, grwm","skincare, makeup, beauty, fashion, outfit, haul, style, grwm","[""Going Home With Dirty Laundry & A Heart Full of Memories \ud83e\udd79\u2764\ufe0f"", ""Postcards from the Mountains \ud83c\udfd4\ufe0f\u2728 | Chasing Fog & Views \ud83d\udccd"", ""The things that make you happy don't have to make sense. \u2728 Claw machine therapy \ud83e\uddf8\u2728 #simplejoys #fun"", ""Korean Beauty Routine That Finally Cleared My Skin #kbeauty #glassskin #nightroutine"", ""When the family wants a Bengali Jamai, but you find a Tamil Boy... \ud83e\udee2\u2764\ufe0f #Shorts"", ""This video was meant to find you today |You are exactly where you need to be\ud83d\udd6f\ufe0f|Type \ud83e\udd0d to claim."", ""When the aesthetic Haldi ceremony turns into pure chaos!  #saree #shorts #wedding #funny #comedy"", ""When they say \""Beta, ab tumhari baari hai\""\ud83c\udfc3\u200d\u2640\ufe0f\ud83d\udca8"", ""Ovodro Prem \ud83d\udc96 | Viral Bengali Song Reel | Trending Shorts 2025 #love #views #rain"", ""90\u2019s Retro Saree Look | Timeless Elegance in Indian Fashion""]",Not Found,Not Found,Not Found,Not Found,Not Found,Not Found,Not Found,IN,Not Found,2026-09-25T13:02:16Z,63.75,FAIL,"[""followers outside configured range or unavailable""]",Indian skincare routine,2026-10-01T18:04:41.424311+00:00
UClHOeDiKdXglOXvjEny0pTg,Anahata Organic ,YouTube,https://www.youtube.com/channel/UClHOeDiKdXglOXvjEny0pTg,19400.0,16334.4,0.0212209617867923,"skincare, beauty, hair","skincare, beauty, hair","[""Indian beauty rituals for the win\ud83e\udd70 Try these combos in your selfcare routine!"", ""Wellness Rituals for Family Bonding & Kinship"", ""Making our bestselling Ayurvedic face glow oil\ud83e\udd0d\u2728 #kumkumaditailam"", ""The kumkum paste, a natural adhesive that can help you wear a kumkum bindi\ud83e\udef6\ud83c\udffb"", ""Channel your inner goddess with Anahata\ud83e\udef6\ud83c\udffb\u2764\ufe0f Rituals to make you feel like a Queen!"", ""How cute are these lip balms!!! Unique, natural & celebrating our culture & craftsmanship\ud83c\uddee\ud83c\uddf3"", ""A recipe that spans more than 3 generations of a family\ud83e\udef6\ud83c\udffb Best natural body glow scrub!!"", ""Indian Haircare rituals for the win! Try our natural hair growth products on our website\ud83e\udef6\ud83c\udffb"", ""Our viral Mangalam kumkum set is back in stock. PRE ORDERS open now!!!!!"", ""Sounds of Anahata \ud83e\udd0d\ud83c\udfb5 The most relaxing ASMR from our factory!""]",Not Found,Not Found,Not Found,Not Found,Not Found,Not Found,Not Found,IN,Not Found,2026-09-29T13:21:29Z,79.41,PASS_NO_EMAIL,[],Indian skincare routine,2026-10-01T18:04:41.424311+00:00
UCF9mP5nrxXDwVTaoKh12hpw,dailywithSuneha🎀,YouTube,https://www.youtube.com/channel/UCF9mP5nrxXDwVTaoKh12hpw,27.0,182.9,,"skincare, beauty, hair","skincare, beauty, hair","[""Aaj tabiyat bhi khrb h fir bhi q jana pad rha h school\ud83c\udf92\ud83d\udcda\ud83e\udd7a/ mini vlog/ #india #skincare #short"", ""day6/50 gala beth gya yrr \ud83e\udee0 / mini vlog / ytshorts #minivlog #shorts"", ""Day5/50\u2728 Aaj se coaching start!\ud83e\udd26\ud83c\udffb\u200d\u2640\ufe0f.. / reality check mini vlog \u2764 / minivlog #shorts #vlog #india"", ""weekly skincare routine\u2728 / mini vlog \ud83c\udf37 / @dailywithsuneha #shorts #skincare #routinevlog #vlog"", ""morning routine \ud83c\udf37\u2728 / asthetic vibes\u2728 #shorts #minivlog"", ""Morning Mini vlog\ud83c\udf3c\u2764 / Asthetic vlog\ud83c\udf38 / Day-2/50\ud83c\udf80 #vlog #minivlog #dailyvlog"", ""Aesthetic morning vibe\ud83c\udf3c\ud83c\udf80 \u0964 mini vlog by suneha\u2728 Day-1/50\ud83e\udda2#vlog #shorts #asthetic"", ""Skincare Routine at Home \ud83c\udfe0 | Instant Glow secret\u2728\ud83e\udd2b #shorts #asthetic #vibes"", ""indian home made hair mask \ud83d\ude0c\u0964 ek bar me hi result \u26aa\u0964 try now \ud83d\udcaf #shorts #vlog"", ""Aaj mera last day \ud83d\ude0e\ud83d\udd31\u0964 daily viral mini vlog \u2728 #vlog #shorts""]",gsuneha707@gmail.com,channel description,Not Found,Not Found,Not Found,Not Found,Not Found,IN,Not Found,2026-04-08T01:03:36Z,25.0,FAIL,"[""followers outside configured range or unavailable"", ""engagement rate below threshold or unavailable"", ""last upload is older than configured activity window""]",Indian skincare routine,2026-10-01T18:04:41.424311+00:00
UCQgD8Z-unwqQwR5e4ru9G2A,Parul Priya,YouTube,https://www.youtube.com/channel/UCQgD8Z-unwqQwR5e4ru9G2A,11600.0,1912.2,0.0321229794886318,"skincare, makeup, beauty, fashion, hair, style, grwm","skincare, makeup, beauty, fashion, hair, style, grwm","[""Got my HAIR COLOURED \ud83d\ude31\ud83e\udd2f *impulsively* #minivlog #haircolor #haircut #hairdye #hairsalon"", ""Things I happily spend my adult money on\ud83d\udcb8 #adulting #adulthood #adultmoney #gunmassager #shorts"", ""Vietnamese coffee at home! \u2615\ufe0f\u2728#vietnamesecoffee #coffee #coffeelover #shorts"", ""Release. Repair. Restart. Relearn. \ud83e\udd70\u2728 #selflove #selfimprovement #selfcare #selfgrowth #shorts"", ""Mandala art \ud83c\udfa8 #shorts #mandala #mandalaart #art #drawing"", ""Sunscreen for Oily Skin (No breakouts) #skincare #sunscreen"", ""Grwm for family dinner \u2764\ufe0f\ud83d\udc85 #grwm #grwmmakeup #short #ytshorts #shortsfeed #youtubeshorts"", ""She's south indian \ud83e\udeb7\ud83d\udd4a\ufe0f #aesthetic #transition #edit #trending  #unakul #unakulnane #southindian"", ""Dot & Key meltie lip balm review \ud83d\udc84 #dotandkey #lipbalm #review #shorts"", ""Litti chokha trying to be dosa sambar \ud83e\udd2d #trend #trendingshorts #othaiyadipathayila #shorts""]",Not Found,Not Found,https://www.instagram.com/parulpriya__?igsh=cXhtcmNjeHM3ZWc0&utm_source=qr,Not Found,Not Found,Not Found,Not Found,Not Found,Not Found,2026-10-01T12:41:52Z,87.49,PASS_NO_EMAIL,[],Indian skincare routine,2026-10-01T18:04:41.424311+00:00
UCb-v7ANLq3M7kZqFz-yVX6w,Agam by Smruthi,YouTube,https://www.youtube.com/channel/UCb-v7ANLq3M7kZqFz-yVX6w,152000.0,609533.9,0.0215190955865138,"makeup, beauty, haul, style, cosmetics, grwm","makeup, beauty, haul, style, cosmetics, grwm","[""Major life update....."", ""My no-makeup makeup routine! Links on the description box!"", ""Answered all the hot questions!"", ""Trying Sephora Brow Bar for the first time!"", ""Life Update: A New Chapter Begins | We Moved Out of the USA? + Grocery Haul"", ""Today's breakfast - Ragi dosa with channa masala  #agambysmruthi #food #dosa"", ""Today's samayal : Yummy sambar sadam  and bhindi raita  #agambysmruthi #shorts #vegfood"", ""coffee for my friend! #agambysmruthi #shorts #coffee"", ""Thai Red Curry panlamaaa?? \ud83e\udd24\ud83e\udd24\u2764\ufe0f My Comforting food | Agam by smruthi"", ""Yummy vegan Ramen with my friend | Konjam karuthu what I am tellingg...\ud83d\ude02""]",enquiries.agambysmruthi@gmail.com,channel description,Not Found,Not Found,Not Found,Not Found,Not Found,US,Not Found,2026-08-26T03:28:03Z,52.06,FAIL,"[""followers outside configured range or unavailable"", ""country does not match configured region""]",Indian skincare routine,2026-10-01T18:04:41.424311+00:00
UCRVKijQpgRugeZQjg_fP85A,Hey Beauties!,YouTube,https://www.youtube.com/channel/UCRVKijQpgRugeZQjg_fP85A,170.0,2225.333333333333,0.0379468271602966,skincare,skincare,"[""From B.Sc. Biotechnology to MBA Gold Medalist \ud83e\udd79\ud83c\udfc5 | My 2-Year MBA Journey"", ""MBA After B.Sc.? Common Questions Every Biology Student Asks! | Answered Honestly \u2764\ufe0f"", ""MBA Is Over... Now What? | The Reality Nobody Talks About"", ""Can a Science Student Do an MBA? My Honest Experience After MBA"", ""BSc to MBA? | From BSc Biotechnology to MBA | Science Student\u2019s Honest Journey"", ""What Do You Study in an MBA? | Semester-Wise Breakdown | RV University"", ""Night Skincare Routine, Simple & Soothing\ud83c\udf19\u2728#shorts #shortsviral #nightroutine #skincaretips #care"", ""Aankhon m pyaar aur kaano m Bareilly ka jhumka \ud83d\udc85\ud83e\udd70 #shorts #shortsviral #jhumka #bareilly #dance"", ""MBA at RV University | First Batch Student | Faculty, Courses, Infrastructure, and Real Talk""]",Not Found,Not Found,Not Found,Not Found,Not Found,Not Found,Not Found,IN,Not Found,2026-09-15T14:19:32Z,55.51,FAIL,"[""followers outside configured range or unavailable"", ""insufficient fashion/beauty keyword matches""]",Indian skincare routine,2026-10-01T18:04:41.424311+00:00
UCBve62bl_8ODiCrGKSVxVwA,Rena Goswami,YouTube,https://www.youtube.com/channel/UCBve62bl_8ODiCrGKSVxVwA,1110000.0,1874919.5,0.020987361351707,"skincare, makeup, beauty, fashion, hair, style, grwm","skincare, makeup, beauty, fashion, hair, style, grwm","[""Police caught me in GOA\ud83d\ude2d #youtubeshorts #viralvideo #hairstyle #skincare #fashion #makeup #grwm"", ""Fake Nose piercing\ud83d\ude33\u2705 #youtubeshorts #viralvideo #hairstyle #funny #skincare #fashion #diy #makeup"", ""Iske BTS kisko dekhne hai\ud83e\udd2a #youtubeshorts #hairstyle #skincare #fashion #diy #makeup #viralvideo"", ""Gol Gappe ko love you hai ji\ud83d\ude0c\u2b50\ufe0f #youtubeshorts #viralvideo #hairstyle #skincare #makeup #diy #bts"", ""Rena Goswami is live"", ""Phir bhi leli photos\ud83e\udd2a\ud83c\udf1d #youtubeshorts #viralvideo #hairstyle #skincare #makeup #funny #trending"", ""It\u2019s been a long Journey\u2764\ufe0f #youtubeshorts #viralvideo #funny #hairstyle #skincare #makeup #shorts"", ""Goa kya sundar jagah hai\ud83d\ude2d\ud83e\udd79 #youtubeshorts #viralvideo #hairstyle #skincare #makeup #diy #fashion"", ""Products i never share with anyone\ud83d\ude24\u274c #youtubeshorts #viralvideo #skincare #hairstyle #makeup #diy"", ""DIY Beach Miniature\ud83c\udf0a\ud83c\udfd6\ufe0f #youtubeshorts #viralvideo #diy #hairstyle #skincare #makeup #shorts #bts""]",renagoswami4u@gmail.com,channel description,Not Found,Not Found,Not Found,Not Found,Not Found,IN,Not Found,2026-09-30T11:30:09Z,59.47,FAIL,"[""followers outside configured range or unavailable""]",Indian skincare routine,2026-10-01T18:04:41.424311+00:00
UCKQ1O-Z8vcL8i30ivMb84sA,Rims Beauty & Travel,YouTube,https://www.youtube.com/channel/UCKQ1O-Z8vcL8i30ivMb84sA,146.0,166.6,0.0896485985334946,"skincare, makeup, beauty, style, cosmetics","skincare, makeup, beauty, style, cosmetics","[""Hyarulonic Acid correct uses"", ""Best Destination!!! in Goa Calangute"", ""Weekend Best Destination"", ""Best Sunscreen"", ""Santiniketan Sonajhuri Shonibarer Haat"", ""Dry Skincare Routine"", ""All season Festive Make Up Look | Rims Beauty"", ""Glamour World | Ayurvedic | Bengali | Rims Beauty"", ""Tribute to Tarun Majumdar"", ""Amazing Goa 2022 - Part 1 | Hindi | Rims Travel""]",Not Found,Not Found,Not Found,Not Found,Not Found,Not Found,Not Found,Not Found,Not Found,2023-05-17T15:52:01Z,60.0,FAIL,"[""followers outside configured range or unavailable"", ""last upload is older than configured activity window""]",Indian skincare routine,2026-10-01T18:04:41.424311+00:00
UCEQOJDwT1HlQO0Jmo-kLRrg,Dr Nivedita Dadu ,YouTube,https://www.youtube.com/channel/UCEQOJDwT1HlQO0Jmo-kLRrg,883000.0,1724.2,0.015582517698246,"skincare, hair, style","skincare, hair, style","[""Do you know what's really in your fairness cream? \ud83e\uddd0 #skinhealth #skincareawareness #dermatologist"", ""Can Fractional Laser Improve Acne Scars & Open Pores?"", ""Don't make this mistake on Mounjaro #NutritionTips #WeightLoss #Fitness"", ""Is this the best way to fix a double chin? \ud83e\udd14 #Dermatology #SkinCare"", ""Using Steroid Cream on Your Face? Stop Before It\u2019s Too Late"", ""Strawberry Skin or Keratosis Pilaris? Know the Difference!"", ""Can Estrogen Creams Really Reduce Fine Lines?"", ""Could Your Skin Be Warning You About Insulin Resistance? \ud83d\udc40"", ""Acne Scars, Redness & Open Pores? Try Glass Skin!"", ""Keratin or Smoothening for Frizzy Hair? Know the Truth!""]",Not Found,Not Found,Not Found,Not Found,Not Found,Not Found,Not Found,IN,Not Found,2026-10-01T09:16:53Z,55.91,FAIL,"[""followers outside configured range or unavailable""]",Indian skincare routine,2026-10-01T18:04:41.424311+00:00
UC8mdp1E6m4mbulstY1odOiQ,Toca India,YouTube,https://www.youtube.com/channel/UC8mdp1E6m4mbulstY1odOiQ,500.0,3976.2,0.0194005833435198,Not Found,Not Found,"[""Playing dress to impress for the FIRST TIme #dresstoimpress #roblox"", ""ROBLOX OR TOCA BOCA?! #tocaboca #roblox #tocalifeworld #robloxgames"", ""Who is your fav? #tocaboca #tocalifeworld #toca #katseye"", ""This is SO ANNOYING #tocaboca #tocalifeworld #tocaadventure #toca"", ""THERE SO CUTE! #tocaboca #tocalifeworld #toca #tocaadventure #tocabocasecrettoca"", ""RIVER STREET MARKET TOUR!\ud83e\udd5e #tocaboca #tocaadventure #tocalifeworld #toca"", ""FREE aesthetic apartment tour \ud83e\udd8b #tocaboca #tocalifeworld #tocaadventure #toca"", ""WHAT SHOULD I NAME HIM? #tocaboca #tocaadventure #tocalifeworld #toca"", ""I LOVE THIS UPDATE #tocaboca #tocaadventure #tocalifeworld #toca"", ""All in the new update #tocaboca #tocaadventure #toca""]",Not Found,Not Found,Not Found,Not Found,Not Found,Not Found,Not Found,GB,Not Found,2026-09-30T17:13:52Z,33.36,FAIL,"[""followers outside configured range or unavailable"", ""insufficient fashion/beauty keyword matches"", ""country does not match configured region""]",Indian skincare routine,2026-10-01T18:04:41.424311+00:00
UCROR6kOLdfffv_4S0PuVJEA,Tanya Law Bedi,YouTube,https://www.youtube.com/channel/UCROR6kOLdfffv_4S0PuVJEA,123000.0,114119.3,0.0555053949351284,"outfit, hair","outfit, hair","[""A very OR3 outfit if you ask me\ud83e\udd0d\ud83e\udd8b"", ""Birthday trip in on!\u2b50\ufe0f\ud83c\udf88"", ""Rich because I get to experience genuine female friendships\ud83e\udd0d"", ""Best addition to my routine\u2b50\ufe0f"", ""Desi Barbie\ud83c\udf80\u2b50\ufe0f outfit: Bomzan Closet"", ""Luteal phase is really something but this is your reminder that the internet is not a real place\ud83e\udd0d"", ""Leave it to me to be doing the weirdest hobbies at 2 PM on a Tuesday"", ""I tried\ud83d\ude2e\u200d\ud83d\udca8"", ""My staple haircut for years now\u2b50\ufe0f (a butterfly cut)"", ""July favs are in\ud83e\uddda\ud83c\udffb\u200d\u2640\ufe0f\u2b50\ufe0f""]",Not Found,Not Found,Not Found,Not Found,Not Found,Not Found,Not Found,Not Found,Not Found,2026-09-27T11:34:41Z,79.11,FAIL,"[""followers outside configured range or unavailable""]",Indian skincare routine,2026-10-01T18:04:41.424311+00:00
UCY5iHy7kx5_ZfIX8JxEP3dQ,Aanyaa,YouTube,https://www.youtube.com/channel/UCY5iHy7kx5_ZfIX8JxEP3dQ,63600.0,23467.3,0.0407577554882865,"skincare, makeup, beauty, style","skincare, makeup, beauty, style","[""use my code Aanya12 for upto 20% off"", ""#tuscanmakeup"", ""2000's Tuscan Makeup"", ""skincare ingredients to add into your skincare routine"", ""which celebrity beauty brand fits your makeup style?"", ""wonyoung's Makeup full Tutorial"", ""deinfluencing you on mega popular brands (Dr Althea)"", ""my absolute must haves \ud83e\udee7"", ""wonyoung makeup transition, tutorial coming soon"", ""check out savana's eau de parfum collection and use my code Aanya12 for 20% off""]",aanyaaa1111@gmail.com,channel description,Not Found,Not Found,Not Found,Not Found,Not Found,Not Found,Not Found,2026-09-25T13:00:36Z,92.2,PASS,[],Indian skincare routine,2026-10-01T18:04:41.424311+00:00
UCYxezj89xof3XRLFqly20VA,Dr Pal & Priya (Tamil),YouTube,https://www.youtube.com/channel/UCYxezj89xof3XRLFqly20VA,495000.0,88706.7,0.0113682333359748,"skincare, makeup, beauty, hair","skincare, makeup, beauty, hair","[""Why most women feel tired always | Varsha R Easwaran | Priya Pal #shorts"", ""Organic product is a Scam | Varsha R Easwaran | Priya Pal #shorts"", ""Important foods for Thyroid | Varsha R Easwaran | Priya Pal #shorts"", ""Should you walk 10000 steps everyday? | Varsha R Easwaran | Priya Pal #shorts"", ""Ideal age to start protein powder for Kids | Varsha R Easwaran | Priya Pal #shorts"", ""The Truth About Homemade Protein Powder, Millets, & Supplements | Varsha R Easwaran | Priya Pal"", ""why do you get ACNE during periods | The Truth About Hair Loss, Skincare | Dr. Shwetha Rahul"", ""Embrace your skin color, It is your shield | The Truth About Hair Loss, Skincare | Dr. Shwetha Rahul"", ""Two Makeup products I avoid the most | The Truth About Hair Loss, Skincare | Dr. Shwetha Rahul"", ""Beauty Standards & Color Discrimination | The Truth About Hair Loss, Skincare | Dr. Shwetha Rahul""]",business@trendloud.com,channel description,Not Found,Not Found,Not Found,Not Found,Not Found,US,Not Found,2026-10-01T12:30:28Z,52.96,FAIL,"[""followers outside configured range or unavailable"", ""country does not match configured region""]",Indian skincare routine,2026-10-01T18:04:41.424311+00:00
UCi1yUvkggao9_MDPfvuBMtA,Manvender Bisht,YouTube,https://www.youtube.com/channel/UCi1yUvkggao9_MDPfvuBMtA,358.0,1493.8,0.0152523476501872,"skincare, beauty, hair, style","skincare, beauty, hair, style","[""New haircut #youtubeshorts #haircare"", ""#absworkout"", ""#transition"", ""Fat loss #fatloss #youtubeshorts"", ""Home workout supremacy #homeworkout #yoga"", ""My only competition #fatloss #absworkout"", ""Fatloss workout #fatloss #youtubeshorts"", ""Sleeper build #transformation #youtubeshorts"", ""Selfcare #skincareproduct #haircare #youtubeshorts"", ""Morning skincare routine #niacinamideserum #morningroutine""]",Not Found,Not Found,Not Found,Not Found,Not Found,Not Found,Not Found,IN,Not Found,2026-08-29T07:39:49Z,48.34,FAIL,"[""followers outside configured range or unavailable""]",Indian skincare routine,2026-10-01T18:04:41.424311+00:00
UCF8W6LkYCPw9WLIZItCUJzA,Sayani Das,YouTube,https://www.youtube.com/channel/UCF8W6LkYCPw9WLIZItCUJzA,115.0,471.0,0.0420465178341386,"skincare, beauty, fashion, haul, style","skincare, beauty, fashion, haul, style","[""Boikhor public"", ""Portugal trip"", ""A day in my life in London"", ""View from my balcony"", ""1st try of shorts"", ""Kolkata to London travel vlog."", ""WE ARE MOVING OUT OF KOLKATA | BONG MOMMY"", ""MONDAY CLEANING MOTIVATION | SPEED CLEAN WITH ME | BENGALI CLEANING VEDIO#SAYANIDAS #SAYANIVLOGS2021"", ""2 SHOPPING HAULS IN ONE DAY \ud83d\ude32\ud83e\udd14?? A DAY IN MY LIFE OF A STAY AT HOME MOM| #SAYANIDAS  #SAYANIDASVLOGS"", ""MY UPDATED MORNING SKINCARE ROUTINE || ALL INDIAN SKIN CARE PRODUCTS || #SAYANIDAS #INDIANSKINCARE""]",Not Found,Not Found,Not Found,Not Found,Not Found,Not Found,Not Found,Not Found,Not Found,2026-04-18T12:40:22Z,54.43,FAIL,"[""followers outside configured range or unavailable"", ""last upload is older than configured activity window""]",Indian skincare routine,2026-10-01T18:04:41.424311+00:00
UCupGHpFunW5Rc6Df91U1uag,urbongmen,YouTube,https://www.youtube.com/channel/UCupGHpFunW5Rc6Df91U1uag,43.0,437.0,0.0530667727504266,"skincare, fashion, hair, style","skincare, fashion, hair, style","[""must have grooming products under 150/- rupees"", ""3step daily grooming for men"", ""FACE RAZOR"", ""HAIR  CARE PART 1"", ""MEN'S NIGHT SKIN CARE |"", ""My Honest Hair care #haircare #hairstyle #hair #menhair #haircut #hairtutorial #menshair #bengali"", ""stop using local sunglasses #mensfashion #men #eyewear #sunglasses #fashion #lenskart #bengali"", ""Skin Care Important ? #skincare #bengali #menskincareroutine #skincareroutine #skin #skincaretips"", ""Stop hair fall right now #hairfall #haircare #hair #healthyhabits #hairfallsolution #menhair #tips"", ""Morning Routine #haircare #morning #morningroutine #selfcare #selflove #selfimprovement #selfgrowth""]",Not Found,Not Found,Not Found,Not Found,Not Found,Not Found,Not Found,Not Found,Not Found,2026-06-11T07:21:27Z,60.0,FAIL,"[""followers outside configured range or unavailable"", ""last upload is older than configured activity window""]",Indian skincare routine,2026-10-01T18:04:41.424311+00:00
UCTkRAo_ojmknGxokchJ0bzA,Hindi khaniya ,YouTube,https://www.youtube.com/channel/UCTkRAo_ojmknGxokchJ0bzA,,,,Not Found,Not Found,[],Not Found,Not Found,Not Found,Not Found,Not Found,Not Found,Not Found,Not Found,Not Found,,0.0,FAIL,"[""followers outside configured range or unavailable"", ""engagement rate below threshold or unavailable"", ""insufficient fashion/beauty keyword matches"", ""last upload date unavailable""]",Indian skincare routine,2026-10-01T18:04:41.424311+00:00
UCYRW5dv_Eym7Oh0AuRTSl7A,The Men's Edit ,YouTube,https://www.youtube.com/channel/UCYRW5dv_Eym7Oh0AuRTSl7A,30.0,1663.1,,"skincare, fashion, outfit, hair, style","skincare, fashion, outfit, hair, style","[""Patchy Beard? Style It Like THIS \ud83d\udd25 | 4 Beard Styles That Work #beard #fashion"", ""Look Taller Instantly With These Style Hacks \u2728#fashion #fyp #shorts #taller #dress #clothing"", ""This Is Why Your Underwear Feels Wrong \ud83e\ude72||  #fashion #underwear #fyp #shorts"", ""Try these beard style if You have Patchy beard. #fashion #beard #fyp #shorts #mensfashion #grooming"", ""Best Footwear With Ethnic Wear for Men\u2728 #fashion #ethical #shorts #fyp #viral #footwear #dress"", ""Best Shirt & Pant Color Combinations for Men \ud83d\udd25#shorts #shirts #fyp #fashion #combination #clothing"", ""The RIGHT Shoes for Every Type of Pants \ud83d\udc5f #fyp #shorts #shoes #fashion #viral #pants"", ""How Short Men Should Dress to Look Taller\ud83d\udd25 #fashion #fyp #shorts #viral #tomholland #dress #height"", ""How to Remove Creases from Shoes \ud83d\udc5e | Easy DIY Shoe Crease Fix #fyp #shorts #viral #shoes #fashion"", ""How to Wear a Kurta Correctly | Perfect Kurta Fit & Styling #fyp #kurta  #viral #short #explore""]",Not Found,Not Found,Not Found,Not Found,Not Found,Not Found,Not Found,IN,Not Found,2026-10-01T12:30:33Z,45.0,FAIL,"[""followers outside configured range or unavailable"", ""engagement rate below threshold or unavailable""]",Indian skincare routine,2026-10-01T18:04:41.424311+00:00
UCgJ0-khC7vDOCuBMGquwPdg,Korean Dost,YouTube,https://www.youtube.com/channel/UCgJ0-khC7vDOCuBMGquwPdg,1510000.0,42531.8,0.0341212294788369,"beauty, style","beauty, style","[""Trying Viral Korean Fusion Food \ud83c\uddf0\ud83c\uddf7\ud83c\udf74"", ""I was told I\u2019m dying, so I went to India. (A Last Passage to the West)"", ""Why this Korean traveler was stalking an Indian girl (Short Film)"", ""If you\u2019ve ever cried alone as a foreigner in Korea.. (Short Film)"", ""2026\ub144 1\uc6d4 22\uc77c"", ""We find korea coffe in india\ud83c\uddee\ud83c\uddf3\ud83c\uddf0\ud83c\uddf7 #koreandost #india #delhi"", ""POV: A Stranger Joins Your Dinner"", ""Last Day in India | Humayun Tomb"", ""Celebrating Diwali with 9 Indian girls in Korea"", ""Bye hoon\ud83d\ude2d\u203c\ufe0f (in noida)""]",korea.dost@gmail.com,channel description,Not Found,Not Found,Not Found,Not Found,Not Found,KR,en,2026-06-03T03:07:51Z,48.88,FAIL,"[""followers outside configured range or unavailable"", ""last upload is older than configured activity window"", ""country does not match configured region""]",Indian skincare routine,2026-10-01T18:04:41.424311+00:00
UC5V9OJepirMtp0O6MazBXWg,Prapti Shukla,YouTube,https://www.youtube.com/channel/UC5V9OJepirMtp0O6MazBXWg,363000.0,428536.0,0.043217711051248,"skincare, beauty, fashion, hair, style","skincare, beauty, fashion, hair, style","[""What\u2019s in my BAGG? |Prapti Shukla "", ""agle baras tu jaldi aana \ud83e\udd79 #ganpativisarjan #mumbai #ganpatibappamorya #praptishukla"", ""#isha #praptishukla #saree #indianstyle"", ""\ud83d\ude48\ud83d\ude48 #obessed #trending #praptishukla #indian #hairgoals #ytshorts"", ""Rakshabandhan in Ghrishneshwar mandir |Prapti Shukla "", ""now even my mom is obsessed ! Try it out ! #skincare #motherdaughter #selfcare #skincareroutine"", ""Desi Barbie who ?\ud83c\udf80 #indian #barbie #modern #praptishukla #patibharmchari #isha #trending"", ""A Day With meeee!!!"", ""Tried another one \u2026!#dance #praptishukla #saathiya #youtubeshorts #trending"", ""My HAIRCARE routine !!! |Prapti Shukla |""]",Not Found,Not Found,Not Found,Not Found,Not Found,Not Found,Not Found,IN,Not Found,2026-10-01T09:59:38Z,75.25,FAIL,"[""followers outside configured range or unavailable""]",Indian skincare routine,2026-10-01T18:04:41.424311+00:00
UCDSFQ1EzlVAIL2hIhbdjk5A,Catherine Harshi Gwalani,YouTube,https://www.youtube.com/channel/UCDSFQ1EzlVAIL2hIhbdjk5A,515.0,1381.7,0.0141764497445726,"skincare, makeup, hair","skincare, makeup, hair","[""daddy\u2019s skincare \ud83e\udef6"", ""fav tinted sunscreens \ud83c\udf3b"", ""juiciest tinted sunscreen \ud83c\udf3b"", ""secret to bright skin \ud83e\udda2"", ""28 May 2026"", ""#unsponsored evening routine for barrier care"", ""Everything i got this month #unsponsored"", ""HOW TO GET RID OF PIGMENTATION?\ud83e\udd79\ud83e\udef6\ud83d\udc9c\ud83e\udd8b\ud83c\udf80\ud83e\ude77"", ""acne safe summer AM routine \ud83c\udf80\ud83d\udc97\ud83d\udc9c\ud83e\udd8b\ud83e\ude77"", ""The serum that locks hair into your follicle - reducing breakage and shedding.""]",Not Found,Not Found,Not Found,https://www.wishlink.com/catherineharshigwalani,Not Found,Not Found,Not Found,Not Found,Not Found,2026-07-11T15:57:21Z,36.7,FAIL,"[""followers outside configured range or unavailable""]",Indian skincare routine,2026-10-01T18:04:41.424311+00:00
UCMPWyj5DmkEO0ngIUYXTmNA,Nemo Bishnoi,YouTube,https://www.youtube.com/channel/UCMPWyj5DmkEO0ngIUYXTmNA,541.0,715.4,0.0302627257814673,skincare,skincare,"[""Find the object #challenge"", ""Beach hopping was crazy cause we ended up with the most magical view ever #beachepisode"", ""Sucker for pad Thai noodles \ud83c\udf5d"", ""Would he catch me? I think not"", ""How to use nalpamaradi thailam and eladi kera thailam? Here\u2019s how\ud83d\udc69\ud83c\udffb\u200d\ud83d\udcbb"", ""\ud83c\udf3b"", ""Been trying to make my everyday habits  a little more intentional lately. Tiny things, do add up\ud83c\udf31"", ""Eye serum i would recommend \ud83e\udef6\ud83c\udffb#eyeserum #indianskincare"", ""\ud83c\udf0a\ud83c\udf31"", ""Sunscreen are must\ud83c\udf3b""]",Not Found,Not Found,Not Found,Not Found,Not Found,Not Found,Not Found,IN,Not Found,2026-09-29T08:27:49Z,53.24,FAIL,"[""followers outside configured range or unavailable"", ""insufficient fashion/beauty keyword matches""]",Indian skincare routine,2026-10-01T18:04:41.424311+00:00
UC11w0eByjgDmTk7bC5htjPg,Aryanna Gabrielle,YouTube,https://www.youtube.com/channel/UC11w0eByjgDmTk7bC5htjPg,81.0,437.8,0.0721567539065251,"skincare, beauty, hair, style, grwm","skincare, beauty, hair, style, grwm","[""Decorating My Graduation Cap! | How To"", ""Fenty Skin Review | Everyday Skincare Routine 2020"", ""Natural Hair High Bun\u2728"", ""My Skin Care Routine | How to tone pores"", ""HOW I TAKE CARE OF MY BOX BRAIDS!! | Jamaican Castor Oil Method"", ""celebrate BLACK HISTORY! | my school\u2019s black history program"", ""opening my sweet 16 gifts!!"", ""Birthday GRWM!"", ""aztec secret indian healing clay REVIEW + DEMO"", ""College Fair GET READY WITH ME!!""]",Not Found,Not Found,Not Found,Not Found,Not Found,Not Found,Not Found,Not Found,Not Found,2021-05-27T13:00:23Z,60.0,FAIL,"[""followers outside configured range or unavailable"", ""last upload is older than configured activity window""]",Indian skincare routine,2026-10-01T18:04:41.424311+00:00
UC3i6Y6RUIzRhWcxtcZOKrgA,Shine with Kritika,YouTube,https://www.youtube.com/channel/UC3i6Y6RUIzRhWcxtcZOKrgA,938.0,19091.5,0.1188490408673895,"skincare, makeup, beauty, fashion, haul, hair, style","skincare, makeup, beauty, fashion, haul, hair, style","[""Anarkali Vibes with Ananya \u2013 Desi Look, Royal Style \ud83d\udc51#myntrahaul #shortvideo #anarkali #youtube"", ""Ketocip Shampoo = No Dandruff, Just Confidence! \ud83d\udc87\u200d\u2642\ufe0f\u2728 #Ketocip #haircare #youtubeshorts #shortvide"", ""New Earrings Unboxing \u2728\ud83d\udc42\ud83d\udc96 | Beautiful Earrings \ud83d\udc8e\ud83d\udce6 | #earrings#jewellery #fashion #zaveripearls"", ""Unboxing Mast & Harbour Pink Sling Bag | Stylish & Affordable! #MyntraHaul #BagUnboxing #shorts"", ""Banaras Vibes with Har Har Gange \u2728 #HarHarGange #ganga #shorts #banaras #trending #kashi #varanasi"", ""My Dog Can't Stop Laughing \u2013 Funniest Dog Reactions Ever! #viralvideo #dog #funny #funnyvideo#shorts"", ""Cosrx Advance Snail 96 Mucin Power Essence #youtubeshorts #shorts"", ""zitcare-s gel review # zitcare-s #shorts #youtubeshorts"", ""Nykaa Haul Upto 80% Off On Makeup Skincare Haircare || Nykaa Summer Super Sale"", ""Shopee Jewellery Haul Under \u20b9 99 Only || Cheapest Jewellery Haul || All Items Under Rs/-99 Only""]",Not Found,Not Found,Not Found,Not Found,Not Found,Not Found,Not Found,IN,Not Found,2025-05-22T11:02:02Z,60.0,FAIL,"[""followers outside configured range or unavailable"", ""last upload is older than configured activity window""]",Indian skincare routine,2026-10-01T18:04:41.424311+00:00
UCH9aPskONv7sraQfL-UDxNQ,Swara Singh,YouTube,https://www.youtube.com/channel/UCH9aPskONv7sraQfL-UDxNQ,11000000.0,1175927.5,0.046501608284297,"beauty, haul, hair, style","beauty, haul, hair, style","[""Honest Nykaa Haul + hair growth update #minivlog #ytshorts #shorts"", ""Nykaa Haul Part- \u267e\ufe0f#minivlog #ytshorts #shorts"", ""What i eat in a day #minivlog #ytshorts #shorts"", ""My Dad Gifted Me a \u20b91 Lakh Gift \ud83e\udd79\u2764\ufe0f"", ""Unboxing Diamond Play Button\ud83e\udd79\ud83d\udc8e\u2764\ufe0f #minivlog #ytshorts #shorts"", ""Leaving Home Again\ud83c\udfe1\u2708\ufe0f *Unboxing Diamond Play Button\ud83d\udc8e\ud83e\uddff\u2764\ufe0f "", ""Roll The Dice Challenge\ud83c\udfb2\ud83d\udd25"", ""Bought Iphone for Papa #minivlog #ytshorts #shorts"", ""Bought Iphone for Papa\ud83e\udd79\u2764\ufe0f *Had Fight With My Siblings "", ""Eat It Before Time Runs Out! \ud83d\ude33""]",Not Found,Not Found,Not Found,Not Found,Not Found,Not Found,Not Found,IN,Not Found,2026-09-29T10:28:23Z,77.11,FAIL,"[""followers outside configured range or unavailable""]",Indian skincare routine,2026-10-01T18:04:41.424311+00:00
UC53cAvFeWsNwsfCQnJmLjDQ,Satvic Movement,YouTube,https://www.youtube.com/channel/UC53cAvFeWsNwsfCQnJmLjDQ,9840000.0,6476396.6,0.0289213724607289,style,style,"[""What's Really Inside Your Coconut Water?"", ""Your Black Delivery Box Has a Dark Secret"", ""Why Do These Brands Give India WORSE Products?"", ""The Truth About India's Fasting Food: Sabudana"", ""Just One Coke? Watch What Happens Next"", ""What the British Didn\u2019t Want Indians to Eat"", ""CAUTION: You Won't Touch Bournvita After This"", ""I Set Two Cups On Fire - Only One BURNED. Why?"", ""Caution: You Won't Touch Fruit Jam After Watching This"", ""Worst Habits For Women's Gut, Hormones & Brain""]",Not Found,Not Found,Not Found,Not Found,Not Found,Not Found,Not Found,IN,Not Found,2026-09-29T12:00:27Z,52.3,FAIL,"[""followers outside configured range or unavailable"", ""insufficient fashion/beauty keyword matches""]",Indian skincare routine,2026-10-01T18:04:41.424311+00:00
UCa1pGJj1-QRVKIioYJr6avA,Uma's Lifestyle,YouTube,https://www.youtube.com/channel/UCa1pGJj1-QRVKIioYJr6avA,770000.0,465872.7,0.0244624872704912,"haul, hair, style","haul, hair, style","[""\u0b85\u0b9f \u0b85\u0b9f \u0b85\u0b9f!! \u0b87\u0baa\u0bcd\u0baa\u0b9f\u0bbf \u0b87\u0bb0\u0bc1\u0b95\u0bcd\u0b95\u0bc1\u0bae\u0bcd\u0ba9\u0bc1 \u0b9a\u0ba4\u0bcd\u0ba4\u0bbf\u0baf\u0bae\u0bbe \u0b8e\u0ba4\u0bbf\u0bb0\u0bcd\u0baa\u0bbe\u0b95\u0bcd\u0b95\u0bb2 #minivlog 669 1oct26#umaslifestyle #shorts#mittai"", ""Amma veetuku vanthachu!! holidays la irukom|amma veedu cleaning work #minivlog 668 |29sep26 #shorts"", ""\u0b87\u0ba8\u0bcd\u0ba4 \u0b92\u0bb0\u0bc1 \u0baa\u0bca\u0bb0\u0bc1\u0bb3\u0bcd \u0b87\u0bb0\u0bc1\u0ba8\u0bcd\u0ba4\u0bbe \u0baa\u0bcb\u0ba4\u0bc1\u0bae\u0bcd!!quick ah clean pannidalam #minivlog 667 |25sep26 #umaslifestyle"", ""Food Habits kuda ithaium follow pannunga!! #minivlog 667 |24aug26#umaslifestyle#shortvideo#tamilvlog"", ""\u0b89\u0b99\u0bcd\u0b95 Budget \u0b8e\u0bb5\u0bcd\u0bb3\u0bcb??\u0b87\u0ba8\u0bcd\u0ba4 \u0bae\u0bbe\u0b9a\u0bae\u0bcd \u0bae\u0bb3\u0bbf\u0b95\u0bc8 \u0b9a\u0bbe\u0bae\u0bbe\u0ba9\u0bc1\u0b95\u0bcd\u0b95\u0bc1 \u0b9a\u0bc6\u0bb2\u0bb5\u0bc1 \u0baa\u0bb0\u0bb5\u0bbe\u0baf\u0bbf\u0bb2\u0bcd\u0bb2\u0bc8!!#minivlog666|23sep26 #umaslifestyle"", ""\u0baa\u0bca\u0ba3\u0bcd\u0ba3\u0bc1\u0b99\u0bcd\u0b95 \u0ba8\u0bbf\u0ba9\u0bc8\u0b9a\u0bcd\u0b9a\u0bbe \u0bae\u0bc1\u0b9f\u0bbf\u0baf\u0bbe\u0ba4\u0ba4\u0bc1 \u0b92\u0ba9\u0bcd\u0ba9\u0bc1\u0bae\u0bcd \u0b87\u0bb2\u0bcd\u0bb2!! #minivlog 666 |22 sep26 #umaslifestyle #groceryshopping"", ""Everything Under 500 only| which one is your favourite!! except jeans|22sep26#umaslifestyle#coordset"", ""\u0b87\u0ba9\u0bcd\u0ba9\u0bc1\u0bae\u0bcd 100 \u0b86\u0ba3\u0bcd\u0b9f\u0bc1 \u0ba8\u0bae\u0bcd \u0b86\u0baf\u0bc1\u0bb3\u0bcd \u0bb5\u0bc7\u0ba3\u0bcd\u0b9f\u0bc1\u0bae\u0bcd\ud83e\udd79\ud83d\ude0d 8th Anniversary & vinayagar chathurthi vlog !! #umaslifestyle"", ""\u0baa\u0bc1\u0bb0\u0b9f\u0bcd\u0b9f\u0bbe\u0b9a\u0bbf 1 \u0b87\u0baa\u0bcd\u0b9f\u0bbf \u0baa\u0ba3\u0bcd\u0bb1\u0bbf\u0baf\u0bc7 \u0b89\u0bae\u0bbe-\u0ba9\u0bc1 \u0b95\u0bc7\u0b9f\u0bcd\u0baa\u0bc0\u0b99\u0bcd\u0b95!! #minivlog 664 |18sep26 #umaslifestyle#naatukozhi#shorts"", ""\u0baa\u0bbf\u0bb3\u0bcd\u0bb3\u0bc8\u0baf\u0bbe\u0bb0\u0bcd \u0b95\u0bbf\u0bb3\u0bae\u0bcd\u0baa\u0bbf\u0b9f\u0bcd\u0b9f\u0bbe\u0bb0\u0bcd!! #minivlog 663 | 17sep26#umaslifestyle#ganeshchaturthi #vinayagarchaturthi""]",Not Found,Not Found,Not Found,Not Found,Not Found,Not Found,Not Found,IN,Not Found,2026-10-01T13:04:27Z,62.12,FAIL,"[""followers outside configured range or unavailable""]",Indian skincare routine,2026-10-01T18:04:41.424311+00:00
UCF1u81Z2VrkMJ3YkspcCozw,Grow and Glow,YouTube,https://www.youtube.com/channel/UCF1u81Z2VrkMJ3YkspcCozw,31.0,521.7,0.0247156304464131,"skincare, beauty, style","skincare, beauty, style","[""Korean Style Maggi \ud83c\udf5c\ud83d\udd25 | Viral 5-Min Recipe #shorts"", ""Pudina Chutney in 2 Minutes \ud83c\udf3f | Easy Mint Chutney Recipe | #shorts"", ""Crispy Cabbage Pakoda | Easy Indian Snack Recipe \ud83d\ude0d #shorts"", ""Butter Chicken So Creamy You\u2019ll Never Order It Again \ud83c\udf57\ud83e\uddc8 | Easy Indian Recipe #shorts"", ""This banana bread never fails \ud83c\udf4c #shorts"", ""Foxtale Super Glow Moisturiser \u2728 Lightweight Daily Glow @FoxtaleSkin #shorts"", ""You\u2019re doing skincare backwards #skincare#beauty#youtubeshorts#faceless #shorts"", ""Read this if you have acne #acne#youtubeshorts#skincare#beauty #shorts"", ""The routine that fixed my skin barrier #shorts #skincare #skinbarrier #facelesscontent"", ""How I fixed my skin barrier (Part 2) #skincare #shorts""]",Not Found,Not Found,Not Found,Not Found,Not Found,Not Found,Not Found,Not Found,Not Found,2026-01-19T17:34:48Z,42.3,FAIL,"[""followers outside configured range or unavailable"", ""last upload is older than configured activity window""]",Indian skincare routine,2026-10-01T18:04:41.424311+00:00
UC500Nilt0tnfo5pgqzbJtjA,skincare girl ,YouTube,https://www.youtube.com/channel/UC500Nilt0tnfo5pgqzbJtjA,33.0,107.75,0.0454200230149597,skincare,skincare,"[""\u0bae\u0bc1\u0b95\u0baa\u0bcd\u0baa\u0bb0\u0bc1 \u0bb5\u0ba8\u0bcd\u0ba4\u0bc1\u0bb5\u0bbf\u0b9f\u0bcd\u0b9f\u0ba4\u0bbe?!#skincareroutine #acnetreatment #acneproneskin #skincaretips #pimplefreeskin"", ""#glowingskin #skincaretips #skinwhitening #multanimitti #homeskincare #glowuptips #skincaresteps"", ""#skincareroutine #skincaretips #koreancosmetic #skincarereview #skincarechallenge #skinwhitening"", ""Basic Skin Care Products \ud83d\ude09 #skincareroutine #skincaretips #koreanskincare #indianskincare""]",Not Found,Not Found,Not Found,Not Found,Not Found,Not Found,Not Found,Not Found,Not Found,2026-09-18T14:11:01Z,61.41,FAIL,"[""followers outside configured range or unavailable"", ""insufficient fashion/beauty keyword matches""]",Indian skincare routine,2026-10-01T18:04:41.424311+00:00
UCMMSgGr3voFUqS1xYaBVaYQ,Advika Singh,YouTube,https://www.youtube.com/channel/UCMMSgGr3voFUqS1xYaBVaYQ,715000.0,380685.6,0.0303619699518091,skincare,skincare,"[""how many HOURS do I *STUDY* in a week?\ud83e\udd2f\ud83d\udcda STUDY VLOG"", ""8 HOUR EXAM VLOG\ud83d\udcdd how it REALLY went...\ud83d\ude2d"", ""#Ad #Tide SUPRISING MY MOM! (she didn\u2019t expect)\ud83d\ude33\ud83e\ude77"", ""THIS FEELING IS\u2026\ud83d\udcaa\ud83c\udffb\ud83d\udc95 #trending #shorts"", ""day before an exam- STUDY VLOG\u2b50\ufe0f| desk upgrade, crashing out, how i'm studying? \ud83d\udcda"", ""THIS QUOTE CHANGED MY LIFE\ud83e\udd79\u2764\ufe0f\u200d\ud83e\ude79"", ""AMAZON FIND *FOR STUDENTS*\ud83d\udc69\ud83c\udffb\u200d\ud83c\udf93\ud83d\udcdd #trending #shorts"", ""*UNSPONSORED* SKINCARE\u2b50\ufe0f\ud83e\uddf4 #trending #shorts"", ""STUDY VLOG\ud83d\udcdd| exam prep, productivity, study hacks, LIFE UPDATE\ud83d\udc69\ud83c\udffb\u200d\u2695\ufe0f\u2728"", ""I AM STUDYING FOR..\ud83d\ude2d\ud83d\udc69\ud83c\udffb\u200d\ud83c\udf93 #trending #shorts""]",advikasinghchauhan@gmail.com,channel description,Not Found,Not Found,Not Found,Not Found,Not Found,Not Found,Not Found,2026-09-27T12:49:00Z,52.86,FAIL,"[""followers outside configured range or unavailable"", ""insufficient fashion/beauty keyword matches""]",Indian skincare routine,2026-10-01T18:04:41.424311+00:00
UCQeXvYInJD5BrHWio83mDyA,khushi's life,YouTube,https://www.youtube.com/channel/UCQeXvYInJD5BrHWio83mDyA,83.0,1013.5,0.0165635109202614,"skincare, makeup, beauty","skincare, makeup, beauty","[""Special Coffee\u2615for my brother\u2764\ufe0f#coffee #minivlog #love #food #cooking #dailyvlog #youtubeshorts"", ""My Morning Routine\ud83c\udf38#morningroutine #minivlog #food #dailyvlog #love #youtubeshorts #adayinmylife"", ""Trying Viral maggie\ud83d\udc9b\ud83c\udf38#maggi #maggirecipe #minivlog #viral #entertainment #myfirstvlog #love #vlog"", ""Smokey eye makeup \u2728\ud83c\udf37#shortvideo #smokeyeye #trendingshorts #shortvideo"", ""\u2705How to apply foundation correctly #foundation #makeup #hack #shortvideo #viral"", ""\u2728Night skincare routine\u2728\u2764\ufe0f#skincare #shorts #youtubeshorts #shortsfeed"", ""\u2728DIY Tan removal mask at Home \u2728#skincare #diy #skincareroutine #shortvideo #viral"", ""\ud83d\udc84\""Lip Combo\""\ud83d\udc84for all Indian skintone\u2728#lipcombo #lipstick #lips #viral #views #trending"", ""\""\u20b910 vs \u20b9100 makeup \u2014 budget glow-up test! \ud83d\udc84\u2728\""#makeupchallenge #budgetbeauty #affordableproducts"", ""wedding makeup tutorial \ud83c\udf37#makeup #shortvideo #makeuptutorial #viral #ytshorts""]",Not Found,Not Found,Not Found,Not Found,Not Found,Not Found,Not Found,Not Found,Not Found,2026-10-01T12:30:04Z,56.59,FAIL,"[""followers outside configured range or unavailable""]",Indian skincare routine,2026-10-01T18:04:41.424311+00:00
UCHQGfAnSoe8xdwcne26sxmg,Juhi,YouTube,https://www.youtube.com/channel/UCHQGfAnSoe8xdwcne26sxmg,135000.0,16195.6,0.0551173234106736,"skincare, beauty, fashion, outfit, haul, style","skincare, beauty, fashion, outfit, haul, style","[""#southkorea #korea #lifeinkorea #dailyshorts #koreanlife #storytelling #dailyvlog"", ""What a slow morning in South Korea looks like \ud83c\uddf0\ud83c\uddf7\u2615\ufe0f #southkorea #coffeetime #koreancafe #koreabyme"", ""#baggyclothes #aelfriceden #outfit #oversizedfashion #tryonhaul #fashionkorea #aelfricedenfamily"", ""\ud83c\uddf0\ud83c\uddf7life of RESEARCHER in SOUTH KOREA l INDIAN girl living in KOREA #lifeinkorea #vlog"", ""Juhi is live"", ""What am I doing in South Korea? \ud83c\uddf0\ud83c\uddf7 #southkorea #korea #dailyshorts  #lifeinkorea #visitkorea"", ""#southkorea #lifeinkorea #dailyvlog #koreanlife #dailyshorts"", ""pm SKINCARE routine #koreanskincare #koreanskincareroutine #koreanglasskin #skincareroutine"", ""Korean skin treatment experience at Reberry Clinic Gangnam \u2728 #koreanglasskin #koreanskincare"", ""Juhi is live""]",jigyasajsh@gmail.com,channel description,https://www.instagram.com/jigyasa__.jd?igsh=azh4eDZvdDE2N24z,Not Found,Not Found,Not Found,Not Found,IN,Not Found,2026-09-29T15:24:07Z,79.56,FAIL,"[""followers outside configured range or unavailable""]",Indian skincare routine,2026-10-01T18:04:41.424311+00:00
UCIO1xKFtrqOC4-rZg1pFxiw,FaceIQ,YouTube,https://www.youtube.com/channel/UCIO1xKFtrqOC4-rZg1pFxiw,219000.0,96004.1,0.0324145329105513,"hair, style","hair, style","[""Reddit Is Lying to Ugly Guys About Why They Get No Matches"", ""Why Dr. Chaffee Never Eats Carbs (And Why He's Wrong)"", ""The Raw Blood & Raw Organ Diet Is Bound To Die"", ""Why I Stopped Eating Liver (Rating Raw Primal Diets)"", ""Let Me Save You From The Carnivore Eating Disorder"", ""The Only Food Tier List You Need For CLEAR SKIN"", ""FACEIQ VS THE VEGANS OF TIKTOK (3 Nutrition Debates)"", ""What Makes a Face OBJECTIVELY Attractive? (Facial Analysis)"", ""My current health protocols are the truth"", ""The Problem With Every Ray Peat Diet on TikTok""]",Not Found,Not Found,Not Found,Not Found,Not Found,Not Found,Not Found,US,Not Found,2026-09-30T22:02:36Z,67.69,FAIL,"[""followers outside configured range or unavailable"", ""country does not match configured region""]",Indian skincare routine,2026-10-01T18:04:41.424311+00:00
UCgbcZVJZsp9_PTKQ6fhwJsA,Kajal Nagpure,YouTube,https://www.youtube.com/channel/UCgbcZVJZsp9_PTKQ6fhwJsA,87.0,404.5,0.0113201446245344,"skincare, hair, grwm","skincare, hair, grwm","[""comments her mistakes #skincare #icefacial #physicalexfoliation"", ""safest and easiest way to remove face hair #faceshaving #facialhairremovalathome"", ""best antidandruff hairmask #hairmask #antidandruffmask"", ""summer face mask #skincare #summerfacemask"", ""skin reset series #skincare #skinreset #summerfacemask"", ""muhh dhona sikh lo girls #skincare #facewash"", ""GRWM for  last minute escape...let's go \ud83d\ude09"", ""Revealing all my pharmacy night skincare products  #skincare #pharmacyproducts pharmacypro"", ""the only lip scrub you need #lipscrubs #homemade hom"", ""night skincare routine when my skin broke #nightskincareroutine #healingacne""]",Not Found,Not Found,Not Found,Not Found,Not Found,Not Found,Not Found,IN,Not Found,2026-04-13T03:45:50Z,32.92,FAIL,"[""followers outside configured range or unavailable"", ""last upload is older than configured activity window""]",Indian skincare routine,2026-10-01T18:04:41.424311+00:00
UCQJknw4nxX0S7eDBgI9Go-Q,Preethaa Sekar,YouTube,https://www.youtube.com/channel/UCQJknw4nxX0S7eDBgI9Go-Q,1430.0,1474.7,0.0246288747262631,"skincare, makeup, beauty, fashion, hair, style, cosmetics","skincare, makeup, beauty, fashion, hair, style, cosmetics","[""#haircare #haircaretips #haircareroutine #haircareproducts #indianhaircare"", ""How did you like this??? #pinkmakeuptutorial #saree #sareelove #look #easy #easyeyelook"", ""#tintcosmetics#beautyproducts #swissbeauty #darkchocolate #makeup #nomakeupglow"", ""#makeup #koreanskincare #koreanmakeup #indianskinmakeup #anuakorean#beautyofjoseon"", ""#randomvlog #randomvideo #shorts #haircare #makeup #makeuptutorial #skincareroutine"", ""#youtubeshorts #makeup #skincare #haircare #haircaretips #tamilvlog"", ""#mugwort #koreanskincare #korean #skincare #acnecare #indianbeautyblogger"", ""#maybelline #maybellinereview #video #shorts #makeuptutorial #eyemakeuptutorial"", ""Everyday Office Makeup Routine for Brown Indian Skin | Easy look on acne prone skin"", ""#makeuptutorial #minimalmakeup #glam #desi #arianagrande #christmas #makeup""]",preethusekar20@gmail.com,channel description,Not Found,Not Found,Not Found,Not Found,Not Found,IN,Not Found,2026-06-23T05:30:33Z,42.24,FAIL,"[""followers outside configured range or unavailable"", ""last upload is older than configured activity window""]",Indian skincare routine,2026-10-01T18:04:41.424311+00:00
UCmGnzR379XPsDr-WqGnnqig,Swagatas Makeup Studio,YouTube,https://www.youtube.com/channel/UCmGnzR379XPsDr-WqGnnqig,58.0,87.2,0.1084537378327715,"skincare, makeup, beauty, fashion, outfit, style, cosmetics","skincare, makeup, beauty, fashion, outfit, style, cosmetics","[""TAC ayurveda company product review #TAC      #SwitchToAyurveda #TACChahteHain"", ""Recreating Kareena Smokey Eye Makeup | Evening Glam Look"", ""Neutral Glam Look || Day & Evening Makeup"", ""How to Wedding Makeup@Home during Covid | Do It Yourself Makeup"", ""Twin Glam Makeup Look || Stunning & Subtle || Swagata's Makeup Studio"", ""How to Makeup Tutorial with Cut Crease Eyes in Indian & Western Outfits"", ""How to: Indian 5 step home made skincare routine || flawless skin"", ""Easy glam eyemakeup with two shadows only"", ""Flawless Glam makeup for Naboborsho and Baisakhi"", ""Glowing makeup tutorial ||Enhance your features""]",Not Found,Not Found,Not Found,Not Found,Not Found,Not Found,Not Found,IN,Not Found,2022-07-12T13:06:45Z,60.0,FAIL,"[""followers outside configured range or unavailable"", ""last upload is older than configured activity window""]",Indian skincare routine,2026-10-01T18:04:41.424311+00:00
UCpUtNtqyGxuh3cmfSkMrJMQ,Kirah Ominique,YouTube,https://www.youtube.com/channel/UCpUtNtqyGxuh3cmfSkMrJMQ,510000.0,132291.7,0.0500894466097807,"skincare, makeup, beauty, fashion, outfit, haul, hair, style, cosmetics, grwm","skincare, makeup, beauty, fashion, outfit, haul, hair, style, cosmetics, grwm","[""PARIS VLOG : LUXURY APT + THE BEST FOOD + VINTAGE SHOPPING + JAY-Z CONCERT & MORE"", ""Lets reset | 6AM morning routine + chemical peel + anti inflammatory meals + how to reduce bloating"", ""There are brighter days ahead with the @cerave  Brightening Vitamin C cleanser!! #CeraVePartner"", ""VLOG : trip maintenance prep + hair care + anti inflammatory pasta + sushi dinner date + shopping"", ""VLOG: LA living + anti inflammatory routine+ protein banana bread + sliming my arms + hot pilates"", ""#NYXCosmeticsPartner My peach isn't the only thing that's FAT, so is my @nyxcosmetics  Fat Oil Body!"", ""VLOG: nyc living + viral spots + workout routine + clip in install + Olivia dean concert + shopping"", ""Spend the evening with me in NYC \ud83d\udec0\ud83c\udffc\ud83d\udc81\ud83c\udffd\u200d\u2640\ufe0f\u2728\ud83d\udc85\ud83c\udffe\ud83e\udee7"", ""VLOG: lets glow up + girls trip to Chicago + hot pilates + art show date + shopping & more"", ""VLOG: home shopping + anti inflammatory meals + routines + huge haul + skin care must have & more""]",Not Found,Not Found,Not Found,http://amazon.com/shop/kirahominique,Not Found,Not Found,Not Found,US,Not Found,2026-10-01T04:58:36Z,80.0,FAIL,"[""followers outside configured range or unavailable"", ""country does not match configured region""]",Indian skincare routine,2026-10-01T18:04:41.424311+00:00
UC6wHGjpynHruVFTN2yLQBgA,Saanvi's wonderland,YouTube,https://www.youtube.com/channel/UC6wHGjpynHruVFTN2yLQBgA,3110000.0,1347093.2,0.0316556553671346,Not Found,Not Found,"[""*VIRAL* SQUISHY DUMPLING UNBOXING\ud83e\udd29\u2728\ud83e\udd2f #shorts #youtubeshorts #trending"", ""MY *PENCIL CASE* TOUR AS A *10TH GRADER*\ud83e\udd29\u2728\ud83e\udd73 #shorts #youtubeshorts #trending"", ""*LAST HALF YEARLY EXAM*\ud83e\udd73\u2728\ud83e\udd29CBSE 10TH GRADER\ud83d\ude1d\ud83d\ude2d #shorts #youtubeshorts #trending"", ""*HALF YEARLY EXAM* MINI VLOG\ud83d\ude2d\ud83e\udd40CBSE 10TH GRADER #shorts #youtubeshorts #trending"", ""*RAKSHABANDHAN* MINI VLOG\ud83e\udd73\u2728\ud83e\udd29 #shorts #youtubeshorts #trending"", ""MY *EXAM* GOT *CANCELLED*\ud83d\udc80\ud83d\ude31#shorts #youtubeshorts #trending"", ""*COMPETITION* TRAVEL VLOG\ud83e\udd73\u2728\ud83e\udd29 #shorts #youtubeshorts #trending"", ""I found the PERFECT surprise for my brother\ud83e\udd29\ud83e\udd73@cadburygems #Cadburygems #Doraemon #GadgetMasti"", ""MY BIRTHDAY GIFT UNBOXING\ud83e\udd73\u2728//*Birthday Series ep-4*\ud83d\udc85\ud83c\udffb #shorts #youtubeshorts #trending"", ""I WATCHED *SPIDERMAN* MOVIE\ud83e\udd73\u2728\ud83c\udf7f #shorts #youtubeshorts #trending""]",saanvi@blubox.media,channel description,Not Found,Not Found,Not Found,Not Found,Not Found,IN,Not Found,2026-09-30T10:22:24Z,41.94,FAIL,"[""followers outside configured range or unavailable"", ""insufficient fashion/beauty keyword matches""]",Indian skincare routine,2026-10-01T18:04:41.424311+00:00
UC21xAQH-oG8WFisdf9MmCzA,Samridhi Sharma Vlogs ,YouTube,https://www.youtube.com/channel/UC21xAQH-oG8WFisdf9MmCzA,1270.0,471.3,0.0299749487339364,"skincare, makeup, beauty, outfit, hair, style, grwm","skincare, makeup, beauty, outfit, hair, style, grwm","[""\u092e\u0947\u0902 \u0914\u0930 \u092f\u0947 \u0938\u092b\u093c\u0930 \ud83d\ude0d #travel #explore #shorts #like #share #foryou #trending #safar #dailyvlog"", ""Office Mein Jaipur Fest Vibes \u2728 | A Day at Jaipur Fest \ud83d\udcab #Shorts #dailyvlog #office #job #foryou"", ""Makeup Karna Easy Hai, Samaan Pack Karna Nahi \ud83d\ude02\ud83d\udc84 | Makeup Cleanup #shorts #dailyvlog #viral #fyp"", ""Sawan Vibes \ud83d\udc99 Lehariya Look | Village Journey \ud83c\udf27\ufe0fShiv Ji Darshan \ud83d\ude4f | Mini Vlog #Shorts #dailyvlog"", ""\u2728 \u201cKhatu Shyam Ji Darshan \ud83d\ude4f\u2614 | Rainy Day, Tea & Pizza | A Perfect Evening Vlog\u2764\ufe0f#shorts #dailyvlog"", ""Rainy Morning Routine \ud83c\udf27\ufe0f | Office Ready Vlog \u2728 | Mini Daily Vlog #shorts #dailyvlog #explore #viral"", ""Easy Ponytail Hairstyle for Daily Look \ud83c\udf38 | Quick Hair Tutorial #Shorts #hairstyle #like #viral"", ""\u2728 Kanha Makeup Look \ud83d\udc99 | Janmashtami Special GRWM #shorts #makeup #viral #dailyvlog #like #share"", ""\u090f\u0915 Housewife \u0915\u0940 \u092a\u094d\u092f\u093e\u0930\u0940 \u0938\u0940 Morning \ud83c\udf38 | Mini Vlog #minivlog #explore #viral #like #share #shorts"", ""\u2728 Day Skincare Routine \ud83c\udf38 | Healthy & Glowing Skin | #Shorts #explore #skincare #viral #like #share""]",Not Found,Not Found,Not Found,Not Found,Not Found,Not Found,Not Found,Not Found,Not Found,2026-09-06T16:33:29Z,60.43,FAIL,"[""followers outside configured range or unavailable""]",Indian skincare routine,2026-10-01T18:04:41.424311+00:00
UCinL5pt_j6uCywD9cWW51Lg,Coach Tara,YouTube,https://www.youtube.com/channel/UCinL5pt_j6uCywD9cWW51Lg,25600.0,9708.0,0.0287841717255224,hair,hair,"[""Roz Khaali Pet 1 Amla | 90 Din Mein Weight Loss & Belly Fat Kam? | Vajan Kam Karne Ka Desi Tarika"", ""Quick Full Body Workout Routine | HOME WORKOUT | COACH TARA"", ""Weight Loss Ke Liye Easy Exercise Tutorials | COACH TARA"", ""\u20b915 Se Kam Mein Protein! Weight Loss Ke Liye Sabse Sasta Protein | COACH TARA #shorts"", ""Weight Loss Ke Liye Kitna Chalna Padhta Hai ? | COACH TARA"", ""Roz Khaali Pet 1 Amla | 90 Din Mein Weight Loss & Belly Fat Kam? | Vajan Kam Karne Ka Desi Tarika"", ""Amla Se Weight Loss & Belly Fat Kaise Kam Kare? | PM Modi Amla Video Reaction #shorts"", ""Amla Se Weight Loss & Belly Fat Kaise Kam Kare? | PM Modi Amla Video Reaction | COACH TARA  #shorts"", ""Ye 5 \""Healthy\"" Cheezein Aapka Wazan Badha Rahi Hain | Weight Loss Tips in Hindi | COACH TARA #shorts"", ""Ye 5 \""Healthy\"" Cheezein Aapka Wazan Badha Rahi Hain | Weight Loss Tips in Hindi | COACH TARA #shorts""]",Not Found,Not Found,Not Found,Not Found,Not Found,Not Found,Not Found,IN,Not Found,2026-09-30T15:43:52Z,72.43,FAIL,"[""insufficient fashion/beauty keyword matches""]",Indian skincare routine,2026-10-01T18:04:41.424311+00:00
UCt2zPGQIGoVIN5eQdubIdPQ,Josvita Dias,YouTube,https://www.youtube.com/channel/UCt2zPGQIGoVIN5eQdubIdPQ,382.0,1897.4,0.0118737920028176,"skincare, makeup, beauty, fashion, outfit, hair, style","skincare, makeup, beauty, fashion, outfit, hair, style","[""Welcome to Episode 1 of #CoundownToTheAisle my new white wedding series\ud83e\udd0d #bridetobe #2026bride"", ""Pack my best friends gift bag with me #giftsforher #giftideas #giftbox #giftbags #giftforher"", ""Unboxing my new bag from an Indian luxury brand\u2728 #unboxingvideo #newbag #unboxingbag #unboxingindia"", ""The Newly Launched Fenty Beauty Fine Linez Precision Gel Eyeliner in 10 shades! #fentybeauty"", ""New hair for the summer\u2600\ufe0f #transitionvideo #hairtransformation #hairhighlights #bebottrend"", ""Sharing my take on a Soft Glam Makeup Look \u2728 #softglamlook #duskyskinmakeup #makeuptutorial"", ""Every girl needs \u2018that\u2019 black dress! #fashioninspo #elegantdress #blackdress #oldmoneyaesthetic"", ""An all black outfit! #outfitideas #fashioninspo #allblackoutfit #elegantstyle #oldmoneyaesthetic"", ""Creating a Soft glam makeup look \u2728 #duskyskinmakeup #softglamlook #makeuptutorial #luxurymakeup"", ""How to layer your nighttime skincare \ud83c\udf19 #nighttimeroutine #skincareroutine #acneproneskin""]",workwithjosvi@gmail.com,channel description,https://www.instagram.com/josvitadias,Not Found,Not Found,Not Found,Not Found,Not Found,Not Found,2026-09-25T14:00:06Z,51.98,FAIL,"[""followers outside configured range or unavailable""]",Indian skincare routine,2026-10-01T18:04:41.424311+00:00
UCgCAWRDocHJD32Arh7oa9eg,Real Khushboo,YouTube,https://www.youtube.com/channel/UCgCAWRDocHJD32Arh7oa9eg,864000.0,1100914.4,0.0446531611502891,"skincare, makeup, fashion, outfit, hair, style","skincare, makeup, fashion, outfit, hair, style","[""We Selected Our Ganpati Bappa 2026 | Real Khushboo #minivlog #shorts"", ""Get Ready With Me To Select Ganpati Bappa For My Home | Real Khushboo #shorts #fashion #style"", ""Today I Went To Watch A Movie With My Friend | Real Khushboo #shorts #minivlog"", ""Rakshabandhan Celebration 2026 | Real Khushboo #minivlog #shorts"", ""Get Ready With Me For Rakshabandhan 2026 | Real Khushboo #fashion #shorts #style"", ""I Applied Press On Nails For Rakshabandhan 2026 | Real Khushboo #shorts"", ""I Went For Rakshabandhan Shopping 2026 | Real Khushboo #minivlog #shorts"", ""I Went To Get A Haircut Today | Real Khushboo #minivlog #shorts"", ""Aaj Mai Gayi Shopping Karne With Mom | Real Khushboo #minivlog #shorts"", ""Get Ready With Me For My Cousin Bhai Engagement Function | Real Khushboo #shorts""]",Not Found,Not Found,Not Found,Not Found,Not Found,Not Found,Not Found,Not Found,Not Found,2026-09-19T14:50:32Z,73.59,FAIL,"[""followers outside configured range or unavailable""]",Indian skincare routine,2026-10-01T18:04:41.424311+00:00
UCjpabfppmJaXwZfEPHWv7zw,Dr. Revati Bawa,YouTube,https://www.youtube.com/channel/UCjpabfppmJaXwZfEPHWv7zw,2110.0,576.7,0.0213651171523304,haul,haul,"[""Lesson 1 \ud83d\udd13\ud83e\udef6 #30in30days #birthdaymonth #turning30"", ""Intro #30in30days #turning30 #birthdaymonth"", ""\u2764\ufe0f"", ""A normal person\u2019s 31st vlog \ud83d\ude1c | How i spent my last day of 2024 | vlog | Indian in the U.S."", ""Tell me im not the only one\ud83e\udd23\ud83d\ude02"", ""THE WORST EXPERIENCE EVER  | American VS. Indian healthcare | 1st trimester story | pregnancy"", ""#momanddaughter duo\u2764\ufe0f My mommy is the best\ud83d\ude18\ud83d\ude18\ud83d\ude18 love you\ud83d\ude18"", ""INDIAN GIVING BIRTH IN THE U.S.\ud83c\uddfa\ud83c\uddf8 | LABOR TO JOY - THE DAY WE MET OUR BABY BOY AURELIUS"", ""LIFE UPDATE - IM A MOM NOW | A NEW ERA BEGINS | My most favorite era\ud83e\udd70"", ""HUGE SHEIN HAUL | JEWELRY \ud83d\udc8d AND SWIMWEAR \ud83d\udc59\ud83e\ude71\ud83d\udc57 HAUL""]",Not Found,Not Found,Not Found,Not Found,Not Found,Not Found,Not Found,US,Not Found,2026-06-01T16:45:32Z,27.46,FAIL,"[""followers outside configured range or unavailable"", ""insufficient fashion/beauty keyword matches"", ""last upload is older than configured activity window"", ""country does not match configured region""]",Indian skincare routine,2026-10-01T18:04:41.424311+00:00
UCGLMKic_NsR_OKcd1I1DnRQ,Essence Herbs & Beauty,YouTube,https://www.youtube.com/channel/UCGLMKic_NsR_OKcd1I1DnRQ,181.0,304.0,0.0969645705853233,"skincare, beauty, hair","skincare, beauty, hair","[""Summer Heat Survival. Best Sunscreens for Middle East, Africa & Indian Skin Types."", ""Indulge in a complete package designed to pamper yourself! (WITH ACTRESS SEEMA G NAIR)"", ""\ud83d\udcde9656260971"", ""Stop Hairloss & Regrow Your Hair Naturally."", ""Hot Oil Avocado Spa"", ""Saree folding"", ""Essence Bridal Makeover and Training Centre"", ""April 5, 2025"", ""March 24, 2025"", ""Bridal Mehendi \ud83e\udd70\ud83d\ude0d""]",Not Found,Not Found,Not Found,Not Found,Not Found,Not Found,Not Found,Not Found,Not Found,2026-04-24T16:23:10Z,60.0,FAIL,"[""followers outside configured range or unavailable"", ""last upload is older than configured activity window""]",Indian skincare routine,2026-10-01T18:04:41.424311+00:00
UC-21kQ-aCh4V0F4jGRzTdlQ,Santoor Mom Rachna ,YouTube,https://www.youtube.com/channel/UC-21kQ-aCh4V0F4jGRzTdlQ,200000.0,27042.1,0.0214376318290397,"makeup, style","makeup, style","[""Pyari si subha \u2764\ufe0f"", ""Happy daughter\u2019s day\u2764\ufe0f"", ""\u0939\u092e\u093e\u0930\u0947 \u091c\u0940\u0935\u0928 \u0915\u093e \u090f\u0915 \u0916\u093c\u0942\u092c\u0938\u0942\u0930\u0924 \ufffc \u0926\u093f\u0928 \u0906\u092a\u0915\u0947 \ufffc \u0938\u093e\u0925 \ud83e\udd79\u2764\ufe0f\ud83d\ude4f"", ""Good news \ud83d\ude0d || daily routine \u2764\ufe0f"", ""Happy Radha ashtmi \u2764\ufe0f\ud83d\ude4f"", ""Aaj banayi yummy pav bhaji \ud83d\ude0b"", ""Aaj khela bda hi mast game \ud83d\ude0d\ud83e\udd2a || gurudware me aya bda hi anand \u2764\ufe0f"", ""Dekho hamare new makeup products \ud83d\ude0d || daily routine \u2764\ufe0f"", ""Shopping day \ud83d\udecd\ufe0f\u2764\ufe0f"", ""Daily routine \u2764\ufe0f""]",Not Found,Not Found,Not Found,Not Found,Not Found,Not Found,Not Found,IN,Not Found,2026-09-30T14:03:14Z,59.78,FAIL,"[""followers outside configured range or unavailable""]",Indian skincare routine,2026-10-01T18:04:41.424311+00:00
UCuFaYqRhNx-0czscbqL98Jw,Aparna Devyal,YouTube,https://www.youtube.com/channel/UCuFaYqRhNx-0czscbqL98Jw,1540000.0,867457.1,0.0408992278905869,"style, grwm","style, grwm","[""Bringing Preity Zinta\u2019s iconic Kal Ho Naa Ho look back to life \ud83d\udcab\u2728"", ""Hamza Ali female version Dhurandhar Recreation"", ""Recreating Dhurandhar ka Hamza Ali"", ""Iam Sorry \ud83d\udc94My Last Video"", ""Theater Mai Sneak in Karne Ki Taiyaari\ud83e\udd2a"", ""But Ignoring These Laws, The Bee Flies Anyway\ud83d\udcaa\ud83c\udffd"", ""A Day In My Life + What i eat in a day."", ""A Sisters Dayout In Jammu \u2665\ufe0f"", ""Recreating Lara Croft From Tomb Raider \ud83c\udff9\ud83c\udfa5"", ""GRWM as Lara Croft from Tomb Raider""]",aparnadevyal.work@gmail.com,channel description,Not Found,Not Found,Not Found,Not Found,Not Found,IN,Not Found,2026-06-04T09:12:19Z,53.63,FAIL,"[""followers outside configured range or unavailable"", ""last upload is older than configured activity window""]",Indian skincare routine,2026-10-01T18:04:41.424311+00:00
UCNsVS4yZDrLKUw7JNc148eQ,"With Love, Sarang ♡",YouTube,https://www.youtube.com/channel/UCNsVS4yZDrLKUw7JNc148eQ,47900.0,12198.5,0.0628881629078033,outfit,outfit,"[""You\u2019re welcome #youtube #funny #recommended"", ""#shorts #youtube"", ""Thailand vlog \ud83c\uddf9\ud83c\udded BKK, Siam, Food, whimsical outfits, shopping, sightseeing & more \ud83e\udee7\ud83c\udf53"", ""#youtube #shorts #recommended"", ""#shorts #youtube #recommended #whimsical #aesthetic #foryou #homepage"", ""Had to repost on YouTube because the last one got copyrighted\ud83d\ude4f\ud83c\udffb #shorts #youtube #aesthetic"", ""Let it all go!\ud83e\udebd #whimsical #youtube #shorts #fyp #reccomended"", ""I take my celebrity crush very seriously #shorts #youtube"", ""Couldn\u2019t post the full vid on yt cuz it exceeded the limit, but full vid is ok ig! #fyp #acting"", ""Dubai vlog 02 \ud83c\udde6\ud83c\uddea | Thailand, BKK city, travel vlog, food & more\ud83e\udee7""]",withlovesarang.business@gmail.com,channel description,Not Found,Not Found,Not Found,Not Found,Not Found,Not Found,Not Found,2026-10-01T17:24:04Z,87.5,FAIL,"[""insufficient fashion/beauty keyword matches""]",Indian skincare routine,2026-10-01T18:04:41.424311+00:00
UCarA4czTgBZMSUr70GlHrMw,Tejasswi Prakash,YouTube,https://www.youtube.com/channel/UCarA4czTgBZMSUr70GlHrMw,1540000.0,463464.7,0.0243353856114285,Not Found,Not Found,"[""Tejasswi Prakash x Independence"", ""Playground Promotions Vlog @tejasswiprakash413"", ""One of the Best Contestants from Lock Upp @tejasswiprakash413"", ""My Birthday Celebration in Laughter Chef @tejasswiprakash413"", ""Exploring the Ocean in Mauritius @tejasswiprakash413 @KaranKundrraOfficial"", ""One of the Best Experience in Mauritius @tejasswiprakash413"", ""Our Romantic Date Night in Mauritius @tejasswiprakash413 @KaranKundrraOfficial"", ""Special Shira Recipe | Honest reaction @tejasswiprakash413"", ""Mumbai Traditional Fish Fest Inside Koliwada @tejasswiprakash413"", ""One of the Best Airport in the world @tejasswiprakash413 @KaranKundrraOfficial""]",tejasswi.team@gmail.com,channel description,Not Found,Not Found,Not Found,Not Found,Not Found,IN,Not Found,2026-09-12T16:19:29Z,32.81,FAIL,"[""followers outside configured range or unavailable"", ""insufficient fashion/beauty keyword matches""]",Indian skincare routine,2026-10-01T18:04:42.066322+00:00
UC4soI3xH56l4pP7yByWQyQw,Himani Sharma,YouTube,https://www.youtube.com/channel/UC4soI3xH56l4pP7yByWQyQw,455000.0,96653.6,0.0328515270708736,"makeup, fashion, style","makeup, fashion, style","[""Online *DEGREE* in India\ud83e\udd72\ud83d\udcda worth it or NOT ?? #university"", ""Trying to Survive *COLLEGE*\ud83e\udd72\ud83d\udcda|| Messed up \ud83d\udcdd\ud83d\ude2d"", ""Competitive Exam with COLLEGE??\ud83e\udd14\ud83d\udcda\ud83c\udf93 #ytshorts"", ""A Morning In My Life\u2600\ufe0f\ud83d\udc95as a *College Student* \ud83d\udcdd\ud83d\ude1b #ytshorts"", ""A Day In My Life as a *COLLEGE STUDENT*\ud83d\udcdd\ud83d\ude1b || Fell sick, classes, Shoots \ud83e\udee9\ud83d\udcda\ud83d\udc8c"", ""Things *NOT to Do Around a Girl*\u274c\ud83d\ude33 on Her PERIODS #everteen"", ""*Desk Decor*\ud83e\udd70\ud83e\ude77\ud83e\udef0Wall Decor\u2728 PART-6\u2b50\ufe0f #ytshortsvideo"", ""My Nightly \u201cGet My Life Together\u201d Routine\ud83c\udf19\ud83e\udd70\ud83d\udc8b #ytshorts"", ""Recreated Sonam Bajwa\u2019s *Wedding Makeup* look \ud83e\udd70\ud83d\udc85\ud83d\udc84 #ytshorts"", ""FIRST DAY OF COLLEGE \ud83d\udcda\ud83e\udd13 as a *2nd year* Student \ud83d\ude33\ud83d\udc69\u200d\ud83c\udfeb""]",himanisharma.inbox@gmail.com,channel description,Not Found,Not Found,Not Found,Not Found,Not Found,IN,Not Found,2026-09-30T11:55:21Z,67.77,FAIL,"[""followers outside configured range or unavailable""]",Indian skincare routine,2026-10-01T18:04:42.066322+00:00
UCbFGS5NZB0iI4eDIT_82t6Q,Sharon Verma,YouTube,https://www.youtube.com/channel/UCbFGS5NZB0iI4eDIT_82t6Q,734000.0,7153467.7,0.0326272008194574,Not Found,Not Found,"[""masti | indias got latent season 2"", ""men & gifts | sharon & naman"", ""PRESSURE | STAND-UP COMEDY BY SHARON VERMA"", ""morning person \ud83c\udf24\ufe0f | sharon & naman"", ""auto story | sharon verma"", ""PATNA VLOG \u2764\ufe0f\u2764\ufe0f | sharon verma"", ""certified showing off"", ""Fuddu controversy | sharon verma"", ""how it\u2019s going | sharon verma"", ""preparation before show""]",Not Found,Not Found,Not Found,Not Found,Not Found,Not Found,Not Found,IN,Not Found,2026-08-30T07:29:01Z,35.73,FAIL,"[""followers outside configured range or unavailable"", ""insufficient fashion/beauty keyword matches""]",Indian skincare routine,2026-10-01T18:04:42.066322+00:00
UCt3w0JBj1gniWfGqPO6soHw,Simran Mahi,YouTube,https://www.youtube.com/channel/UCt3w0JBj1gniWfGqPO6soHw,214000.0,449829.1,0.0177474067920995,"beauty, fashion, style","beauty, fashion, style","[""Revealing My Father\u2026 Finally\ud83e\udd79\u2665\ufe0f"", ""My Mother Got Married Again But\u2026\ud83d\udc94"", ""Amma aagi nodidmele, life eshtu difficult anta gottaytu \ud83d\ude02"", ""Truth or dare | Raj jothe jagla aituuu \ud83d\udc94\ud83d\ude2d"", ""Amma Emotional Adru\ud83d\ude2d\ud83d\udc94"", ""Yallrigu shock agoitu\ud83e\udd23|Ghost prank at night\ud83d\ude06"", ""Where is My Father ?Clarity\ud83d\udc94"", ""Mummy\u0c97\u0cc6 PRANK \u0cae\u0cbe\u0ca1\u0cbf\u0ca6\u0cc6\ud83d\udc94SHE STARTED CRYING!\ud83d\ude2d"", ""Marriage Date Revealed\ud83d\ude0d | Mom and Sister |"", ""Loan Agent jothe SMR ge Jagla \ud83d\ude31 | Prank on SMR\ud83d\ude02""]",simran@socialbloom.agency,channel description,Not Found,Not Found,Not Found,Not Found,Not Found,IN,Not Found,2026-10-01T05:41:16Z,57.42,FAIL,"[""followers outside configured range or unavailable""]",Indian skincare routine,2026-10-01T18:04:42.066322+00:00
UCOzVEwcVSu_2xDQFyMReDRA,Haley Kim,YouTube,https://www.youtube.com/channel/UCOzVEwcVSu_2xDQFyMReDRA,1370000.0,33390.9,0.0440353328445002,"skincare, makeup, beauty, cosmetics","skincare, makeup, beauty, cosmetics","[""makeup tips for olive skin \ud83e\uded2"", ""fall lip + blush combo \ud83c\udf42"", ""fall lip combo \ud83c\udf42"", ""no foundation drugstore makeup!"", ""The \""Anti-Blush\"" Trend Explained: My Top Recommendations!"", ""anti-blush for the olive girlies \ud83e\uded2"", ""prep your skin like a Korean MUA \ud83e\udee7"", ""fall glam makeup tips \ud83c\udf42"", ""anti-blush recs, cream version!"", ""new rhode products!""]",Not Found,Not Found,Not Found,Not Found,Not Found,Not Found,Not Found,US,Not Found,2026-10-01T13:30:34Z,75.82,FAIL,"[""followers outside configured range or unavailable"", ""country does not match configured region""]",Indian skincare routine,2026-10-01T18:04:42.066322+00:00
UC_pdSq_Ok0LplemGok4aT6Q,Affordable Pauline's Talents,YouTube,https://www.youtube.com/channel/UC_pdSq_Ok0LplemGok4aT6Q,9.0,31.2,0.0947834015351556,"skincare, makeup, beauty, style","skincare, makeup, beauty, style","[""Creamy Mediterranean Lemon & Cherry Tomato Risotto | Quick & Easy Weekday Meal"", ""Smokey Eye Makeup for Mature Skin | Easy & Affordable Step-by-Step Tutorial"", ""Natural Makeup for Mature Skin | Affordable MUA Makeup & Skincare Routine"", ""Korean Ssamjang Tofu & Veggie Noodle Stir-Fry | Easy Vegan Recipe"", ""Natural Wedding Makeup Tutorial \ud83d\udc84 | Elegant & Affordable Bridal Look with Pauline"", ""Crispy Italian Vegan Mixed Vegetable Herbed Filo Pie | Easy & Delicious Recipe"", ""Indian Chickpea, Spinach & Sweet Potato Curry  Easy 30 Minute Curry with Lemon Rice"", ""Air-Fried Peri Peri Chicken \ud83d\udd25 | Juicy, Spicy & Crispy Easy Recipe"", ""Italian Tagliatelle Salad Recipe | Easy Creamy Pasta Salad in Just 15 Minutes"", ""Italian Smoked White Fish Veggie Risotto | Creamy & Easy Restaurant Style Recipe \ud83d\udc1f""]",Not Found,Not Found,Not Found,Not Found,Not Found,Not Found,Not Found,Not Found,Not Found,2026-09-25T11:02:29Z,78.67,FAIL,"[""followers outside configured range or unavailable""]",Indian skincare routine,2026-10-01T18:04:42.066322+00:00
UCJYeygG7mJmv9B3GQzoNFCQ,Neetwo unscripted ,YouTube,https://www.youtube.com/channel/UCJYeygG7mJmv9B3GQzoNFCQ,1040.0,95.1,0.0720693704643058,skincare,skincare,"[""Mini vlog \ud83c\udf38\u2665\ufe0f\ud83e\uddff"", ""\ud83e\uddff\u2665\ufe0f"", ""A day in my life \u2026..\ud83e\uddff\u2665\ufe0f"", ""Skincare routine\u2026. #suroskie #products #sponsoredbypreview2effects"", ""Guchu pani \u2026.\u2665\ufe0f #adventure #fun #masti #deharadun"", ""\u2665\ufe0f\u2665\ufe0f"", ""\u2665\ufe0f\u2665\ufe0f"", ""Kofte recipe \u2026.\ud83d\ude0b #food #kitchen #yummy #minivlog"", ""\u2665\ufe0f\u2665\ufe0f"", ""Pahadi vibes\u2026\u2665\ufe0f""]",Not Found,Not Found,Not Found,Not Found,Not Found,Not Found,Not Found,IN,Not Found,2026-09-11T07:23:19Z,63.06,FAIL,"[""followers outside configured range or unavailable"", ""insufficient fashion/beauty keyword matches""]",Indian skincare routine,2026-10-01T18:04:42.066322+00:00
UCvikOv4ANbaAo6qZHQaWafg,Gom Yang,YouTube,https://www.youtube.com/channel/UCvikOv4ANbaAo6qZHQaWafg,407000.0,104430.5,,"fashion, style, grwm","fashion, style, grwm","[""Day-1 Farshi Salwar from Amazon\ud83e\ude75\ud83e\udeb7\ud83e\uded0#shorts #youtubeshorts #farshisalwarsuit #amazon"", ""Amazon Finds~ Short kurti \ud83e\uded0\ud83e\udeb7"", ""Life in Delhi\ud83d\udefa\ud83e\udeb7/ Swimming Classes\ud83c\udfca\ud83c\udffb\u200d\u2640\ufe0f\ud83e\uded0| pulling all nighter \ud83d\ude2d/ day out & more\ud83d\udc83\ud83c\udffb"", ""What I Eat in a Day\ud83c\udf5b\ud83c\udfca\ud83c\udffb\u200d\u2640\ufe0f #shorts #youtubeshorts #whatieatinaday #food"", ""Affordable Denim Finds\ud83d\udecd\ufe0f\ud83d\udcaf #denim #amazonfinds #affordable"", ""SOLO in Bangkok\ud83c\uddf9\ud83c\udded\ud83e\udd6f\ud83c\udf3a| Slow days\ud83c\udf75, Viral Cafe Hopping\ud83e\udd5e, Realisations & Grateful \ud83e\uddd8\ud83c\udffb\u200d\u2640\ufe0f "", ""Amazon kurti Finds\ud83e\udeb7\ud83e\udd29\ud83d\udcaf #amazama#amazonfinds zing ing"", ""I shopped my WISH LIST \ud83e\udd2d\ud83d\udecd\ufe0f| CRAZY Amazon Finds\ud83e\udd29"", ""POV: A Bagel Became a Core Memory\ud83e\udd6f\ud83c\udf75 #shorts #youtubeshorts #bangkok #solo"", ""Grwm for a Picnic \ud83e\uddfa\ud83e\uddc1\ud83c\udf80 #shorts #youtubeshorts #grwm #picnic""]",Not Found,Not Found,Not Found,Not Found,Not Found,Not Found,Not Found,Not Found,Not Found,2026-10-01T05:30:29Z,45.0,FAIL,"[""followers outside configured range or unavailable"", ""engagement rate below threshold or unavailable""]",Indian skincare routine,2026-10-01T18:04:42.066322+00:00
UC2kBDwkqiy7zgH1-M4UtUXQ,Dipika Ki Duniya,YouTube,https://www.youtube.com/channel/UC2kBDwkqiy7zgH1-M4UtUXQ,4020000.0,964997.3,0.0295919594354863,Not Found,Not Found,"[""Taarif ya Beijjati | Sabse Perfect & Easy Chicken Curry | Thank u aapsabko \u2764\ufe0f"", ""Mera Comeback \ud83e\udd79| Ammi & Mummy ki Khushi\u2764\ufe0f| Shoaib ki Sabko Warning"", ""New Saree Collection"", ""Make Kit me New Favourites\ud83d\ude0d| Vegetable Tahiri Ki easy recipe| Ruhaan ke tantrums \ud83d\ude44"", ""Itne Saalon Baad Shoot| Dar Lag raha hai \ud83d\ude48| New Chicken Gravy Recipe | Bahut Easy & Tasty \ud83d\ude0d"", ""Shoaib Ke Saath Prank Kiya \ud83d\ude48 | Chatpata Fruit Salad .. Yummm "", ""Life, Relationship ups & downs \u2026 | Zindagi Ki yahi reet hai"", ""Healthy Oats Tikki Chaat Banayee| Makhana Bhel | Kaise Hain Aaplog? "", ""New Zewar Collection"", ""My Infusion Day Routine| Eid Milad-Un-Nabi pe Ghar Sajaya ""]",Not Found,Not Found,Not Found,Not Found,Not Found,Not Found,Not Found,Not Found,Not Found,2026-10-01T16:19:55Z,40.71,FAIL,"[""followers outside configured range or unavailable"", ""insufficient fashion/beauty keyword matches""]",Indian skincare routine,2026-10-01T18:04:42.066322+00:00
UCuE0iellSbnCYEB9MihiclQ,Gunjan makeover ,YouTube,https://www.youtube.com/channel/UCuE0iellSbnCYEB9MihiclQ,60.0,826.6,0.007681226478825,"skincare, makeup, beauty","skincare, makeup, beauty","[""Caption: Bridal skin care routine \u0936\u093e\u0926\u0940 \u0938\u0947 \u092a\u0939\u0932\u0947 \u0938\u0939\u0940 skincare \u0938\u0947 \u092a\u093e\u090f\u0902 healthy, glowing\u0914\u0930beautifulskin"", ""\u0938\u0939\u0940 concealer shade \u091a\u0941\u0928\u0947\u0902 \u0914\u0930 \u092a\u093e\u090f\u0902 flawless, fresh & natural makeup look! \ud83d\udc95Fair, Medium \u092f\u093e Dark\u2014\u0905\u092a\u0928\u0940"", ""\u0917\u0940\u0932\u093e \u092f\u093e \u0938\u0942\u0916\u093e \u092c\u094d\u092f\u0942\u091f\u0940 \u092c\u094d\u0932\u0947\u0902\u0921\u0930\u0938\u0939\u0940 \u0924\u0930\u0940\u0915\u0947 \u0938\u0947 \u0907\u0938\u094d\u0924\u0947\u092e\u093e\u0932 \u0915\u0930\u0947\u0902 \u0914\u0930 \u092a\u093e\u090f\u0902 \u0938\u094d\u092e\u0942\u0926\u092b\u094d\u0932\u0949\u0932\u0947\u0938 \u092e\u0947\u0915\u0905\u092a \u092b\u093f\u0928\u093f\u0936#GunjanMakeove"", ""Makeupfixer kaunsa choose kre Kryolan yaLOr\u00e9al profsnal longlasting makeup keliye comparison dekhiye"", ""BBCrem\u092f\u093eCCCream\u0906\u092a\u0915\u0940 \u0938\u094d\u0915\u093f\u0928\u0915\u0947 \u0932\u093f\u090f \u0915\u094c\u0928\u0938\u0940 \u0938\u0939\u0940 \u0939\u0948\u091c\u093e\u0928\u093f\u090f\u0906\u0938\u093e\u0928\u0924\u0930\u0940\u0915\u0947\u0938\u0947GunjanMakeovr#BBCream #CCCream#Makeptips"", ""Bridal glow, happy heart, and a little bit of everyday magic \u2728\ud83d\udc70\ud83c\udffb\u200d\u2640\ufe0f\ud83d\udc8dLiving my beautiful bridal tips"", ""Step-by-step makeup se paaye beautiful smooth aur longlasting lookVideo ko Save &Share zaroor karein"", ""OilySkin vs DrySkinMakeup Mist, Setting Spray&Fixer \u0938\u0939\u0940 product makeup\u0915\u094b fresh\u0914\u0930 long-lasting bnaye"", ""Foundation shade guide for a perfect base! \u0938\u0939\u0940 shade \u091a\u0941\u0928\u0947\u0902 \u0914\u0930 \u092a\u093e\u090f\u0902 flawless, natural-looking makeup"", ""Fresh & Glam Makeup Look \u2728Simple makeup se paaye beautiful, elegant aur party-ready look \ud83d\udc84\ud83d\udc96""]",Not Found,Not Found,Not Found,Not Found,Not Found,Not Found,Not Found,IN,Not Found,2026-10-01T10:51:38Z,50.38,FAIL,"[""followers outside configured range or unavailable"", ""engagement rate below threshold or unavailable""]",Indian skincare routine,2026-10-01T18:04:42.066322+00:00
UC4_7Kh1iqmqwAL9ptljElJg,Dramebaaz Rakhi,YouTube,https://www.youtube.com/channel/UC4_7Kh1iqmqwAL9ptljElJg,9790000.0,16924367.4,0.0241447881680128,"beauty, hair","beauty, hair","[""Spin the wheel challenge \ud83d\udd25|#shorts #challenge"", ""I Tried Blinkit Unique Snack \ud83d\ude31|#shorts #blinkit"", ""Bhaiya ka Secret Room pakda gaya\ud83d\ude31#shorts"", ""I made chocolate modak\ud83e\udd29|#shorts#modak"", ""Ye m kaha aa gyi\ud83d\ude31|#shorts #minivlog #aboundand"", ""Bhains ki jimmedari \ud83e\udd2f|#shorts #minivlog"", ""Viral fruit icecream \ud83d\ude0c|#shorts #minivlogs"", ""Meri bhookh se ched chad\ud83d\ude24|#shorts #janmashtami"", ""Cute hair clip diy\ud83e\udd29|#shorts #diy"", ""Happy Rakhii\ud83e\udd29|#shorts #rakshabandhan""]",workwithrakhi09@gmail.com,channel description,Not Found,Not Found,Not Found,Not Found,Not Found,Not Found,Not Found,2026-09-26T12:40:26Z,60.79,FAIL,"[""followers outside configured range or unavailable""]",Indian skincare routine,2026-10-01T18:04:42.066322+00:00
UCx2JNgWJPPTBODN-U56O-tg,Komal Pandey,YouTube,https://www.youtube.com/channel/UCx2JNgWJPPTBODN-U56O-tg,1330000.0,2778395.1,0.0327166773029725,"beauty, fashion, outfit","beauty, fashion, outfit","[""bridal get ready with me \ud83e\udeb7"", ""bridal get ready with me\ud83e\udeb7"", ""\ud83d\udc8b\ud83e\ude75"", ""nayi padosan\ud83e\udd70\ud83d\udc8b"", ""hi babe"", ""what to do he was begging me"", ""Party Outfits \ud83e\udd0d\ud83e\udd70\ud83e\udef6\ud83c\udffb #chandanichowk #dance #chandichowk #fashion #shopping #fashionhacks"", ""DESI OUTFITS for the FESTIVE SEASON!\u2764\ufe0f\u200d\ud83d\udd25"", ""SHOPPING IN CHANDNI CHOWK PART-2!"", ""SHOPPING IN CHANDNI CHOWK PART-1!""]",Not Found,Not Found,Not Found,Not Found,Not Found,Not Found,Not Found,IN,Not Found,2026-01-08T06:37:10Z,47.9,FAIL,"[""followers outside configured range or unavailable"", ""last upload is older than configured activity window""]",Indian skincare routine,2026-10-01T18:04:42.066322+00:00
UCPtdPJXuOvePzy0qB4G8nqQ,GrowwithTeerath,YouTube,https://www.youtube.com/channel/UCPtdPJXuOvePzy0qB4G8nqQ,137000.0,34344.8,0.0461940201396137,Not Found,Not Found,"[""How It Started vs How It\u2019s Going"", ""6\u20193 Height Full Day of Eating | 4500 Calories"", ""Clove & Rice Water = Glow Goals \u2728"", ""Hehe"", ""Motivation reel dekhne se kux nahi hota action lene se hota hai chote\ud83d\udd25"", ""Oh legs\u2026\ud83d\udc80"", ""Limcee + Evion 400 Ka Viral Glow Hack! Sach Ya Myth?"", ""\u2026.."", ""Hehehe\ud83d\udc80"", ""Milk Se Growth Plates Band Ho Jaati Hain? \ud83d\ude33""]",teerathglowwith@gmail.com,channel description,Not Found,Not Found,Not Found,Not Found,Not Found,Not Found,Not Found,2026-09-30T13:43:09Z,52.11,FAIL,"[""followers outside configured range or unavailable"", ""insufficient fashion/beauty keyword matches""]",Indian skincare routine,2026-10-01T18:04:42.066322+00:00
UC442q-nl-dY562dps29YLAg,Irem Wlazlo,YouTube,https://www.youtube.com/channel/UC442q-nl-dY562dps29YLAg,146.0,227.8,0.0466012680355311,skincare,skincare,"[""Airfryer eggs breakfast"", ""September 17, 2022"", ""Parmak Isirtan Nohut Kofte   SD 480p"", ""Saglikli Fit Toplar"", ""Chickpea Crackers"", ""HEALTHY CHOCOLATECHIP COOKIES"", ""Zero Guilt Brownie Recipe"", ""NO FLOUR & NO SUGAR COOKIES"", ""Guilt & Gluten Free Crackers"", ""My $900 Morning Skincare""]",Not Found,Not Found,Not Found,Not Found,Not Found,Not Found,Not Found,Not Found,Not Found,2023-01-31T20:15:07Z,45.12,FAIL,"[""followers outside configured range or unavailable"", ""insufficient fashion/beauty keyword matches"", ""last upload is older than configured activity window""]",Indian skincare routine,2026-10-01T18:04:42.066322+00:00
UCUOdTQuFq4Z-36QSlWHg9Ig,The Nitesh Fitness Empire,YouTube,https://www.youtube.com/channel/UCUOdTQuFq4Z-36QSlWHg9Ig,2590000.0,43534.7,0.0515027976729108,Not Found,Not Found,"[""\u092f\u0939\u093e\u0901 \u0907\u0902\u0938\u093e\u0928 \u0924\u094b\u0921\u093c\u0947 \u091c\u093e\u0924\u0947 \u0939\u0948\u0902 #youtube #youtubevideo #workout "", ""\u0921\u0930 \u0915\u094b \u0939\u0930\u093e\u0913 #youtube #youtubeshorts"", ""yaha jawani ki kahani \u0932\u093f\u0916\u0940 \u091c\u093e\u0924\u0940 \u0939\u0948\u0902  #youtube #youtubeshorts"", ""\u092f\u0939\u093e\u0901 \u0907\u0902\u0938\u093e\u0928 \u0924\u094b\u0921\u093c\u0947 \u091c\u093e\u0924\u0947 \u0939\u0948 #youtubeshorts #youtube"", ""Fir se balwaan bano #youtube #youtubeshorts"", ""I phone 18 pro #youtube #youtubeshorts"", ""Only one #youtube #youtubeshorts"", ""Sahi gina na aaj #youtube #youtubeshorts"", ""Yaamraaj delhi #youtube #youtubeshorts"", ""Money follows my Brother #youtube #yiutubeshort #youtubeshorts""]",Not Found,Not Found,https://www.instagram.com/niteshsoniy?igsh=MXI2aHFtZnFzY3drYg==,Not Found,Not Found,Not Found,Not Found,Not Found,Not Found,2026-10-01T04:15:46Z,55.0,FAIL,"[""followers outside configured range or unavailable"", ""insufficient fashion/beauty keyword matches""]",Indian skincare routine,2026-10-01T18:04:42.066322+00:00
UC4CQZRaMK59EbY0UH6LawZw,Kum Kum Parashar,YouTube,https://www.youtube.com/channel/UC4CQZRaMK59EbY0UH6LawZw,51900.0,62057.1,0.0490927155374747,"skincare, beauty","skincare, beauty","[""50K?? Excuse me, WHAT?! \ud83d\ude2d\u2764\ufe0f #kumkumparashar #celebration #ytshorts #shorts"", ""A Lazy Sunday In 12th Grade... Should I Be Studying Hard? \ud83d\udc80#kumkumparashar #studyvlog #sunday #cozy "", ""Why Is This Dress So Ridiculously Dreamyyy \ud83d\ude2d\ud83e\udd0d #kumkumparashar #dressdesign #shorts"", ""A humble tribute to Zubeen da \ud83d\udd4a\ufe0f\u2764\ufe0f\u200d\ud83e\ude79"", ""Ignore that \u0987\u099f\u09be \ud83d\ude2d\ud83e\udd0c\ud83c\udffb #kumkumparashar #roomdecor #roommakeover #shorts"", ""Adding This To My Skincare Routine\u2728 #naturesure #skincare #softskin #facialcare"", ""I'm Doomed \ud83e\udee9 #kumkumparashar"", ""Here's My Eyeliner Tutorial \ud83d\ude2d\ud83e\ude77 #kumkumparashar #shorts"", ""Teachers' Day Celebration At Dance School \ud83c\udf1f\ud83e\ude77 # #kumkumparashar"", ""The Day Before Examination \ud83d\udcda\ud83d\ude2d\ud83d\udc94 #study #kumkumparashar ""]",Not Found,Not Found,Not Found,Not Found,Not Found,Not Found,Not Found,IN,Not Found,2026-09-27T16:08:40Z,98.48,PASS_NO_EMAIL,[],Indian skincare routine,2026-10-01T18:04:42.066322+00:00
UCsbFefxpne9aYgoQ7baNnRg,Priya and Sid,YouTube,https://www.youtube.com/channel/UCsbFefxpne9aYgoQ7baNnRg,8560000.0,1831819.5,0.0437709287329477,skincare,skincare,"[""Something very exciting! @MrBeast #hindi #flight"", ""Food and skincare  #hindi"", ""Everything I ATE in @VisitAbuDhabiChannel  this week! #InAbuDhabi #food #travel"", ""SPINNING our way through @VisitAbuDhabiChannel  my love  #InAbuDhabi"", ""\u200b@etihad September Sale is on with up to 30% off! Where are you flying to next?  #hindi #travel"", ""Visiting AMAZING places in @VisitAbuDhabiChannel with the BEST company! \ud83e\udd8b"", ""Packing for our NEXT trip in Abu Dhabi! @VisitAbuDhabiChannel   #inabudhabi  #hindi"", ""Swimming in Abu Dhabi is AMAZING above and below the sea @VisitAbuDhabiChannel #hindi  #inabudhabi"", ""PAINTING a pot plant for breakfast! #hindi #painting"", ""Have you tried HOT POT? #hindi #hotpot #food""]",Not Found,Not Found,Not Found,https://linktw.in/FmtVBx,Not Found,Not Found,Not Found,AU,Not Found,2026-09-30T09:04:26Z,62.92,FAIL,"[""followers outside configured range or unavailable"", ""insufficient fashion/beauty keyword matches"", ""country does not match configured region""]",Indian skincare routine,2026-10-01T18:04:42.066322+00:00
UCR1Jltq7vMzGQVtRd-DR5AA,NickandCarrie,YouTube,https://www.youtube.com/channel/UCR1Jltq7vMzGQVtRd-DR5AA,13100000.0,4266444.3,0.0250701368556502,Not Found,Not Found,"[""Why bugs \ud83d\udc1b are SCARY? \ud83d\ude1f  #shorts #couple #comedy"", ""Rate my Photo Idea \ud83d\udcf8\ud83d\udca1#shorts #couple #relationship"", ""Why can\u2019t she leave me ALONE \ud83d\ude33\ud83d\ude31#shorts #couple #relationship"", ""My DAD is not Happy to see me \ud83e\udd79\ud83e\udeea #shorts #couple #comedy"", ""His reaction was so innocent\ud83e\udd2d #shorts # #couple #relationship"", ""NickandCarrie is live"", ""So this is love?!\ud83e\udef0\ud83c\udffb\u2764\ufe0f #shorts #couple #relationship"", ""He\u2019s the reason we are broke\ud83d\ude35\ud83d\udcb8 #shorts #couple #relationship"", ""He had a eye on my fianc\u00e9e?!\ud83d\ude24 #shorts #couple #relationship"", ""What did I just walk into?!\ud83d\ude28 #shorts #couple #relationship""]",partnership@nickandcarrie.com,channel description,Not Found,Not Found,Not Found,Not Found,Not Found,AU,Not Found,2026-10-01T13:42:59Z,37.55,FAIL,"[""followers outside configured range or unavailable"", ""insufficient fashion/beauty keyword matches"", ""country does not match configured region""]",Indian skincare routine,2026-10-01T18:04:42.066322+00:00
UCX1tI59t6mhtb4k51vqQhVQ,Anjali Super Tips - AST,YouTube,https://www.youtube.com/channel/UCX1tI59t6mhtb4k51vqQhVQ,283.0,1453.2,0.09188164647083,"skincare, makeup, beauty, fashion, haul, hair","skincare, makeup, beauty, fashion, haul, hair","[""What I ordered v/s What I got from Urbanic| URBANIC HAUL - Try on | Honest Review| #SoUrbanic"", ""MEESHO HAUL| Meesho Saree, Tops, Essentials| Meesho Try on Haul| Affordable Haul| #Meesho"", ""Best Affordable Designer Gown Online| Sequence Gown| Velvet Gown| Ever Pretty Gowns Review| Try-on"", ""Myntra Haul| Try on Haul| Jewellery Set| Top| Jeans| Footwear| Affordable Haul| #myntra #haul"", ""Easy Night Skincare Routine| Reduces Pimples, Acne, Dark Spots and Pigmentation| Indian Skincare"", ""Meesho Haul| Meesho Saree| Meesho Sharara Set| Meesho Accessories| Meesho Online Shopping| #Meesho"", ""Best Face Masks for Clear Skin | For Pigmentation,Acne,Pores,Blackheads,Glow & More"", ""Hair Care Routine| Long, Shiny and Healthy Hair| Hair Care at home| DIY| Suitable for All Hair Type"", ""PURPLLE HAUL DIWALI SALE | HUGE SKINCARE HAUL"", ""MEESHO Designer Blouse Under Rs. 200-500 / BEST MEESHO DESIGNER BLOUSE HAUL #Meesho #blouse""]",anjalisupertips@gmail.com,channel description,Not Found,Not Found,Not Found,Not Found,Not Found,IN,Not Found,2022-02-03T09:00:08Z,60.0,FAIL,"[""followers outside configured range or unavailable"", ""last upload is older than configured activity window""]",Indian skincare routine,2026-10-01T18:04:42.066322+00:00
UCq-lZ2_dZqpw6u3nYF7SEHw,moretobhumi,YouTube,https://www.youtube.com/channel/UCq-lZ2_dZqpw6u3nYF7SEHw,109.0,1155.3,0.0271365242349235,"skincare, makeup","skincare, makeup","[""jaipur from my eyes \ud83d\udefa\ud83e\udeb7\ud83d\udc2a #jaipur #jaipurvlog #pinkcityjaipur #beautifularchitecture #royalindia"", ""me and my girls \u2b50\ufe0f #bestfriends #trending #sushi #sushilovers #asianfood #girlhood #dateideas"", ""raanjhanaa\u2764\ufe0f #sangeetdance #youtubeshorts #raanjhana  #weddingchoreography #sistersdance #dancevideo"", ""dance at my sisters wedding \u2764\ufe0f\u200d\ud83d\udd25 #radhasong #sangeetdance #bridessisterdance #weddingchoreography"", ""organise my bangles with me \ud83e\udda2\ud83e\udeb7 #chudiyan #banglecollections #oragnisebangles #jewellerycollection"", ""keep swimming \ud83c\udf0a #btsswim #btsarmy #transition #swim #btscomeback #trending #makeuplook #bts"", ""hooligan transition \ud83d\udda4\u26d3\ufe0f\u200d\ud83d\udca5\ud83d\udd2a\u2764\ufe0f\u200d\ud83d\udd25 #btsarmy #arirang #btscomeback #hooliganbts #bts #transition"", ""what\u2019s in my makeup bag ? \ud83d\udc85\ud83c\udffb #makeuppouch #whatsinmybag #makeuplover #makeupcollector"", ""BTS \ud83d\udc9c #btsarmy #arirang #btscomeback #bts #koreanmusic #loveyourself #btsedits #selflove"", ""morning skincare routine \ud83e\uddf8 #skincareroutine #indianskincare #koreanskincare #softgirl #cleangirl""]",Not Found,Not Found,Not Found,Not Found,Not Found,Not Found,Not Found,Not Found,Not Found,2026-09-19T08:47:39Z,61.33,FAIL,"[""followers outside configured range or unavailable""]",Indian skincare routine,2026-10-01T18:04:42.066322+00:00
UCq9DI1Mv2m-bCNL3tsTYRaw,Ashton Hall,YouTube,https://www.youtube.com/channel/UCq9DI1Mv2m-bCNL3tsTYRaw,5810000.0,2479697.9,0.0362488109046574,Not Found,Not Found,"[""Keep fighting."", ""September 22, 2026"", ""September 21, 2026"", ""Day 315 as a 30 year old entrepreneur (Jellyfish tank cleaning & Tennis \ud83c\udfbe)"", ""2026. 4 months left, lock in"", ""Day 2,310 as an Entrepreneur"", ""ALL IN \ud83c\udfc6 Download Linkme to join! It could change your life"", ""August 19, 2026"", ""Money means nothing without brotherhood \u2764\ufe0f"", ""The victory is behind the pain you\u2019ve been avoiding \ud83c\udfc6""]",Not Found,Not Found,Not Found,Not Found,Not Found,Not Found,Not Found,US,Not Found,2026-09-23T17:20:39Z,43.6,FAIL,"[""followers outside configured range or unavailable"", ""insufficient fashion/beauty keyword matches"", ""country does not match configured region""]",Indian skincare routine,2026-10-01T18:04:42.066322+00:00
UCvCyIiKSCA1fHKSCOKJyjXA,MostlySane,YouTube,https://www.youtube.com/channel/UCvCyIiKSCA1fHKSCOKJyjXA,7230000.0,701907.0,0.028932715096621,Not Found,Not Found,"[""Books to read before their adaptations release! | RealTalk | MostlySane "", ""chatpate transitions"", ""how to lock the f**k back in | we got this | RealTalk"", ""How to easily develop a reading habit | RealTalk | MostlySane"", ""How to stay consistent? | while I post inconsistently. lol. | Real Talk | MostlySane"", ""11:11"", ""Just\u2026 thank you. \u2665\ufe0f"", ""Good only."", ""maybe you don\u2019t got the vibe that they need today idk"", ""Putting the dumdum in tudum \ud83d\udc95""]",iammostlysane@gmail.com,channel description,Not Found,Not Found,Not Found,Not Found,Not Found,IN,Not Found,2026-09-15T14:19:50Z,36.7,FAIL,"[""followers outside configured range or unavailable"", ""insufficient fashion/beauty keyword matches""]",Indian skincare routine,2026-10-01T18:04:42.066322+00:00
UCqvPQst_TF6cI94mcZwNp-A,Goatis,YouTube,https://www.youtube.com/channel/UCqvPQst_TF6cI94mcZwNp-A,213000.0,53356.0,0.0321648175501415,Not Found,Not Found,"[""TikTok Is Every Government\u2019s Wet Dream"", ""Andrew Huberman: An Enemy of Science"", ""Pick Up Limes Is Ruining Her & Her Child's Health"", ""NatureBoy: Sentenced to Life Over Allegations"", ""TikTok Is an Echo Chamber of Delusion"", ""Emily English: Educated to Ignore Her Instincts"", ""Caving: A Hobby for Insane People"", ""How to Win Any Game"", ""All Sports Are BS"", ""TikTok: The Perfect Tool for Mass Manipulation""]",Not Found,Not Found,https://www.instagram.com/sv3rigeofficial,https://www.tiktok.com/@sv3rigeofficial,Not Found,Not Found,Not Found,DE,Not Found,2026-10-01T09:08:24Z,42.52,FAIL,"[""followers outside configured range or unavailable"", ""insufficient fashion/beauty keyword matches"", ""country does not match configured region""]",Indian skincare routine,2026-10-01T18:04:42.066322+00:00
UCPochsOENcPkpf9Cer7Vrpg,Gourmet Runway,YouTube,https://www.youtube.com/channel/UCPochsOENcPkpf9Cer7Vrpg,363.0,922.8,0.0263542585401978,"makeup, fashion, style","makeup, fashion, style","[""White Shirt and Black Bustier Magic | YouTube Shorts | Fashion Australia"", ""Vlog 17- Bangkok | Getting Drunk & Partying | Indian Vlogger"", ""Vlog 16- Leh/Ladakh | The Wedding Proposal | Indian Vlogger"", ""Vlog 15- Leh/Ladakh | My Magical Proposal Part 2 | Indian Vlogger"", ""Vlog 14- Leh/Ladakh | My Magical Proposal Part 1 | Indian Vlogger"", ""Vlog 13- A Touristy Day in Rome | Indian Vlogger"", ""Vlog 12- Eating, Shopping and Accidental Sightseeing in Florence | Indian Vlogger"", ""Vlog 11- A Shitty Day in Venice | 24 Hours in Venice  | Indian Vlogger"", ""VLOG 10- Lake Como, Milan, Italy | INDIAN VLOGGER"", ""VLOG 9- Holiday Special Milan, Italy (Part 1) | Buying My First Gucci Handbag | NDIAN VLOGGER""]",Not Found,Not Found,Not Found,Not Found,Not Found,Not Found,Not Found,IN,Not Found,2021-05-28T07:14:53Z,43.45,FAIL,"[""followers outside configured range or unavailable"", ""last upload is older than configured activity window""]",Indian skincare routine,2026-10-01T18:04:42.066322+00:00
UCtMcH1Wq4Q2au3hXUEEZnng,Arnakshi Patgiri,YouTube,https://www.youtube.com/channel/UCtMcH1Wq4Q2au3hXUEEZnng,141000.0,5767575.8,0.0396427990547194,"makeup, beauty, hair","makeup, beauty, hair","[""My Spa \ud83e\uddd6\u200d\u2640\ufe0f\u2728day at home"", ""My current lip-care obsession by The Ordinary \ud83d\udc8b\u2728"", ""Chic things I got this month \u2728\ud83c\udf37\ud83e\udef6\ud83c\udffb"", ""HUDA Beauty dupe under 300\ud83d\ude33"", ""Testing the No-Makeup Lipstick Theory with L\u2019Or\u00e9al Paris Matte Resistance Lipstick"", ""Vintage watch hunting in\ud83d\udccdLondon\ud83c\uddec\ud83c\udde7"", ""\u2728THE VIRAL KOREAN SCALP TREATMENT IS FINALLY IN INDIA! \ud83c\uddee\ud83c\uddf3"", ""A squishy toy sponge \ud83d\ude33"", ""The cutest thing I bought \ud83d\ude2d\u2764\ufe0f"", ""Indian Brands copying Korean Brands""]",Not Found,Not Found,Not Found,Not Found,Not Found,Not Found,Not Found,IN,Not Found,2026-09-22T12:55:25Z,70.75,FAIL,"[""followers outside configured range or unavailable""]",Indian skincare routine,2026-10-01T18:04:42.066322+00:00
UCZPn7UOeafPeuJNkBHSszvQ,True tales pursue ,YouTube,https://www.youtube.com/channel/UCZPn7UOeafPeuJNkBHSszvQ,7.0,31.8,0.2023011008583688,"skincare, hair, style","skincare, hair, style","[""#educationalinformation#realinfo #makegoodchoices"", ""#educationalinformation #effectivecommunication #makegoodchoices"", ""#healthtips #fishbenefits #makegoodchoices"", ""#healthylifestyle #millet's benefits #jowar #bajra#makegoodchoices"", ""#healthtips #effectivehabits \u2728"", ""# skincare routine # healthy tips#efficiency"", ""#herbal benefits #healthtips"", ""# may this be the future of our famers # the future agriculture life #agriworld"", ""# Natural skin care # the OG and effective tips of hair care # real fitness and health body tips"", ""#the OG health snacks #the healthy benefits of pulses.!!""]",Not Found,Not Found,Not Found,Not Found,Not Found,Not Found,Not Found,IS,Not Found,2026-07-29T14:05:13Z,65.78,FAIL,"[""followers outside configured range or unavailable"", ""country does not match configured region""]",Indian skincare routine,2026-10-01T18:04:42.066322+00:00
UCa2qvBIRkFvSPLvQlebCjAQ,TusharShruti Vlogs,YouTube,https://www.youtube.com/channel/UCa2qvBIRkFvSPLvQlebCjAQ,684000.0,84802.6,0.0576978226798621,"fashion, style","fashion, style","[""My Wife Slapped Me \ud83d\ude31| @tusharshrutivlogs "", ""Thailand Trip Par Wife Ka Reaction \ud83d\ude31\ud83d\ude30| @tusharshrutivlogs "", ""A little bump, a lot of emotions. #pregnancy #minivlog #ytshorts #viralvideo #trending #explore"", ""Duniya ki sabse badi khushi \ud83e\uddff\ud83d\udc7c\ud83c\udffb\ud83c\udf7c #emotional #goodnews #pregnancy #ytshorts #viral #trending"", ""Irritating My Pregnant Wife \ud83d\ude31| @tusharshrutivlogs "", ""Half me & Half you\ud83d\udc7c\ud83c\udffb\ud83e\udec2\u2665\ufe0f #emotional #pregnancy #ytshorts #viral #trending #explore #goodnews"", ""Ye Nhi Krna Chahiye Tha \ud83d\ude31| @tusharshrutivlogs "", ""Growing a little life\ud83d\udc7c\ud83c\udffb\ud83e\uddff\ud83e\udd0d #pregnancy #routine #minivlog #goodnews #ytshorts #viral #trending"", ""My Pregnant Wife Got Jealous \ud83d\ude30| @tusharshrutivlogs "", ""Raat ko Ghar Main Ghuse Chor \ud83d\ude31| @tusharshrutivlogs ""]",Not Found,Not Found,Not Found,Not Found,Not Found,Not Found,Not Found,IN,Not Found,2026-10-01T17:04:45Z,80.0,FAIL,"[""followers outside configured range or unavailable""]",Indian skincare routine,2026-10-01T18:04:42.066322+00:00
UCPBTJdx-AdNlHonR68zmStw,ChaithraTaraReddy,YouTube,https://www.youtube.com/channel/UCPBTJdx-AdNlHonR68zmStw,799000.0,550351.5,0.033219657198816,Not Found,Not Found,"[""\u0c2e\u0c39\u0c3e \u0c30\u0c3e\u0c23\u0c3f \ud83d\udc51\ud83d\ude02\ud83e\udd70 #chaithratara"", ""Sokuladi very disappointed with pant shirt \ud83d\ude02\ud83d\ude02 #chaithratara"", ""\u2764\ufe0f\u2764\ufe0f #chaithratara"", ""Naku vachu. Kani raaya \ud83d\ude02 #chaithratara"", ""Chusindi chusinattu cheppestham \ud83d\ude02\ud83d\ude0d #chaithratara"", ""Chaithra entered the stage \ud83e\udd70 #chaithratara"", ""Dance night with Tara \ud83d\ude02\ud83e\udd70 #chaithratara"", ""Im pretty sure it must be catch me buddy \ud83d\ude02 comment your thoughts \ud83d\udcad \ud83e\udd23 #chaithratara"", ""Emanna na peru atluntada?? \ud83d\ude02 #chaithratara"", ""School dumma. Chaithra as teacher \ud83d\ude02 #chaithratara""]",Not Found,Not Found,Not Found,Not Found,Not Found,Not Found,Not Found,IN,Not Found,2026-10-01T02:15:50Z,43.25,FAIL,"[""followers outside configured range or unavailable"", ""insufficient fashion/beauty keyword matches""]",Indian skincare routine,2026-10-01T18:04:42.066322+00:00
UC5zS0_6TYr17qTnvw_9vang,Allen Choudhary,YouTube,https://www.youtube.com/channel/UC5zS0_6TYr17qTnvw_9vang,4830000.0,298134.5,0.0220963884005028,"fashion, outfit, hair, grwm","fashion, outfit, hair, grwm","[""Get Ready With Me Dubai Trip \u2708\ufe0f #shorts #grwm"", ""Chips Challenge Game \ud83d\ude02\ud83e\udef5\ud83c\udffb #shorts"", ""Get Ready With Me For Date \u2764\ufe0f #shorts"", ""Get Ready With Me \u2764\ufe0f #shorts #getreadywithme"", ""Chote Vs Bade Stone Paper Scissor \ud83d\ude02 #shorts  #funny"", ""Grwm For Meeting Lgbtq Friend \ud83c\udff3\ufe0f\u200d\ud83c\udf08\ud83e\udef5\ud83c\udffb #shorts #grwm"", ""Long Hair With Beard \u274c\ud83e\udef5\ud83c\udffb #shorts"", ""Our Pet Dog \u2019s New Bed \ud83e\udef5\ud83c\udffb\ud83d\ude02 #shorts"", ""Name For Pet Dog ? \ud83d\udc36\u2b07\ufe0f #shorts"", ""First Meeting With Mom & Dad \ud83d\udc94""]",Not Found,Not Found,Not Found,Not Found,Not Found,Not Found,Not Found,IN,Not Found,2026-10-01T09:31:49Z,60.47,FAIL,"[""followers outside configured range or unavailable""]",Indian skincare routine,2026-10-01T18:04:42.066322+00:00
UC1_qJJuBUyZyIWeUtaky-GQ,Shivprizzz,YouTube,https://www.youtube.com/channel/UC1_qJJuBUyZyIWeUtaky-GQ,111000.0,126596.3,0.0307532894329316,Not Found,Not Found,"[""Breaking YT Playbutton.. Join if bored"", ""Streaming till 100k.. Join if bored"", ""SHIVPRIZZZ KOLKATA CRASH STREAM...JOIN IF YOU'RE BORED"", ""SHIVPRIZZZ KOLKATA CRASH STREAM...JOIN IF YOU'RE BORED"", ""SHIVPRIZZZ KOLKATA CRASH STREAM...JOIN IF YOU'RE BORED"", ""23 March 2026"", ""HITTING 1 MILLION at 19"", ""FAKE FANS TRY GETTING A PICTURE \ud83d\ude14\ud83d\udc94 #explore #viral #omeglelaughs #shorts"", ""Shivprizzz CAUGHT doing MAKE UP"", ""Taking over PUNE IRL STREAM...SHIVPRIZZZ""]",Not Found,Not Found,Not Found,Not Found,Not Found,Not Found,Not Found,Not Found,Not Found,2026-09-01T14:00:39Z,34.86,FAIL,"[""followers outside configured range or unavailable"", ""insufficient fashion/beauty keyword matches""]",Indian skincare routine,2026-10-01T18:04:42.066322+00:00
UCHwY7H-o_S0lvtxzXTCr5gQ,BeautDee And The Bunch Family ,YouTube,https://www.youtube.com/channel/UCHwY7H-o_S0lvtxzXTCr5gQ,2310000.0,73856.3,0.0357494599469943,"makeup, beauty, hair, style","makeup, beauty, hair, style","[""We Tried All The Fruit Riot Frozen Fruit flavors"", ""My 9 Year Old Does My Makeup"", ""Jayceon Has Picture Day | College Cheer Game For Jaelyn "", ""Get Ready With Us For A School Dance "", ""Shopping For Our Kids School Lunch For The Week "", ""Jaelyn\u2019s 1st COLLEGE Football Game "", ""Lets Make South African Chicken Curry \ud83d\ude0b"", ""Mama Of 7: Get Ready With Us For 1st Day Of School"", ""Jaelyn First Day of College | The Little's Doing Their Emergency Kits"", ""School Shopping For The Littles | BIG MISTAKE \ud83d\ude2d""]",Not Found,Not Found,Not Found,Not Found,Not Found,Not Found,Not Found,US,Not Found,2026-10-01T02:06:21Z,70.02,FAIL,"[""followers outside configured range or unavailable"", ""country does not match configured region""]",Indian skincare routine,2026-10-01T18:04:42.066322+00:00
UC175jcvU_wTkJvVcVZ60gbw,Zoya Abbas,YouTube,https://www.youtube.com/channel/UC175jcvU_wTkJvVcVZ60gbw,195000.0,55180.6,0.0358084660080992,"skincare, makeup, style","skincare, makeup, style","[""getting rid of my biggest insecurity (finally)"", ""September Review!!!"", ""a glimpse into my quarter life crisis (day in the life)"", ""Blur India honest perfume review (I tried 3 of them)"", ""my SOIE bra has always got my back!"", ""I\u2019m very intimidated at the gym"", ""cannot win with Indian moms"", ""forcing myself to be productive (gym, cleaning, studying and more)"", ""forcing a GLOW UP for the summer (+everything I do to look my best)"", ""i was NOT ready for what happened at my school (visiting my old school in patna)""]",Not Found,Not Found,Not Found,Not Found,Not Found,Not Found,Not Found,IN,Not Found,2026-10-01T09:30:31Z,70.07,FAIL,"[""followers outside configured range or unavailable""]",Indian skincare routine,2026-10-01T18:04:42.066322+00:00
UCVBkMREdKq8342WbkScme4w,Samyana Kathalu,YouTube,https://www.youtube.com/channel/UCVBkMREdKq8342WbkScme4w,708000.0,346782.8,0.0183296310789252,"fashion, style","fashion, style","[""Sandhya \u0c1a\u0c47\u0c38\u0c3f\u0c28 Mediterranean Grilled Chicken #youtubeshorts #shortaday #shortsdaily"", ""Sandhya \u0c1a\u0c47\u0c38\u0c3f\u0c28 Greek Salad & Yogurt Sauce.. #youtubeshorts #shortaday #shortsdaily"", ""\u0c05\u0c2e\u0c4d\u0c2e \u0c15\u0c4b\u0c38\u0c02 Mutton \u0c2a\u0c41\u0c32\u0c3e\u0c35\u0c4d, \u0c2e\u0c3f\u0c30\u0c2a\u0c15\u0c3e\u0c2f \u0c15\u0c4b\u0c21\u0c3f \u0c35\u0c47\u0c2a\u0c41\u0c21\u0c41 || Samyana Kathalu"", ""Sandhya \u0c1a\u0c47\u0c38\u0c3f\u0c28 Andhra \u0c2a\u0c40\u0c24\u0c32 \u0c07\u0c17\u0c41\u0c30\u0c41 #youtubeshorts #shortaday #shortsdaily"", ""Sandhya \u0c1a\u0c47\u0c38\u0c3f\u0c28 \u0c2a\u0c40\u0c24\u0c32 \u0c07\u0c17\u0c41\u0c30\u0c41.. #youtubeshorts #shortaday #shortsdaily @taptapsendapp"", ""Sandhya \u0c07\u0c02\u0c1f\u0c4d\u0c32\u0c4b \u0c24\u0c4b\u0c21\u0c41 \u0c2a\u0c46\u0c1f\u0c4d\u0c1f\u0c46 \u0c2a\u0c46\u0c30\u0c41\u0c17\u0c41.. #youtubeshorts #shortaday #shortsdaily"", ""\u0c28\u0c3e  Best Mutton Yakhni Pulao Recipe \u0c1a\u0c46\u0c2a\u0c4d\u0c24\u0c3e.. || Samyana Kathalu"", ""Sandhya \u0c15\u0c4b\u0c38\u0c02 \u0c28\u0c47\u0c28\u0c41 \u0c1a\u0c47\u0c38\u0c3f\u0c28 \u0c12\u0c15 \u0c2e\u0c02\u0c1a\u0c3f \u0c2a\u0c28\u0c3f.. #youtubeshorts #shortaday #shortsdaily"", ""Sandhya \u0c28\u0c47\u0c28\u0c41 Future \u0c17\u0c41\u0c30\u0c3f\u0c02\u0c1a\u0c3f \u0c07\u0c32\u0c3e Plan chesam #youtubeshorts #shortaday #shortsdaily"", ""Sandhya \u0c28\u0c3f \u0c05\u0c02\u0c26\u0c30\u0c41 \u0c05\u0c21\u0c3f\u0c17\u0c47 Question? #youtubeshorts #shortaday#shortsdaily""]",samyanaofficial@gmail.com,channel description,Not Found,Not Found,Not Found,Not Found,Not Found,GB,Not Found,2026-10-01T11:27:15Z,57.83,FAIL,"[""followers outside configured range or unavailable"", ""country does not match configured region""]",Indian skincare routine,2026-10-01T18:04:42.066322+00:00
UCIuYhhXA4wzNfl3wpmXUIBA,Maitreyee's Passion,YouTube,https://www.youtube.com/channel/UCIuYhhXA4wzNfl3wpmXUIBA,489000.0,42573.8,0.0251202454193834,style,style,"[""Ganpati Bappa Aagayae Ghar, Ganpati Decoration Planning & Shopping For Ganpati Festival"", ""Janmashtami Ke Liye Shopping Kiya Itna Bada Saman & Quick & Easy Dal Recipe"", ""Feeling Emotional \ud83e\udd72After A long Vacation Sweety Going Back To Hostel, Egg Biriyani Recipe Easy Quick"", ""Special Gift Layke Gayi Friend Ke Ghar\u2764\ufe0f How I Store Grocery In Beautiful Jars, Garlic Prawns Pasta"", ""Iss Weekend Yeh 2 RECIPES Zarur Try Karna Ungliya Chattae Rahenge \ud83d\ude0b Chilli Chicken & Hakka Noodles"", ""Suddenly Itna Bada SURPRISE Char Chand Laga Diya \u2764\ufe0f Veg Roll From Left Over Roti Easy & Quick"", ""Itna Bada Saubhagya Humko Mila \u2764\ufe0f Dhaba Style Masroom Paneer Recipe"", ""Mandir Cleaning, Why I Use Silk Cloth in Mandir, Perfect Filter Coffee Recipe Step By Step By SWEETY"", ""Cooking In Balcony For The 1st Time Maza Aa Gaya || Special Diner Menu, Bengali Fish Curry Recipe"", ""What A Beautiful Saree \u2764\ufe0f Iska Baat Sunke Bohat Emotional Ho Gayi So Cute\u2764\ufe0f Sweety's 1st fish curry""]",maitreyees.passion@gmail.com,channel description,Not Found,Not Found,Not Found,Not Found,Not Found,IN,Not Found,2026-09-24T08:00:19Z,48.53,FAIL,"[""followers outside configured range or unavailable"", ""insufficient fashion/beauty keyword matches""]",Indian skincare routine,2026-10-01T18:04:42.066322+00:00
UCPNNVNk2cIhbZI5RHMV078g,sahithya sudeesh vlogs,YouTube,https://www.youtube.com/channel/UCPNNVNk2cIhbZI5RHMV078g,132000.0,67910.5,0.0268367774342296,"skincare, style, grwm","skincare, style, grwm","[""GRWM in a Desi look\ud83e\udeb7\u2728 #shorts #grwm #desi #traditional #studentlife"", ""Study material for only \u20b99\ud83d\udcda\ud83d\udd25 #shorts #study #studymotivation #pw #pwshikshamohotsav"", ""CBSE Sample paper class 10th released \ud83d\ude31 #shorts #cbse #samplepaper #class10"", ""After School Skin Care\u2728\ud83c\udf80 #shorts #skincare #skincareroutine"", ""Studying Late Night from 8pm\ud83d\udcda10th grader #shorts #study #class10 #exam"", ""Studying till 12AM after school\ud83d\ude2d10th grader #shorts #study #exam #class10"", ""Completing School Notes\ud83d\udcdd10th grader #shorts #study #school #class10"", ""Desk Makeover Shopping \ud83c\udf80\u2728 #shorts #cute #shopping #miniso"", ""Last Exam over Still Studying\ud83d\ude2d10th grader #shorts #study #exam #class10"", ""Waking up at 5AM for Half yearly Exam \ud83d\ude2d\ud83d\udcdd #shorts #study #exam #class10""]",sahithyasudeeshvlogs@gmail.com,channel description,Not Found,Not Found,Not Found,Not Found,Not Found,IN,Not Found,2026-09-30T08:15:00Z,63.56,FAIL,"[""followers outside configured range or unavailable""]",Indian skincare routine,2026-10-01T18:04:42.066322+00:00
UCHRaksEiMATBSF8OwnNe_zg,Shreya Priyam Roy,YouTube,https://www.youtube.com/channel/UCHRaksEiMATBSF8OwnNe_zg,405000.0,3224185.7,0.0211187824301829,Not Found,Not Found,"[""#standupcomedy #comedy #standup"", ""#standupcomedy #standup #comedy"", ""#standupcomedy #comedy #standup #funny"", ""#comedyshorts #standupcomedy #comedy #standup #dahej"", ""#comedyshorts #standupcomedy #comedy #standup"", ""#comedyshorts #standupcomedy"", ""#comedyshorts #standupcomedy"", ""#standupcomedy #funny"", ""How I met my diamond \u2665\ufe0f"", ""2 December 2025""]",Not Found,Not Found,Not Found,Not Found,Not Found,Not Found,Not Found,IN,Not Found,2026-08-19T14:44:44Z,25.23,FAIL,"[""followers outside configured range or unavailable"", ""insufficient fashion/beauty keyword matches""]",Indian skincare routine,2026-10-01T18:04:42.066322+00:00
UCr7o0VOL6gk1Hfwrp3blLkA,Deepika Joshi,YouTube,https://www.youtube.com/channel/UCr7o0VOL6gk1Hfwrp3blLkA,110000.0,122197.9,0.0250965043859332,"skincare, hair","skincare, hair","[""Curly hair products causing hairfall? Please watch this"", ""How to use curly hair cream? [curly hair routine with truth & hair curl cream]"", ""Full curly hair routine - only KOREAN haircare at home"", ""UPDATE - Indian Curly Hair Products have changed [amazon finds]"", ""Trying MENS curly hair products on my frizzy hair [Beardo man curls]"", ""How to fix gap in curly hair? [Curly Hair Brush Tips]"", ""#AD How I color my curly hair at home | Garnier Intense Red"", ""\u092e\u0947\u0930\u093e CURLY HAIRCUT \u0915\u093f\u092f\u093e husband \u0928\u0947 \ud83d\ude2d #haircutAtHome"", ""Pati ne kiya DIY curly haircut"", ""Want curls like influencers? Follow this curl routine [Curly Hair Brush Tips]""]",desicurly.biz@gmail.com,channel description,Not Found,Not Found,Not Found,Not Found,Not Found,IN,Not Found,2026-09-30T11:53:48Z,62.35,FAIL,"[""followers outside configured range or unavailable""]",Indian skincare routine,2026-10-01T18:04:42.066322+00:00
UCa16-D97-w1kxo_JZuQDKwg,thebrowndaughter,YouTube,https://www.youtube.com/channel/UCa16-D97-w1kxo_JZuQDKwg,1030000.0,485915.0,0.0356901904059728,"makeup, outfit","makeup, outfit","[""Get ready with me for a little Pan-Asian date night \ud83c\udf5c\ud83e\udd62"", ""Weekend in Mumbai ft @mridul_sharmaa & @AanamC  | J vlog\ud83c\udf3b\ud83d\udcf8"", ""Who paid for my phone?\ud83d\ude2d\ud83d\ude02"", ""Ganpati Chaturthi Mini J vlog\ud83d\udcf8\ud83c\udf3b"", ""Shaadi shopping + Got new iPhone 18Pro - J vlog\ud83d\udcf8"", ""Unbox with me New iphone 18 pro in burgundy \ud83c\udf52"", ""A day in my life in surat \ud83c\udfe1\ud83d\udc96"", ""My dream birthday outfit from scratch \ud83d\ude2d| DIY | thebrowndaughter \ud83d\udc96\u2b50\ufe0f"", ""Let\u2019s do makeup with new products \u2b50\ufe0f\ud83d\udc96"", ""gifts I received on my 25th birthday \ud83c\udf82""]",Not Found,Not Found,Not Found,Not Found,Not Found,Not Found,Not Found,IN,Not Found,2026-09-29T15:22:56Z,69.54,FAIL,"[""followers outside configured range or unavailable""]",Indian skincare routine,2026-10-01T18:04:42.066322+00:00
UCz3yvqIpXbF8iABCQy-9LDA,Zoi's Online,YouTube,https://www.youtube.com/channel/UCz3yvqIpXbF8iABCQy-9LDA,380.0,97.2,0.1199775660471236,"skincare, hair, style","skincare, hair, style","[""Facial hair solution /laser treatment/ result /laser treatment cheaper then waxing?"", ""Whitening cream /best result"", ""My skincare routine"", ""How to cut pomegrant in a right way"", ""Coffee with only three ingredients/ cream coffee"", ""Page description"", ""Masla fish /khara masla fish"", ""ALLAHAMDULLILAH SISTER's Nikkah Done\ud83e\udd70\ud83e\udd70\ud83e\udd70"", ""Diy Bridal face mask"", ""Dhaba style daal/main g dhaaba style daal special recipe""]",Not Found,Not Found,Not Found,Not Found,Not Found,Not Found,Not Found,PK,Not Found,2020-01-09T03:12:21Z,60.0,FAIL,"[""followers outside configured range or unavailable"", ""last upload is older than configured activity window"", ""country does not match configured region""]",Indian skincare routine,2026-10-01T18:04:42.066322+00:00
UCN5qEldvasBloq7hfEm75oQ,sarorahere,YouTube,https://www.youtube.com/channel/UCN5qEldvasBloq7hfEm75oQ,2280000.0,1851704.3,0.0398535839260888,Not Found,Not Found,"[""Rita Bhonkni Ki Viral Shayri \ud83d\ude1b\ud83d\ude02\ud83d\udc80#comedy #shayri #gossip #funnyvideos #shorts #hotnews"", ""Rich Colleague Secret Santa Mein Gift Kiya ISLAND!!\ud83c\udfdd\ufe0f\ud83e\ude8e\ud83d\udc80\ud83d\ude02#rich #office #corporate #comedy #shorts"", ""Rasam Bol Kr DULHE ko Bitha Diya GADHE PR!!\ud83e\udecf\ud83d\udc80\ud83d\ude02#wedding #shaadi #comedy #funnyvideo #shorts"", ""Mummy Hui Itni Bore Ki She SOLD Papa For FUN?!\ud83d\udc80\ud83e\udd37\ud83c\udffb\u200d\u2640\ufe0f\ud83d\ude02#desimom #comedy #funnymemes #shorts"", ""Wafer Banate Hue Bann Gaya TANDOORI CAKE\ud83c\udf82\ud83d\udc80\ud83e\uddd1\ud83c\udffb\u200d\ud83c\udf73#cooking #recipe #wafer #funnyvideo #shorts"", ""Protein Ka Nahi Pta, Trauma Ismein POORA 10gm Hai\ud83d\udc80\ud83e\uddd1\ud83c\udffb\u200d\ud83c\udf73\ud83d\ude02#recipe #cooking #comedy #shorts"", ""Ai Se Pooch Kr INVENT Krdi New DISH!\ud83e\uddd1\ud83c\udffb\u200d\ud83c\udf73\ud83d\ude31\ud83d\ude02#recipe #comedy #cooking #healthy #funnyvideo #shorts"", ""Mujhe Siraf Mehngi Cheezen Pasand Aati Hain!\ud83d\ude2b\ud83d\udcb0\ud83d\ude02#expensive #rich #comedy #luxury #shortsindia"", ""Ek Dusre Ka KACHA bhi SHARE Krke Pehnte Hain!\ud83d\ude02\ud83e\ude72\ud83d\udc69\ud83c\udffb\u200d\u2764\ufe0f\u200d\ud83d\udc68\ud83c\udffb#couplecomedy #romantic #funny #shorts"", ""Bathroom Mein Sad Vibes Only\ud83d\ude2d\ud83d\udebf\ud83d\ude02#sad #crying #funnyvideos #hilarious #breakup #emotional #shorts""]",sarorahere@gmail.com,channel description,Not Found,Not Found,Not Found,Not Found,Not Found,IN,Not Found,2026-09-29T16:05:24Z,47.45,FAIL,"[""followers outside configured range or unavailable"", ""insufficient fashion/beauty keyword matches""]",Indian skincare routine,2026-10-01T18:04:42.066322+00:00
UCcCzf_nAGW4q1aiTlLLIWFA,JEORELLA,YouTube,https://www.youtube.com/channel/UCcCzf_nAGW4q1aiTlLLIWFA,877000.0,35365.0,0.0298227828211545,"beauty, fashion, haul, style","beauty, fashion, haul, style","[""back to school.. medical course reveal + workout routine !!!"", ""clean/lowtox beauty empties"", ""the best time in mexico with dji pocket 4P"", ""accidentally had the best time in MEXICO (with dji pocket 4P)"", ""go outside and romanticize your life !!!"", ""natural fiber clothes"", ""bag haul !!!"", ""me + @DJI osmo pocket 4 = best video ever !!! \u200b\u2060\u200b\u2060"", ""shopping clean finds at marshalls + travel with me to mexico !! (ft. DJI Osmo Action 6)"", ""spilling all my favorite things in a day !!!""]",mgmt@jeorella.com,channel description,https://www.instagram.com/jeorella__/,https://tiktok.com/jeorella__,Not Found,Not Found,Not Found,US,Not Found,2026-08-28T06:30:04Z,58.32,FAIL,"[""followers outside configured range or unavailable"", ""country does not match configured region""]",Indian skincare routine,2026-10-01T18:04:42.066322+00:00
UCZLnBqFqrEBA1yF0gnPdCQw,Kamini Singh,YouTube,https://www.youtube.com/channel/UCZLnBqFqrEBA1yF0gnPdCQw,795000.0,113119.2,0.0289637302489211,"makeup, beauty, fashion, style","makeup, beauty, fashion, style","[""Pita aur putra sambandh #shorts #ytshorts #trending #viral #love #bond"", ""Life ka important part? #shorts #ytshorts #trending #viral #love #bond #myntra"", ""Garden garden \u2764\ufe0f\u2764\ufe0f #shorts #ytshorts #trending #viral #love #bond #myntra"", ""Casa tupka #shorts #ytshorts #trending #viral #love #bond #yoyohoneysinghallsongs  @Y@YoYoHoneySingh"", ""\u0906\u091c \u0939\u092e \u092f\u0947\u0938\u092c \u0915\u094d\u092f\u094b\u0902 \u092c\u0924\u093e \u0930\u0939\u0947 \u0939\u0948,\u0939\u092e\u093e\u0930\u0940 life \u0915\u093e \u0905\u0939\u092e \u0939\u093f\u0938\u094d\u0938\u093e \u0939\u0948 \u0938\u092c \u0924\u0915 \u092a\u0939\u0941\u0902\u091a\u093e\u0928\u093e \u091a\u093e\u0939\u093f\u090f,\u0915\u0941\u091b \u0924\u094b \u0927\u092e\u093e\u0915\u093e \u0939\u094b\u0928\u093e \u091a\u093e\u0939\u093f\u090f"", ""Diwano se bhi diwana h \u2026. \u2764\ufe0f\u2764\ufe0f #shorts #ytshorts #trending #love #bond #special"", ""Love \u2764\ufe0f #shorts #ytshorts #trending #viral #love #bond #couplrgoals"", ""Urgent live 5:pm Order now +91 87964 94987"", ""Kaminisingh 1st sindoor look \u2764\ufe0f #shorts #ytshorts #trending #viral #love #bond #marriage #couple"", ""Shadi se pahale ki pic suit Maine khud design kr k stitch kiya h \u2764\ufe0f\u2764\ufe0f#shorts #memory #ytshorts #suit""]",-kamini.singh017@gmail.com,channel description,Not Found,Not Found,Not Found,Not Found,Not Found,IN,Not Found,2026-10-01T15:53:01Z,65.27,FAIL,"[""followers outside configured range or unavailable""]",Indian skincare routine,2026-10-01T18:04:42.066322+00:00
UCEhar5BxX2Sz7IShhnSVl7A,mylovefromkorea,YouTube,https://www.youtube.com/channel/UCEhar5BxX2Sz7IShhnSVl7A,898000.0,269031.1,0.0222640304584059,Not Found,Not Found,"[""We are united and not leaving each other again"", ""Spend a day with me in Hongcheon"", ""My Korean Husband went to India to meet my family"", ""A day in life of Indian mother in Korea \ud83c\uddee\ud83c\uddf3\u2764\ufe0f\ud83c\uddf0\ud83c\uddf7"", ""Why my Korean Husband had to go India without me \u2708\ufe0f\ud83c\uddee\ud83c\uddf3"", ""Sharing secret of Suhan\u2019s soft and hydrated skin @mamaearthindia1509"", ""Suhan wore South Indian dress for his 2nd birthday in Korea"", ""My Korean Brother in law came home and surprised us on Suhan\u2019s birthday"", ""Saddest News came before Suhan\u2019s birthday \ud83d\ude2d"", ""Suhan eats Indian food or Korean food ? ""]",neha.arora@bluboxtalents.com,channel description,https://www.instagram.com/mylovefrom_nj?igsh=MTd4MXV6MTZrMnVmbA%3D%3D&utm_source=qr,Not Found,Not Found,Not Found,Not Found,KR,Not Found,2026-10-01T06:49:00Z,35.58,FAIL,"[""followers outside configured range or unavailable"", ""insufficient fashion/beauty keyword matches"", ""country does not match configured region""]",Indian skincare routine,2026-10-01T18:04:42.066322+00:00
UCEV_GHwi7peBzCYq6P4NoIg,Mr. Faisu,YouTube,https://www.youtube.com/channel/UCEV_GHwi7peBzCYq6P4NoIg,4040000.0,97907.3,0.0553058325356059,style,style,"[""Yahan Jeetne Wala Nahi, Haarne Wala Chahiye! @MrFaisu #shorts"", ""Indian Game Show Mein Full Masti.. Sab Mast Mast Ready! @MrFaisu #shorts"", ""Indian Game Show Mein Halat Kharab! @MrFaisu #shorts"", ""Getting Ready For Indian Game Show! @MrFaisu #shorts"", ""Indian Game Show Mein Bharti, Aarush & Eisha Ke Saath Full Masti! @MrFaisu #shorts"", ""Lock Upp Mein Aarush Ka Experience.. Show mein kaun overacting kar raha tha? @MrFaisu #shorts"", ""Bharti & Harssh Ka Crazy Indian Game Show! No Script, Only Masti With Abhishek, Eisha & Aarush!"", ""Shoot Ke Baad Seedha Ghar! | #shorts @MrFaisu"", ""Itne Time Baad Saath Mein Shoot! | #shorts @MrFaisu"", ""Raat Bhar Song Promotion Shoot! | #shorts @MrFaisu""]",Not Found,Not Found,Not Found,Not Found,Not Found,Not Found,Not Found,IN,Not Found,2026-09-29T04:30:38Z,67.06,FAIL,"[""followers outside configured range or unavailable"", ""insufficient fashion/beauty keyword matches""]",Indian skincare routine,2026-10-01T18:04:42.066322+00:00
UC_vcKmg67vjMP7ciLnSxSHQ,Amit Bhadana,YouTube,https://www.youtube.com/channel/UC_vcKmg67vjMP7ciLnSxSHQ,24300000.0,3896897.0,0.031009806047522,skincare,skincare,"[""#ad SalesWoman of the year #AmitBhadana #Comedy #Sales #TrueBalance"", ""#ad future ka kuch to krna padega re babaaa!"", ""#ad Aaj Nagad Kal Udhaar.  #AmitBhadana #Comedy #Funny #Shop #Client"", ""#ad Time to switch Castrol Activ Full Synthetic se Bike smooth toh Life smooth."", ""Madam aur koi sewa mere laayak?#AmitBhadana #Comedy #Funny #Juice #Sarcasm #shorts"", ""Dhoodhiya ji.  #AmitBhadana #Comedy #Funny #Milk #Sarcasm #Police #Challan #Shorts"", ""Behen Bhai Ka Skincare #AmitBhadana #Funny #Comedy #Shorts #Sister #Brother #Gift #Rakshabandhan"", ""Ek teer do nishaane. #AmitBhadana #Shorts #Funny #Comedy"", ""Math mein baat karo tab maanu #AmitBhadana #Shorts #Funny #Comedy #English #Math"", ""Behen meri bholi hai thodi. #AmitBhadana #Funny #Comedy #Brother #Sister #Shorts""]",amit.bhadana@clout.pocketaces.in,channel description,Not Found,Not Found,Not Found,Not Found,Not Found,IN,Not Found,2026-08-19T10:00:44Z,44.65,FAIL,"[""followers outside configured range or unavailable"", ""insufficient fashion/beauty keyword matches""]",Indian skincare routine,2026-10-01T18:04:42.066322+00:00
UC96vKi40Um2TkMvN_uCAyHg,Happy Home Happy Life,YouTube,https://www.youtube.com/channel/UC96vKi40Um2TkMvN_uCAyHg,180000.0,108559.0,0.0168921140439667,"beauty, haul, hair, style","beauty, haul, hair, style","[""Decorating for Fall I Living Room and Kitchen Styling I Baking Dessert I Nature walk I cozy Day"", ""My Slow but Productive Morning Routine | Healthy Breakfast, Lunch Box & Peaceful Homemaking"", ""IKEA Shop with me I My Crockery Collection from IKEA I Kitchen and Home decor finds"", ""Weekend Costco Shopping I Meal Prep - Quick and Easy Ingredient Prep"", ""Cooking Delicious Food with Garden Vegetables | Joy of Homemaking I Last Harvesting"", ""11 Kitchen & Home decor products | Stylish and Affordable Ideas to decorate and organize your Home"", ""Simple Meal Prep for Busy Mornings | School Lunchbox, Breakfast & Baked Snacks I Millet Idli Batter"", ""A Slow Homemaking Day | Homemade Hair Oil, Indian Grocery Store I Organizing and Decluttering"", ""Cooking Delicious Street Style Dinner - Busy but Interesting Day in my Life I Homemaking Diaries"", ""Sunday Full House Reset I Kitchen Cleaning Tips I How I Keep My Home Clean & Peaceful Without Stress""]",kumarsuchi9@gmail.com,channel description,Not Found,https://suchihappyhome.com,Not Found,Not Found,Not Found,CA,Not Found,2026-09-29T03:30:52Z,56.38,FAIL,"[""followers outside configured range or unavailable"", ""country does not match configured region""]",Indian skincare routine,2026-10-01T18:04:42.066322+00:00
UCGQybUs7AFZCC2AFTV02RiQ,Neelam Kothari,YouTube,https://www.youtube.com/channel/UCGQybUs7AFZCC2AFTV02RiQ,78100.0,40843.7,0.0177489198982342,"fashion, style","fashion, style","[""Come With Me To Mussoorie! Digital Detox With Seema, Massages & 100% Relaxation At Six Senses Vana!"", ""Seema Ne Phir Tod Di Instructions.. No Body Cream Bola Tha! @NeelamKothari #shorts"", ""Pole Dance Karne Gayi Thi.. Par Haalat Kharab Ho Gayi! @NeelamKothari #shorts"", ""Pole Dance Mein Bas Dekhna Easy Tha.. Karna Nahi! @NeelamKothari #shorts"", ""Pole Dancing Ka Pehla Experience! Mera & Seema Ki Hawa Tight \ud83d\ude02@NeelamKothari #shorts"", ""Pole Dancing Ke Pehle Step Mein Hi Haalat Kharab! \ud83d\ude02 @NeelamKothari #shorts"", ""Ek Simple Pole Move Bana Sabse Mushkil! The Seema & Neelam Show \ud83d\ude02@NeelamKothari #shorts"", ""Seema Ke Saath Pole Dancing! Bones Cracked, Our Spirit Didn't! The Seema & Neelam Show!"", ""The Seema & Neelam Show Is Coming! Tomorrow At 2 PM! Tuesdays Just Got More Fun! #shorts"", ""Bathroom No. 4 Is Finally Taking Shape! | #shorts @NeelamKothari""]",neelam.kothari@qyuki.com,channel description,https://www.instagram.com/neelamkotharisoni/,https://www.facebook.com/neelamkotharisoni999/,Not Found,Not Found,Not Found,IN,Not Found,2026-10-01T07:45:15Z,77.42,PASS,[],Indian skincare routine,2026-10-01T18:04:42.066322+00:00
UCCnMZHIlExevrmTOm0CqOSw,Kratika Moyal EXTRA,YouTube,https://www.youtube.com/channel/UCCnMZHIlExevrmTOm0CqOSw,3010000.0,7661570.7,0.02438044469871,Not Found,Not Found,"[""Girls in Indian Family \ud83d\ude2d\ud83e\udd23\ud83e\udd0c\ud83c\udffb #shorts"", ""My Mood Swings be like \ud83d\ude2d\ud83e\udd23\ud83e\udd0c\ud83c\udffb #shorts"", ""Others VS Me \ud83e\udd23\ud83e\udd0c\ud83c\udffb #shorts"", ""Ganesh Visarjan Mini Vlog \ud83d\ude2d\u2764\ufe0f\ud83e\udd0c\ud83c\udffb #shorts"", ""Ladai me Aura -9999 ho gaya \ud83d\ude2d\ud83e\udd0c\ud83c\udffb #shorts"", ""That one day when you skip school \ud83d\ude2d\ud83e\udd0c\ud83c\udffb #shorts"", ""Cheating karti hai mummy \ud83d\ude2d\ud83e\udd23\ud83e\udd0c\ud83c\udffb #shorts"", ""Indian Moms when its your birthday \ud83d\ude0d\ud83e\udd23\ud83e\udd0c\ud83c\udffb #shorts"", ""Me on Ganesh Chaturthi \ud83d\ude0d\ud83e\udd23\ud83e\udd0c\ud83c\udffb #shorts"", ""I do this everytime \ud83e\udd23\ud83e\udd0c\ud83c\udffb #shorts""]",kratikaworkmail@gmail.com,channel description,Not Found,Not Found,Not Found,Not Found,Not Found,Not Found,Not Found,2026-10-01T16:00:26Z,37.07,FAIL,"[""followers outside configured range or unavailable"", ""insufficient fashion/beauty keyword matches""]",Indian skincare routine,2026-10-01T18:04:42.587043+00:00
UCG6JaN60ZwTEPk3rE8Sjq_w,Sobia Fatima,YouTube,https://www.youtube.com/channel/UCG6JaN60ZwTEPk3rE8Sjq_w,294000.0,28554.2,0.0201282665863514,hair,hair,"[""My Honest Hair Care Routine as a Dermat Resident | Dr Sobia"", ""Pgs after getting their Stipend \ud83d\ude02\u2764\ufe0f | Ameeri at Peak | Dr Sobia"", ""ALL YOUR QUESTIONS ANSWERED! \ud83d\ude31 | NEET UG & PG , Studies related Q/A Session | Dr. Sobia Fatima"", ""That Eye Contact \ud83e\udd2d\u2764\ufe0f | Dr Sobia Wedding"", ""Facewashes and Cleansers I used as a Bride to be in my Daily Life (Dermat Edition) | Dr Sobia"", ""Treating Tinea Patients in OPD | OPD Diaries | Dr Sobia"", ""My 10 Kgs Weight Loss Journey from 64 kgs to 54.4 kgs as a Bride to be \ud83d\ude31\ud83e\udd73\u2764\ufe0f | Dr Sobia Fatima "", ""1st Year Residency and Shadi \ud83d\ude01\ud83d\ude05 | Dr Sobia"", ""Himachal Mini Vlog Day-7 with My Husband | Last Vlog | Allure Grand Hotel Manali | Dr Sobia"", ""NEET PG Aspirants ka Dukh and NEET PG 2026 Result | Dr Sobia""]",sobia@blutribe.space,channel description,Not Found,Not Found,Not Found,Not Found,Not Found,IN,Not Found,2026-09-29T10:30:35Z,46.15,FAIL,"[""followers outside configured range or unavailable"", ""insufficient fashion/beauty keyword matches""]",Indian skincare routine,2026-10-01T18:04:42.587043+00:00
UCaqzi6mI23O4jiwanVilz8Q,homemaker amina,YouTube,https://www.youtube.com/channel/UCaqzi6mI23O4jiwanVilz8Q,249000.0,73462.8,0.0260909862007546,Not Found,Not Found,"[""We Really Needed This Break\u2026 \u2764\ufe0f | A Much-Needed Family Vacation \u2708\ufe0f"", ""8 Perfect BREAKFAST !! You\u2019ll want every Morning \ud83e\udd6aEASY & QUICK Sliced *BREAD* Recipe "", ""Dinner preparation #shorts #familyvlog"", ""A perfect morning 6:00 am #morning #breakfast #food #minivlog"", ""Evening Time at home \u2728 #familyvlog #minivlog"", ""How I Spend Quality TIME with *KIDS while COOKING ~ EASY SNACKS for KIDS"", ""PREPARING A BIG : PAKISTANI DAWAT *ALONE for 35 People \ud83e\udd58 BEST Menu, Tips & Mistakes to Avoid"", ""My REALISTIC Full DAY Routine with *KIDS ~ HOW to make KIDS BUSY \ud83c\udf31simple & easy meals"", "" Last Day in my VILLAGE \ud83e\udd7a #gilgitbaltistan #villagelife "", ""SUMMER ROUTINE in countrside\u2600\ufe0fDifficulties that we face here \ud83c\udf3f""]",Not Found,Not Found,Not Found,Not Found,Not Found,Not Found,Not Found,US,Not Found,2026-09-30T16:37:43Z,38.04,FAIL,"[""followers outside configured range or unavailable"", ""insufficient fashion/beauty keyword matches"", ""country does not match configured region""]",Indian skincare routine,2026-10-01T18:04:42.587043+00:00
UC9vQOH8HSkdpNI8AYYbdnDA,Sky Girl Diaries,YouTube,https://www.youtube.com/channel/UC9vQOH8HSkdpNI8AYYbdnDA,123.0,21.1,0.2456671223513328,"skincare, makeup, beauty, style","skincare, makeup, beauty, style","[""Mere gallery ke andar kya hai? Aaj main aapko dikha rahi hoon!#virel #dailyvlog"", ""London nights & dream-come-true vibes \u2728\ud83c\uddec\ud83c\udde7 #viral #dailyvlog #travel #minivlog #tranding #london"", ""Jab nature aur tech ka milan hota hai, toh asli jadoo hota hai! #viral #dailyvlog # #minivlog #fyp"", ""Want that natural air hostess glow?  This is my daily morning hack! No bloating, just pure energy."", ""finally Stepping Out! Guess My  place!\ud83d\udcf8#trading #travel #vireal"", ""Bestie ne kar diya surprise! \ud83d\udc96 Reaction toh banta hai! \ud83d\ude0d Watch till the end. #viral"", ""Jab yaad aayi un purane yaaron ki, toh ban gayi thali dosti ke naam!"", ""My off-day vibe! #viral #tranding #dailyvlog #instagram #healthylifestyle #health #morning #fyp"", ""\u200bThe reality of cabin crew life: Stubborn mornings, limited breakfast, and pre-flight noodles. \ud83e\udd2b\u2708\ufe0f"", ""A message to my future kids \ud83d\udc8c#viral #travel #instagram #tranding #minivlog #vlog""]",ms.airhostess@gmail.com,channel description,Not Found,Not Found,Not Found,Not Found,Not Found,IN,Not Found,2026-08-21T13:23:34Z,70.89,FAIL,"[""followers outside configured range or unavailable""]",Indian skincare routine,2026-10-01T18:04:42.587043+00:00
UCV3H8G0CVoLFiEsovzkTEVw,Color with Enam,YouTube,https://www.youtube.com/channel/UCV3H8G0CVoLFiEsovzkTEVw,218.0,5.5,0.2916666666666666,Not Found,Not Found,"[""Magic Candy Surprise! \ud83c\udf6d\ud83c\udf6c | Fun Colors for Kids \ud83c\udf08"", ""Magic Color Surprise! \ud83c\udf08\u2728 | Learn Colors for Kids""]",Not Found,Not Found,Not Found,Not Found,Not Found,Not Found,Not Found,IN,Not Found,2026-10-01T12:55:55Z,55.0,FAIL,"[""followers outside configured range or unavailable"", ""insufficient fashion/beauty keyword matches""]",Indian skincare routine,2026-10-01T18:04:42.587043+00:00
UChUJbP5pivwW9wuJecKAADg,Alanna & Ivor,YouTube,https://www.youtube.com/channel/UChUJbP5pivwW9wuJecKAADg,1990000.0,1357358.6,0.0180500563583117,Not Found,Not Found,"[""Telling our family!"", ""Watch till the end to see what we got \ud83d\ude02"", ""It\u2019s gonna be this x2 soon \ud83d\ude02"", ""Boy or Girl? Our Gender Reveal & Family Reactions"", ""Celebrating Rakhi with my Family!"", ""Professional modak thief"", ""Happy Ganesh Chaturthi!"", ""Memories like this\u2026"", ""Our Last Trip as a Family of 3"", ""After a stressful day of playing all day""]",Not Found,Not Found,Not Found,Not Found,Not Found,Not Found,Not Found,Not Found,en,2026-10-01T11:39:18Z,32.64,FAIL,"[""followers outside configured range or unavailable"", ""insufficient fashion/beauty keyword matches""]",Indian skincare routine,2026-10-01T18:04:42.587043+00:00
UCxvUED41noBxVIYWAvddytw,Professional Makeup Artist. Aman Kaur ,YouTube,https://www.youtube.com/channel/UCxvUED41noBxVIYWAvddytw,105.0,2876.0,0.0142809170802144,"skincare, makeup, beauty, hair, style","skincare, makeup, beauty, hair, style","[""Comment for wax # #song #viralvideo #beautiful #shortvideo #youtubeshorts #beautytreatment #video"", ""Eyebrow shape and transformation #punjabi #viral #india #shortvideo #song #beautiful #short"", ""Punjabi braidal look #viralvideo #beautiful   #akeup #punjabimusic  #punjabi #song sri Ganganagar\ud83d\udccd"", ""Full leg waxing #youtube #shortvideo #youtubeshorts #video #lwaxing #vairalvideo Sri Ganganagar"", ""BABY HAIRCUT TRNSFORMATIO .cute and stylish one length + front leyer #baby #cutebaby #haircare #cut"", ""Indian braidal makeup and hair style #makeup #indian #hairstyle #beautiful #viral #viralvideo"", ""Punjabi braidal look #Punjabi #song #youtubeshorts #nature #song #viralvideo #punjabi #makeup"", ""Hum  vairal kyu nhi hoteh \ud83d\ude02\ud83e\udd23 #facewax #body #bikeride #trending #viralvideo Sri Ganganagar\ud83d\udccd"", ""Facial expressions and body positioning skin care routine.#facial # #beautytreatment"", ""#Facial #SkinCare #GlowingSkin #BeautyTreatment   #BeautyReels #Shorts #SriGanganagar 7studio Salon""]",Not Found,Not Found,Not Found,Not Found,Not Found,Not Found,Not Found,Not Found,Not Found,2026-09-30T01:23:58Z,54.77,FAIL,"[""followers outside configured range or unavailable""]",Indian skincare routine,2026-10-01T18:04:42.587043+00:00
UCaQyj3awY3ffqG1KlKVWR5Q,Hassu,YouTube,https://www.youtube.com/channel/UCaQyj3awY3ffqG1KlKVWR5Q,5470000.0,340393.2,0.0427882566835907,Not Found,Not Found,"[""Creepy student in Savadhan India Pt-3 | Hassu @U@UnfilteredlifeWithBhumi"", ""Gallery full, storage full, patience bhi full \ud83d\ude24Ab upgrade hi ek raasta hai. Sale starts 8th Oct"", ""That one aunty who compares you with her son \ud83d\udc76\ud83c\udffb\ud83e\udd72 | Hassu"", ""We all have that one cousin \ud83d\ude02 | Hassu #comedy"", ""Every Indian mom & son ever \ud83d\udc80 | Hassu #comedy"", ""Average Indian Dadi Be Like \ud83d\udc75\ud83c\udffb\ud83e\udd72 | Hassu #comedy"", ""I phone in 2050 \ud83e\udd72\ud83d\ude02 | Hassu #comedy"", ""24 HOURS HANDCUFFED PRANK \ud83d\ude31 | We Couldn\u2019t Escape! | Hassu"", ""I Pranked Bhumi With a Fake Lizard \ud83d\ude31\ud83d\ude02 | Her Reaction Was HILARIOUS!"", ""    I Asked for FREE FOOD Using My Subscribers! \ud83d\ude31\ud83e\udd24""]",hassupromotion@gmail.com,channel description,Not Found,Not Found,Not Found,Not Found,Not Found,IN,hi,2026-09-30T08:49:28Z,49.73,FAIL,"[""followers outside configured range or unavailable"", ""insufficient fashion/beauty keyword matches"", ""language does not match configured language""]",Indian skincare routine,2026-10-01T18:04:42.587043+00:00
UC6aNRjGv92201YUAL0oirvQ,𝐒𝐡𝐫𝐮𝐯𝐢𝐢𝐢 💗,YouTube,https://www.youtube.com/channel/UC6aNRjGv92201YUAL0oirvQ,27.0,1393.2,0.0222137020181362,"skincare, beauty, fashion, outfit, haul, style","skincare, beauty, fashion, outfit, haul, style","[""#astheticvibes #girlglow #glow #shorts"", ""#astheticstyle #girlsroutine #beautyideas #shortvideo"", ""skincare products \ud83d\udc8c#skincareroutine #skincare #glowup #subscribe"", ""pinterest Bangles \ud83d\udc95#bangles_collection #girls #fashionstyle"", ""Top 10 lehenga for girls \ud83d\udc95#weddingoutfit #traditional #girloutfits #lehengalove"", ""Indian Girls Fashion #viral #shorts #fashion #aesthetic"", ""17 types of top \ud83d\udc97 #topfashionstyle #trending #top #girlsfashion"", ""#meeshohaul #dresses #cutedress #fashionstyle"", ""meesho pinterest tshirt under budget #meeshohaul #trendyfashion #tshirts"", ""Instagram story ideas on Saree look \ud83d\udc95 #storyideasforinstagram #sareelove""]",Not Found,Not Found,Not Found,Not Found,Not Found,Not Found,Not Found,Not Found,Not Found,2026-10-01T09:26:37Z,60.55,FAIL,"[""followers outside configured range or unavailable""]",Indian skincare routine,2026-10-01T18:04:42.587043+00:00
UCoKJEWNZB8VxqrRLpguujGA,Ashana Sule,YouTube,https://www.youtube.com/channel/UCoKJEWNZB8VxqrRLpguujGA,275000.0,84248.3,0.0259933733320418,"makeup, beauty","makeup, beauty","[""I Let My Loved Ones Control My Life For 24 Hours"", ""I Ate Indian Food With a Stranger for 24 Hours "", ""My Birthday vlog + week in my life!"", ""Vlog | falling in love with life again (new people, world cup & nyc) "", ""Moving to India? Going on a date | New York Vlog"", ""Productive Days, Advice & Shopping | Vlog "", ""I\u2019m single | Life lately & moving forward \ud83e\udd0d"", ""Getting my life together: selfcare, drive w nani? work, advice, cooking etc."", ""Flying to visit my sister + Mom Got a Tattoo! Family Time & NYC Christmas"", ""Mom Visits Me for the First Time! (NYC VLOG)""]",Not Found,Not Found,Not Found,Not Found,Not Found,Not Found,Not Found,Not Found,Not Found,2026-09-14T06:30:11Z,59.42,FAIL,"[""followers outside configured range or unavailable""]",Indian skincare routine,2026-10-01T18:04:42.587043+00:00
UCOPUVhoOPPkrHKkyn6BgPEg,Dessertsoul_xthetics,YouTube,https://www.youtube.com/channel/UCOPUVhoOPPkrHKkyn6BgPEg,26.0,722.7,0.0342494007756559,Not Found,Not Found,"[""\u26a1 #youtubeshorts #aesthetic #trendingshorts #editzzz"", ""us for sure \ud83d\ude0f\ud83d\ude1c\ud83d\ude04 #youtubeshorts #aesthetic #trendingshorts #editzzz"", ""The Best class #youtubeshorts #aesthetic #trendingshorts #editzzz"", ""Doraemon \ud83d\udc96\ud83e\udd17 #youtubeshorts #aesthetic #trendingshorts #editzzz #love #doraemon"", ""My group \ud83d\udc85\ud83d\ude1c #youtubeshorts #aesthetic #trendingshorts #editzzz"", ""\""I could never say no to gifts like these!\"" #youtubeshorts #aesthetic #editzzz"", ""peace \ud83d\ude0c #youtubeshorts #aesthetic #trendingshorts #love #editzzz"", ""happy Daughters day \ud83d\udc96\ud83d\udc96 #youtubeshorts #aesthetic #trendingshorts #editzzz"", ""Toppers to Bach jayenge \ud83d\ude00 #youtubeshorts #aesthetic #trendingshorts"", ""Earth \u2764\ufe0f Jupiter #youtubeshorts #youtube""]",Not Found,Not Found,Not Found,Not Found,Not Found,Not Found,Not Found,IN,Not Found,2026-10-01T16:40:12Z,43.97,FAIL,"[""followers outside configured range or unavailable"", ""insufficient fashion/beauty keyword matches""]",Indian skincare routine,2026-10-01T18:04:42.587043+00:00
UCu6eDhSb-UJq7_vLgKe4vHw,Agnit Shorts,YouTube,https://www.youtube.com/channel/UCu6eDhSb-UJq7_vLgKe4vHw,11200000.0,8391705.7,0.024036099271163,"makeup, hair","makeup, hair","[""I Explored Viral Unique Cafes"", ""Living like 1900s for 24 hours"", ""Whatever You Draw I\u2019ll Buy"", ""Asking Strangers to do their Makeup"", ""Asking Random People to Clean Their House !"", ""I Tested Viral Youtube Videos !"", ""Spiciest Noodles Ever !"", ""Profit From 5 Star Hotel ?"", ""I Became A Fake Food Vlogger \""Gone Wrong\"""", ""I Bought The World's Largest Mystery Box! (\u20b91,00,000)""]",Not Found,Not Found,Not Found,Not Found,Not Found,Not Found,Not Found,IN,Not Found,2026-09-29T04:30:06Z,61.38,FAIL,"[""followers outside configured range or unavailable""]",Indian skincare routine,2026-10-01T18:04:42.587043+00:00
UCJLNnDzYxPkI66-C78a93Ew,The Aspiring Banker,YouTube,https://www.youtube.com/channel/UCJLNnDzYxPkI66-C78a93Ew,4.0,70.4,0.1447826904801175,skincare,skincare,"[""Banking Current Affairs 1st October 2026.   #banking #bankingexams #currentaffairs #dailyshorts"", ""Banking Current Affairs 30th September 2026 #news #banking #currentaffairs #rbi  #dailyshorts #fyp"", ""Foxtale sale                             #reels #youtubeshorts #foxtale #skincare #productreview"", ""MahaShivratri #reels #youtubeshorts #mahadev #shivshakti"", ""Write you own destiny \u270d\ud83c\udffb\ud83e\uddff.  #reels #shortvideo #youtubeshorts #destiny #lifelessons #motivation"", ""\u0938\u092c \u0938\u0941\u0916 \u0932\u0939\u0948 \u0924\u0941\u092e\u094d\u0939\u093e\u0930\u0940 \u0938\u0930\u0928\u093e,    \u0924\u0941\u092e \u0930\u0915\u094d\u0937\u0915 \u0915\u093e\u0939\u0942 \u0915\u094b \u0921\u0930\u0928\u093e\u0964\u0964   \u0965 \u0950 \u0939\u0928\u0941\u092e\u0902\u0924\u093e\u092f \u0928\u092e\u0903 \u0965 #divine #hanuman #reels"", ""\u0950 \u0910\u0902 \u0938\u0930\u0938\u094d\u0935\u0924\u094d\u092f\u0948 \u0928\u092e\u0903.         #vasantpanchami #youtubeshorts #reels #rxplorepage"", ""\u091c\u094d\u091e\u093e\u0928 \u0915\u0940 \u0926\u0947\u0935\u0940, \u092e\u093e\u0902 \u0938\u0930\u0938\u094d\u0935\u0924\u0940 \u0915\u093e \u0906\u0936\u0940\u0930\u094d\u0935\u093e\u0926 \u0939\u094b \u0938\u0926\u093e Happy Saraswati Puja 2026 #saraswati #vasantpanchami"", ""#youtubeshorts #mahadev #faith #reels #nature"", ""*\u0907\u0924\u0928\u0947 \u0927\u0948\u0930\u094d\u092f\u0935\u093e\u0928 \u092c\u0928\u094b \u0915\u093f \u0924\u0941\u092e \u0905\u092a\u0928\u0947 \u092e\u093e\u0930\u094d\u0917 \u0938\u0947 \u0921\u0917\u092e\u0917\u093e\u0913 \u0928\u0939\u0940\u0902* \ud83d\ude47\u200d\u2642\ufe0f#viral  #viralshorts #premanandjimaharaj""]",Not Found,Not Found,Not Found,Not Found,Not Found,Not Found,Not Found,Not Found,Not Found,2026-10-01T13:46:30Z,67.5,FAIL,"[""followers outside configured range or unavailable"", ""insufficient fashion/beauty keyword matches""]",Indian skincare routine,2026-10-01T18:04:42.587043+00:00
UCBcfwbVRRtRMadt6l3gUCCQ,kishumakeupandlifestyle,YouTube,https://www.youtube.com/channel/UCBcfwbVRRtRMadt6l3gUCCQ,12.0,108.6,0.0791555886083438,"makeup, beauty, style","makeup, beauty, style","[""My Clothes collection"", ""My dress collection part 1"", ""29 September 2026"", ""29 September 2026"", ""29 September 2026"", ""My makeup collection "", ""28 September 2026"", ""28 September 2026"", ""Madhubani painting using black canvas and white pen. #madhubanipainting #blackcanvas #whitepen"", ""how to make Madhubani painting #madhubanipainting #art #madhubani painting""]",Not Found,Not Found,Not Found,Not Found,Not Found,Not Found,Not Found,Not Found,Not Found,2026-09-30T17:41:38Z,79.78,FAIL,"[""followers outside configured range or unavailable""]",Indian skincare routine,2026-10-01T18:04:42.587043+00:00
UChdo1yfPfk9fXfWJVWBypSA,SAHBAN FF,YouTube,https://www.youtube.com/channel/UChdo1yfPfk9fXfWJVWBypSA,15.0,782.7,0.1413627863487611,Not Found,Not Found,"[""#cinna ho gayi mahega| #funnyvideo"", ""Royal Enfield | Bullet bike #funny"", ""English ki duniya |Story shorts  #funnyvideo"", ""Super Mix Sabzi Bana te hai | Story shorts # #funnyvideo"", ""Bejan ki rang | story shorts #funnyvideo"", ""#funny #comedy #funnyvideo #edit #power #motivation #music #vlogging #physics #ai #funnycomedy #cat"", ""#short video kese viral kare\ud83d\udcaf"", ""#3 Psychology facts #Psychology facts # #comedy #edit #funnyvideo #power #motivation #music  #funny"", ""#edit #comedy #funnyvideo #power #motivation #music #cat #funny #vlogging #ai #funnycomedy #physics"", ""#funny #funnycomedy #comedy #views #love #trending #edit #viral #funnyvideo #unfrezzmyaccount""]",Not Found,Not Found,Not Found,Not Found,Not Found,Not Found,Not Found,Not Found,Not Found,2026-08-26T07:50:03Z,47.0,FAIL,"[""followers outside configured range or unavailable"", ""insufficient fashion/beauty keyword matches""]",Indian skincare routine,2026-10-01T18:04:42.587043+00:00
UCjB1Uv7IErdt-RLZ1vlh5sg,Ss-kidscartoon,YouTube,https://www.youtube.com/channel/UCjB1Uv7IErdt-RLZ1vlh5sg,726.0,250.4,0.1104810174102202,"beauty, style","beauty, style","[""\ud83c\udf3f \u0ba4\u0bb0\u0bae\u0bcd \u0ba8\u0bae\u0bcd\u0bae\u0bbf\u0b9f\u0bae\u0bcd, \u0ba8\u0bae\u0bcd\u0baa\u0bbf\u0b95\u0bcd\u0b95\u0bc8 \u0b89\u0b99\u0bcd\u0b95\u0bb3\u0bbf\u0b9f\u0bae\u0bcd #coconutoil #coconut #animation #shorts #reels"", ""\u0ba4\u0bc7\u0b99\u0bcd\u0b95\u0bbe\u0baf\u0bcd \u0b9a\u0b9f\u0bcd\u0ba9\u0bbf \u0b87\u0baa\u0bcd\u0baa\u0b9f\u0bbf \u0b85\u0bb0\u0bc8\u0b9a\u0bcd\u0b9a\u0bc1 \u0baa\u0bbe\u0bb0\u0bcd\u0ba4\u0bcd\u0ba4\u0bc0\u0b99\u0bcd\u0b95\u0bb3\u0bbe?\ud83d\ude32\u0bb0\u0bc1\u0b9a\u0bbf \u0bb5\u0bc7\u0bb1 \u0bb2\u0bc6\u0bb5\u0bb2\u0bcd#shorts#tamilreels #coconutchutneyrecipe"", ""\u201c\u0b95\u0bc1\u0bb4\u0ba8\u0bcd\u0ba4\u0bc8 Weight \u0b95\u0bc2\u0b9f\u0bb2\u0bc8\u0baf\u0bbe?\ud83e\udd14 \u0b87\u0ba8\u0bcd\u0ba4 5 \u0b87\u0baf\u0bb1\u0bcd\u0b95\u0bc8 \u0b89\u0ba3\u0bb5\u0bc1 \u0b9f\u0bcd\u0bb0\u0bc8 \u0baa\u0ba3\u0bcd\u0ba3\u0bc1\u0b99\u0bcd\u0b95!#shortsfeed #trending #weightgain #viral"", ""\u0baa\u0bc7\u0b9a\u0bc1\u0bae\u0bcd \u0bb5\u0bc6\u0ba3\u0bcd\u0b9f\u0bc8\u0b95\u0bcd\u0b95\u0bbe\u0baf\u0bcd \u0b8e\u0ba9\u0bcd \u0ba8\u0ba3\u0bcd\u0baa\u0ba9\u0bcd \u0b86\u0ba9\u0ba4\u0bc1 \ud83d\ude02\ud83c\udf31#shortsfeed  #trending #shorts #viral#facts #kitchengarden#ai"", ""Vitamin B \u0b87\u0bb2\u0bcd\u0bb2\u0ba9\u0bbe \u0b89\u0b9f\u0bae\u0bcd\u0baa\u0bc1 \u0b87\u0baa\u0bcd\u0baa\u0b9f\u0bbf\u0ba4\u0bbe\u0ba9\u0bcd \u0b86\u0b95\u0bc1\u0bae\u0bcd! \ud83d\ude32#VitaminB #kitchen #shortsfeed #viral #trending #"", ""Dark Circle Bye Bye \ud83d\udc4b\u0b87\u0ba8\u0bcd\u0ba4 Cool Remedy \u0ba4\u0bc6\u0bb0\u0bbf\u0b9e\u0bcd\u0b9a\u0bc1\u0b95\u0bcd\u0b95\u0bcb\ud83e\udd52#kitchenbeauty #shorts #viral #darkcirclesremedy"", ""\u201cBiriyani Masala Secret! \ud83d\ude32 \u0b87\u0ba8\u0bcd\u0ba4 \u0bae\u0b9a\u0bbe\u0bb2\u0bbe \u0b89\u0b9f\u0bae\u0bcd\u0baa\u0bc1\u0b95\u0bcd\u0b95\u0bc1 \u0b8e\u0ba9\u0bcd\u0ba9 \u0baa\u0ba3\u0bcd\u0ba3\u0bc1\u0ba4\u0bc1 \u0ba4\u0bc6\u0bb0\u0bbf\u0baf\u0bc1\u0bae\u0bbe?\u201d#shorts#kitchentips#viral"", ""Hospital \u0baa\u0bcb\u0b95\u0bc1\u0bae\u0bcd \u0bae\u0bc1\u0ba9\u0bcd\u0ba9\u0bbe\u0b9f\u0bbf \u0b87\u0ba4\u0baa\u0bbe\u0bb0\u0bc1\u0b99\u0bcd\u0b95!\ud83d\ude33\u0ba8\u0bae\u0bcd\u0bae \u0ba4\u0bcb\u0b9f\u0bcd\u0b9f\u0bae\u0bcd\u0ba4\u0bbe\u0ba9\u0bcd \u0b9f\u0bbe\u0b95\u0bcd\u0b9f\u0bb0\u0bcd\ud83c\udf3f#shortsfeed#helthtips #naturalmedicine"", ""Indian Village Miniature Doll Cooking Routine | Fish Curry and Roti ASMR"", ""\u201c95% \u0baa\u0bc7\u0bb0\u0bcd \u0b87\u0ba8\u0bcd\u0ba4 mistake daily \u0baa\u0ba3\u0bcd\u0ba3\u0bc1\u0bb1\u0bbe\u0b99\u0bcd\u0b95 \ud83d\ude33\u201d#kitchentips #facts #viral #shorts #ai""]",Not Found,Not Found,Not Found,Not Found,Not Found,Not Found,Not Found,IN,Not Found,2026-06-21T02:56:41Z,60.0,FAIL,"[""followers outside configured range or unavailable"", ""last upload is older than configured activity window""]",Indian skincare routine,2026-10-01T18:04:42.587043+00:00
UCSYC5aQ6ctmujdflb8Z3n0w,Nayra Ai blog ,YouTube,https://www.youtube.com/channel/UCSYC5aQ6ctmujdflb8Z3n0w,2.0,141.8,0.1351087362192197,"skincare, beauty","skincare, beauty","[""#Money food #funny video \ud83e\udd23\ud83e\udd23 @Nayra Ai blog #UltraUnison975"", ""tulips \ud83c\udf37 garden #nature beauty #flower lover # @UltraUnison975"", ""human Intertainment #aianimation #ai video"", ""human history discussions animal's #aivideo #viral shorts #funny video"", ""animal conversation to human \ud83d\ude02\ud83d\ude02#ulti duniya ##"", ""indian mothe \ud83e\udd23\ud83e\udd23\ud83e\udd23#funny #comedy #viral shorts"", ""tulipgarden #tulip love \u2764\ufe0f @Nayra Ai blog"", ""animal analysis human \ud83e\udd23\ud83d\ude02 #funny #viralvideo"", ""#EyeCare #SkincareRoutine #BeautyTips"", ""human history read animals#funny video #viral #animalshorts""]",Not Found,Not Found,Not Found,Not Found,Not Found,Not Found,Not Found,IN,Not Found,2026-09-30T16:52:30Z,79.78,FAIL,"[""followers outside configured range or unavailable""]",Indian skincare routine,2026-10-01T18:04:42.587043+00:00
UCNxVvaKG-eyCJT_A0CzefSQ,JanviVlogs,YouTube,https://www.youtube.com/channel/UCNxVvaKG-eyCJT_A0CzefSQ,163000.0,15861.6,0.0121531474749649,"skincare, makeup, beauty, hair","skincare, makeup, beauty, hair","[""daily glow face wash \u2705   #facewash #skincare #glowingskin #cleanser #facewashroutine #bestfacewash"", ""facial hair removal hack\ud83c\udf3f. #facialhairs #removal #clearskin #blackheads #whiteheads"", ""pink and glowing lips remedy\ud83d\udc44   #lips #glowinglips #pink #lips #lipscare #glowingskin"", ""simple glowing skin remedy\u2728\u2764\ufe0f #glowingskin #remedies #glowuptips #homemade #skincareroutineindia"", ""happy independence day\ud83c\uddee\ud83c\uddf3\u2728\u2764\ufe0f #independenceday #viral #shorts #skincare #viralvideo"", ""glowing pink lips remedy\ud83e\udee6\ud83d\ude0d   #glowinglips #lipscare #remedy #pink #homemade #dailyvlog #skincare"", ""best D-tan for full body \u2705 #dtan #glowingskin #tanning #tanremoval #skincare"", ""yellow teeth remedy\ud83e\uddb7\u2705\u2764\ufe0f #yellowteeth #whiteteeth #remedy #skincare #teethcare #teethwhitening"", ""shiny hair remedy\u2728at home \u2705 #shinyhair #haircare #hairremedy #silkyhair #glowingskin"", ""summer tanning\ud83d\ude29remove remed\u2705  #tanning #remove ##glow #glowingskin #skincare #facepacke""]",janviharlani10@gmail.com,channel description,Not Found,Not Found,Not Found,Not Found,Not Found,Not Found,Not Found,2026-09-21T04:52:38Z,51.28,FAIL,"[""followers outside configured range or unavailable""]",Indian skincare routine,2026-10-01T18:04:42.953940+00:00
UCSCxeHEltiu2rO2sfD9OEKg,Glow By Mansi,YouTube,https://www.youtube.com/channel/UCSCxeHEltiu2rO2sfD9OEKg,16200.0,815.4,,"skincare, makeup, beauty, hair","skincare, makeup, beauty, hair","[""Glossy lipstick \ud83d\udc84 #megablockbustersale #glossylipstick #lipstickrecommendation #honestreview"", ""Dewy setting spray \ud83c\udf37#megablockbustersale #meeshofinds #beauty #settingspray #honestreview #makeup"", ""Classy red lippie \ud83d\udc84 #megablockbustersale #redlipstick #honestreview #lipstickrecommendation"", ""Glow tinted sunscreen \ud83d\udcab #tintedsunscreen #megablockbustersale #spf #skincare #makeup #honestreview"", ""festive matte lipstick \ud83d\udc84#megablockbustersale #meeshofinds #mattelipstick #lipstickswatches #review"", ""juicy berry lip combo \ud83c\udf52 #lipcombo #lipswatches #tintedlipbalm #megablockbustersale  #makeup"", ""If you can get a flawless base in 30 seconds \ud83d\udcab #cushionfoundation #maybelline #honestreview"", ""Best spf tinted lipbalm  #megablockbustersale #meeshofinds #lippigmentation #lipbalm #tintedlipbalm"", ""one product for dewy makeup \ud83d\udcab #megablockbustersale #meeshofinds #glowingmakeup #dewymakeup #beauty"", ""isn\u2019t this the prettiest \ud83d\udc95\ud83e\udd79 #liptint #liptintreview #teddytint #flipkartfinds #liptinthonestreview""]",mansigupta81788@gmail.com,channel description,Not Found,Not Found,Not Found,Not Found,Not Found,IN,Not Found,2026-10-01T18:11:34Z,65.0,FAIL,"[""engagement rate below threshold or unavailable""]",Indian skincare routine,2026-10-01T18:04:42.953940+00:00
UCneyi-aYq4VIBYIAQgWmk_w,Ranveer Allahbadia,YouTube,https://www.youtube.com/channel/UCneyi-aYq4VIBYIAQgWmk_w,11300000.0,7400.7,0.0519655963702592,Not Found,Not Found,"[""Ladakh was a life-changing experience for me."", ""The Scariest Cave in Ladakh Ft. Palga Rinpoche"", ""This Ladakh Cave Has a Secret Energy Ft. Palga Rinpoche"", ""What Happens After a Monk Dies? Ft. Palga Rinpoche"", ""99% of Businesses Fail Because of This"", ""Inside Ladakh\u2019s Hidden Spiritual World Ft. Palga Rinpoche"", ""Kailash Kher Performs \u201cTeri Deewani\u201d"", ""Buddhist Monk Saw Mystical Beings in Ladakh Ft. Palga Rinpoche"", ""Have People in Ladakh Spotted UFOs? Ft. Palga Rinpoche"", ""The Mountain Podcast - BeerBiceps In Ladakh""]",connect@beerbiceps.com,channel description,Not Found,Not Found,Not Found,Not Found,Not Found,IN,en-IN,2026-10-01T16:23:59Z,55.0,FAIL,"[""followers outside configured range or unavailable"", ""insufficient fashion/beauty keyword matches"", ""language does not match configured language""]",Indian skincare routine,2026-10-01T18:04:42.953940+00:00
UCA2h_3sSahiUnkOVAsVqf_w,Sristy Dutta,YouTube,https://www.youtube.com/channel/UCA2h_3sSahiUnkOVAsVqf_w,177000.0,6545.8,0.0133756877336097,"skincare, makeup, beauty, hair, style","skincare, makeup, beauty, hair, style","[""Tretinoin + Azelaic acid? holygrail or another trending scam ? #skincare #acne #tretinoin #viral"", ""Wax powder removing smallest hair\ud83d\ude31 #shorts #shortsfeed #explorepage #fyp #viralvideo #waxpowder"", ""Crusmetic Body Peel \u2728 Ab Body Ki Kali Skin Ko Bye! \ud83d\udc4b | Par Use Karne Se Pehle Ye Zaroor Dekhein \ud83d\udea8"", ""How to Get Rid of Tiny Bumps & Smooth Skin in 30 Days! (Ultimate Skincare Guide)"", ""You are blessed \ud83e\udd72\u2764\ufe0f #shorts #skincare #sristydutta #acne #clearskin #beauty #glassskin #glowingskin"", ""Normalizing Acne: Stop Hiding Your Skin! \u2728 #Shorts"", ""\ud83d\ude42"", ""happy happy cleansing\ud83d\udc95"", ""Not taking any risk with the sun\ud83d\ude05 #sunscreen #skincare #sunprotection #sristydutta #fyp #shorts"", ""Removing the tiniest hair at home \ud83d\ude2d\ud83d\udc96 #sristydutta #shorts #fyp #viralvideo #waxpowder #hairremoval""]",Not Found,Not Found,Not Found,Not Found,Not Found,Not Found,Not Found,IN,Not Found,2026-09-29T14:08:27Z,53.92,FAIL,"[""followers outside configured range or unavailable""]",Indian skincare routine,2026-10-01T18:04:42.953940+00:00
UCRXiA3h1no_PFkb1JCP0yMA,Vogue,YouTube,https://www.youtube.com/channel/UCRXiA3h1no_PFkb1JCP0yMA,16900000.0,341908.6,0.0227635856023007,"makeup, beauty, fashion, outfit, hair, style","makeup, beauty, fashion, outfit, hair, style","[""Post Malone and Fianc\u00e9 Christy Lee Cuddle Up at the Saint Laurent Show"", ""Jennifer Lopez Sits Front Row at the Stella McCartney Show"", ""Inde Navarrette Didn't Pack a Suitcase for Paris"", ""Kendall Jenner & C\u00e9line Dion Dance at the L'Or\u00e9al Paris Show"", ""Taylor Swift at the 2026 MTV Video Music Awards"", ""Charli xcx at the 2026 MTV Video Music Awards"", ""Rihanna Arrives at the Mati\u00e8res F\u00e9cales Spring/Summer 2027 Show"", ""Inside Christian Dior's Private Archive with Jonathan Anderson | Objects of Affection | Vogue"", ""Inside Dove Cameron\u2019s Wedding Dress Fitting | Vogue"", ""Hunter Schafer Gets Ready for Vogue World: Milano | Last Looks | Vogue""]",Not Found,Not Found,Not Found,Not Found,Not Found,Not Found,Not Found,US,Not Found,2026-09-30T19:42:11Z,60.93,FAIL,"[""followers outside configured range or unavailable"", ""country does not match configured region""]",Indian skincare routine,2026-10-01T18:04:42.953940+00:00
UCa3scTuNRSp5MdG1xSVAhtA,Ishita Khanna,YouTube,https://www.youtube.com/channel/UCa3scTuNRSp5MdG1xSVAhtA,481000.0,132063.9,0.0242906167986197,"skincare, makeup, fashion, outfit, haul, hair, style, cosmetics, grwm","skincare, makeup, fashion, outfit, haul, hair, style, cosmetics, grwm","[""Here\u2019s how I turned Chai into a stunning HAIR COLOR \ud83d\ude0d| L'Or\u00e9al Paris"", ""Come furniture shopping with me! My Dream Sofa\ud83d\ude0d"", ""How to build a Capsule Wardrobe in 2026!"", ""Wardrobe essentials for Indian Women! (no one talks about)"", ""Grooming Habits That Make Men Instantly More Attractive! (From a girl\u2019s POV)"", ""5 things you need to know before your buy your footwear #stylemistakes"", ""China Haul PART 2! #fashionhaul"", ""I Lost My Hair at 30...THIS is how I recovered!"", ""My Alopecia Journey: 3 Things That Helped My Hair"", ""Another year of being Hotter, Wiser, Richer \u2728\ud83e\udd42""]",Not Found,Not Found,Not Found,Not Found,Not Found,Not Found,Not Found,IN,Not Found,2026-08-28T07:09:38Z,54.45,FAIL,"[""followers outside configured range or unavailable""]",Indian skincare routine,2026-10-01T18:04:42.953940+00:00
UCyLWYkzSFPm4bYl0_V6GTtw,Beautify you ,YouTube,https://www.youtube.com/channel/UCyLWYkzSFPm4bYl0_V6GTtw,33800.0,12727.0,0.0356082971667731,"makeup, beauty, cosmetics","makeup, beauty, cosmetics","[""Swatching Haus labs PHD Hybrid lip Glaze pumping Gloss in shade macaron \ud83d\udc44\ud83c\udf38"", ""Nude Lips \ud83d\udc44 Using Anastasia Beverly hills in Shade Taupe Beige  \ud83c\udf38"", ""Pink Glossy Lips \ud83d\udc44 Using About Face Beauty Cherry Pick in Dragon Fruit Fusion \ud83d\udc97"", ""Pretty Lips From Loreal Paris \ud83d\udc44\ud83d\udc97"", ""Perfect Spring Shade \ud83d\udc44 Using Sisley Paris phyto Rouge \ud83d\udc84 in shade 13 sheer beverly hills\ud83c\udf38"", ""Most Gorgeous Lips \ud83d\udc44Using Lisa Eldridge makeup in shade Rose official \ud83d\udc97"", ""Swatching Beauty bakerie makeup matte lip whip in shade syruptitious \ud83d\udc44"", ""Swatching ELF Cosmetics Hydrated Core\ud83d\udc84in shade delightful \ud83d\udc44\ud83c\udf38"", ""Juicy Lips \ud83d\udc44 from Dasique Juicy lip tint 03\ud83d\udc97"", ""Gorgeous Lips \ud83d\udc44 Using Sydney at 8 am from Madame Gabriela Beauty \ud83c\udf38""]",Not Found,Not Found,Not Found,Not Found,Not Found,Not Found,Not Found,IN,Not Found,2024-03-05T09:10:23Z,69.93,FAIL,"[""last upload is older than configured activity window""]",Indian skincare routine,2026-10-01T18:04:42.953940+00:00
UCObWXIaGPPVjX_RJgYDbB1w,Dr. Rakshita Singh,YouTube,https://www.youtube.com/channel/UCObWXIaGPPVjX_RJgYDbB1w,2240000.0,745008.8,0.0364463061903454,skincare,skincare,"[""STOP RESTRICTING WOMEN | Who Is Really Responsible for Women\u2019s Safety? #equalityforall #feminism"", ""Breast Pain- Watch this if you have experienced the same. #breastcancer #breast #doctor"", ""How to Remove Dark Spots & Acne Marks with La Roche-Posay | Doctor Explains"", ""Dark Circles Explained by a Doctor | Types, Home Test & Solutions #doctor #remedies"", ""Ultimate Reel for Girls who love High Heels #doctor #heels #medical"", ""Untold Story of my Parents that might change motivate you like anything #motivation #doctor"", ""Nipples types in woman which are absolutely normal #taboo #doctor #women"", ""My brother is finally a Cadet Pilot at Indigo\ud83e\udd79 Proudest #sister moment\u2764\ufe0f\u200d\ud83e\ude79\ud83d\ude4f\ud83c\udffb #brothersister"", ""Fever Treatment at Home \ud83c\udf21\ufe0f | Paracetamol, Steam, Kadha, Antibiotics & When to See a Doctor"", ""NEET 2026 Was Brutal- Motivation, Other Options, Drop- The Honest video you Will Skip.""]",Not Found,Not Found,Not Found,Not Found,Not Found,Not Found,Not Found,IN,Not Found,2026-09-28T12:55:18Z,57.35,FAIL,"[""followers outside configured range or unavailable"", ""insufficient fashion/beauty keyword matches""]",Indian skincare routine,2026-10-01T18:04:42.953940+00:00
UCa8U11JrxgFAQP63bR9AAZA,Dr. Mamina,YouTube,https://www.youtube.com/channel/UCa8U11JrxgFAQP63bR9AAZA,282000.0,1896.0,0.0213148792725279,"skincare, beauty, hair, style, cosmetics","skincare, beauty, hair, style, cosmetics","[""Reedle Shot: Is It Safe for Your Skin? A Dermatologist Explains"", ""3 Ingredients Derms Look For to Treat Dark Spots"", ""Extractions"", ""That Dark Skin On Your Neck? It's Not Dirty."", ""Full Body Skin Check: What it's REALLY Like"", ""Which Tretinoin Is Right For You? | Derm Explains"", ""Best Body Retinol for Every Budget"", ""Pen & Paper"", ""Found my calling"", ""AM Skincare Routine: Travel Edition""]",Not Found,Not Found,Not Found,Not Found,Not Found,Not Found,Not Found,US,Not Found,2026-09-30T15:10:28Z,59.7,FAIL,"[""followers outside configured range or unavailable"", ""country does not match configured region""]",Indian skincare routine,2026-10-01T18:04:42.953940+00:00
UC_t6-oNbYJ4DWfp7BRYrHIw,more to mihika ,YouTube,https://www.youtube.com/channel/UC_t6-oNbYJ4DWfp7BRYrHIw,555000.0,420864.8,0.0445942084320026,"skincare, beauty, haul, style","skincare, beauty, haul, style","[""WANT TO STOP PROCRASTINATING? HERE'S HOW. *this works*"", ""YOUR SIGN TO NEVER STOP NOTICING!!!\ud83c\udf1f #mentalhealth"", ""WHEN SOMEONE TRIES TO TALK TO ME IN THE MORNING\u2026\ud83d\ude03\ud83d\ude4f\ud83c\udffb"", ""I GOT A FULL MAKEOVER IN KOREA\u2026\ud83d\ude33\ud83c\udfa8\ud83d\udc97 #koreavlog #kbeauty"", ""24 HOURS IN A YOUTUBER'S LIFE *travel edition*"", ""I CAN DO IT SCARED BUT I CANNOT DO IT HUNGRY\ud83d\ude2d\ud83d\ude4f\ud83c\udffb  #relatable"", ""MANIFESTATION 101 IN 60 SECONDS. *this works* \ud83e\ude90\ud83d\ude33\ud83c\udf1f"", ""GOING ALONE IS SCARY BUT\u2026..\ud83d\ude33"", ""DO YOU LIKE YOUR BIRTH DATE?\ud83c\udf1d\ud83d\uddd3\ufe0f\u2764\ufe0f #birthday"", ""LOCK IN WITH ME...*100 days to 2027*\ud83d\udd12""]",Not Found,Not Found,Not Found,Not Found,Not Found,Not Found,Not Found,IN,Not Found,2026-09-27T14:49:04Z,75.33,FAIL,"[""followers outside configured range or unavailable""]",Indian skincare routine,2026-10-01T18:04:42.953940+00:00
UC208W3XdnCTUD0k8y_M-mew,Kiran Tutorials 💗,YouTube,https://www.youtube.com/channel/UC208W3XdnCTUD0k8y_M-mew,704000.0,8834.3,0.0523133251758119,"skincare, makeup, beauty, hair, style","skincare, makeup, beauty, hair, style","[""Body polishing routine\u2b50\ufe0f\ud83d\udc97 #viral #skincare #bodypolish #bodycare"", ""After Event SKINCARE for *BRIDES*\u2665\ufe0f\ud83d\udc70\ud83c\udffb\u200d\u2640\ufe0f\ud83d\udc8d #viral #skincare #skincareroutine #glassskin"", ""Step by Step *MAKUEP* for BRIDE TO BE\ud83d\udc97\u2728\ud83d\udc70\ud83c\udffb\u200d\u2640\ufe0f#shorts #shortvideo #wedding #bridetobe #makeup"", ""Waterproof *EYEMAKEUP*\ud83d\udc97\ud83d\udc40 #viral #makeup #eyemakeup #waterproof #ad #swissbeauty"", ""DULL Skin ko aise kro \u2b50\ufe0fGLOWY\u2b50\ufe0f Body polishing #skincare #bridetobe #bodypolish #glowingskin"", ""SHOULD I?\ud83d\ude2dit\u2019s been *7 YEARS*\u2665\ufe0f #viral #youtuber #youtubejourney #quit # #youtuberchannel"", ""Overnight *HEATLESS CURLS*\ud83d\ude33\ud83e\ude94\ud83d\udc97FESTIVE Hairstyle #hairstyle #hairstyling #haircurls #curlyhair"", ""You\u2019re Not Supposed to Use THIS Down There\u2026Feminine Hygiene Tips\u2b50\ufe0f\ud83d\udc97"", ""For 2x Growth & *NO WHITE HAIR*\ud83c\udf37\u2728\ud83c\udf4bHair Serum #viral #hairgrowth #haircare #haircaretips"", ""Everyday *NO MAKEUP*\ud83c\udf37\ud83c\udf4bfresh!Makeup Look #viral #makeup #nomakeup #makeuplook #tutorial #college""]",kiranplaysofficial@gmail.com,channel description,Not Found,Not Found,Not Found,Not Found,Not Found,IN,Not Found,2026-10-01T07:17:06Z,80.0,FAIL,"[""followers outside configured range or unavailable""]",Indian skincare routine,2026-10-01T18:04:42.953940+00:00
UCwqH-lLoaUTxlD9gpYrCAAQ,Aanya Shrivastava,YouTube,https://www.youtube.com/channel/UCwqH-lLoaUTxlD9gpYrCAAQ,55000.0,2313.4,0.0083090466104128,"skincare, beauty, haul, hair, style","skincare, beauty, haul, hair, style","[""vaseline gluta hyadewy radiance serum in lotion \ud83e\uddf4\ud83e\ude77!! #vaseline #lotion #bodylotion #trending #viral"", ""MillD Atta gives you 46g protein per 100g and is plant-based & Trustified verified\ud83c\udf3e\ud83d\udcaa\ud83c\udffb!! #milld #aata"", ""Pilgrim Vitamin c face wash \ud83e\ude75\ud83c\udf80\ud83e\udee7!! #pilgrims #facewash #vitaminc #trending #shorts #viral #video #fyp"", ""The secret behind my recent good hair days\ud83e\udd0e results. \u2728#PR #LorealProfessionnelIndia #fyp #yt #shorts"", ""CeraVe HA Water Gel with Hyaluronic Acid\ud83d\udc99\ud83c\udf80!! #cerave #moisturizer #cream #viral #skincare #fyp#yt#fy"", ""classic kasuri methi flipkart \ud83d\udc9b!! #kasurimethi #food #groceryshopping #unboxing #flipkart #video#fyp"", ""Hair Growth Serum I Use Overnight | Serioxyl Advanced#loreal #trending #viral #fy #haircare #serum"", ""Flipkart beautiful pack of 3 tray set \ud83d\udc99!!. #trayset #flipkart #trending #viral #video #unboxing #yt"", ""CENTURY Men Slippers!! #century #slippers #haulvideo #viral #video #shorts #trending #flipkart #fyp"", ""Making panner Biryani \u2764\ufe0f\ud83d\udc69\u200d\ud83c\udf73!!#cooking #biryani #recipe #shorts #fy#viral #trending #video #fyp #yt""]",Not Found,Not Found,Not Found,Not Found,Not Found,Not Found,Not Found,Not Found,Not Found,2026-09-03T05:21:01Z,64.59,FAIL,"[""engagement rate below threshold or unavailable""]",Indian skincare routine,2026-10-01T18:04:42.953940+00:00
UC4Hn-Q4_UaCE2TiK9nrNcLQ,theriaamin,YouTube,https://www.youtube.com/channel/UC4Hn-Q4_UaCE2TiK9nrNcLQ,1790000.0,1041122.5,0.0254038249921928,"makeup, hair, style, grwm","makeup, hair, style, grwm","[""Hairstyle using hair braiding tool \ud83e\udeb7"", ""You are WRONG!!! Your hair is not damaged \ud83d\ude2d"", ""Trying MAC Lip Kit at the airport"", ""Bandhani Braid Hairstyle"", ""Grwm for city palace, JAIPUR \ud83e\udd79\ud83e\udd0c\ud83c\udffb"", ""Traditional way of applying CHANDRAKOR Bindi \ud83c\udf19"", ""This Samsung Galaxy S26 Ultra HACK saved my time \ud83e\udd0c\ud83c\udffb\ud83e\udd79 #phonehack #samsung #ad."", ""Maharashtrian Khopa Pin Hairstyle \ud83c\udf3a"", ""Doll makeup but make it BEDAZZLED"", ""LIQUID blotting paper spray!! What the???""]",Not Found,Not Found,Not Found,Not Found,Not Found,Not Found,Not Found,Not Found,Not Found,2026-10-01T16:17:26Z,62.78,FAIL,"[""followers outside configured range or unavailable""]",Indian skincare routine,2026-10-01T18:04:42.953940+00:00
UCNYFkd4KhIA64QGuHx64N0A,Ruchika Rathore,YouTube,https://www.youtube.com/channel/UCNYFkd4KhIA64QGuHx64N0A,3210000.0,7486393.5,0.0390794249446532,"outfit, grwm","outfit, grwm","[""Movie date with pati Dev # #youtubeshorts #ytshorts #shortvideo #shorts"", ""Noorjahan coded outfit #youtubeshorts #ytshorts #shorts #youtube"", ""Ruchu Don hi Kehde\ud83d\udd76\ufe0f\ud83e\udd1d #youtubeshorts #ytshorts #shorts #funny"", ""#ad Me trying to figure out which personality is taking over today \ud83d\ude2d \ud83c\udfb6 #google #kpop #gemini"", ""Fits were spicy enough \u2728\u2764\ufe0f # #youtubeshorts #grwm #chatpata #shorts \ufffc"", ""\ud83c\udf33 Ped se latak gayi \ud83d\ude2d #villagelife #youtubeshorts #ytshorts #shortvideo"", ""Mmy yaar\ud83e\udeb7\ud83c\udf80\u2728 # #youtubeshorts #ytshorts #shorts"", ""*Teej Special* Get Ready With Me  \ud83d\ude0d\u2764\ufe0f"", ""Airport pr fir rok diya #youtubeshorts #ytshorts #shortvideo #shortsvideo"", ""Mystery jewellery jar, unboxing \ufffc #youtubeshorts #ytshorts #shortvideo #shorts""]",Not Found,Not Found,Not Found,Not Found,Not Found,Not Found,Not Found,IN,Not Found,2026-09-30T12:22:37Z,72.13,FAIL,"[""followers outside configured range or unavailable""]",Indian skincare routine,2026-10-01T18:04:42.953940+00:00
UC8Fsy5oJ--lODzeNCGnbmcA,Nishitha Mallur,YouTube,https://www.youtube.com/channel/UC8Fsy5oJ--lODzeNCGnbmcA,323000.0,84229.0,0.0233746924991455,skincare,skincare,"[""Sick day \ud83e\udd27 what i ate in a day"", ""What I ate in a day \ud83d\ude0d"", ""What I ate in a day \ud83d\ude0d"", ""What I ate in a day \ud83d\ude0b"", ""What I ate in a day \ud83d\ude0d"", ""What I ate in a day \ud83d\ude0b"", ""What I ate in a day \ud83d\ude0d\ud83c\udf57"", ""What I ate in a day \ud83d\ude0d \ud83c\udf5a"", ""Do you relate? \ud83d\ude44"", ""What I ate in a day \ud83d\ude0d""]",Not Found,Not Found,Not Found,Not Found,Not Found,Not Found,Not Found,CA,Not Found,2026-09-30T20:35:50Z,48.86,FAIL,"[""followers outside configured range or unavailable"", ""insufficient fashion/beauty keyword matches"", ""country does not match configured region""]",Indian skincare routine,2026-10-01T18:04:42.953940+00:00
UC-LrkTq7pfBJR6sZGHOcRBA,Prakriti Singh,YouTube,https://www.youtube.com/channel/UC-LrkTq7pfBJR6sZGHOcRBA,462000.0,107010.3,0.021233885698915,"skincare, makeup, beauty, cosmetics","skincare, makeup, beauty, cosmetics","[""NEW Affordable Makeup Under \u20b9800 I Can\u2019t Stop Using"", ""The BEST Multichrome Eyeshadow for Rs.369! And it gets better\ud83d\ude03"", ""Okayy Rhode I see your HIGHLIGHTING MILK\ud83d\udc40"", ""How I FINALLY Cleared My Skin"", ""NEW Mars Mello Lip combos that are \ud83d\udd25"", ""Finally, a Lip Plumper that doesn\u2019t BURN!"", ""A little rant because I am tired of these comments\ud83d\ude43"", ""I found the perfect Brown Lip Stain\ud83d\ude29"", ""The VIRAL Anti-Blush Trend Makes NO Sense\u2026 Until It Does"", ""I Had Closed Comedones for MONTHS\u2026 Here\u2019s What Actually Worked \ud83d\ude2d""]",Not Found,Not Found,Not Found,Not Found,Not Found,Not Found,Not Found,IN,Not Found,2026-09-29T10:30:19Z,59.42,FAIL,"[""followers outside configured range or unavailable""]",Indian skincare routine,2026-10-01T18:04:42.953940+00:00
UCoJvgRhMLueMGbR98oGyLbg,Dr. Danny Guo,YouTube,https://www.youtube.com/channel/UCoJvgRhMLueMGbR98oGyLbg,558000.0,199575.9,0.0287682555617578,skincare,skincare,"[""How to treat molluscum #dermatologist #skincare"", ""Watch til the end #dermatologist #skincare"", ""How to treat retinoid dermatitis #dermatologist #skincare taylorkayteee \ud83d\udd70\ufe0f"", ""Toasted skin syndrome #dermatologist #skincareSecretaccountshhh262  \ud83d\udd70\ufe0f"", ""9 Nail Changes You Shouldn\u2019t Ignore | Dermatologist Explains"", ""How to use hypochlorous acid #dermatologist #skincare ginaseooo \ud83d\udd70\ufe0f"", ""Bumps on your face #dermatologist #skincare Linzz \ud83d\udd70\ufe0f"", ""How to remove calluses #dermatologist #skincarePowertooldiva \ud83d\udd70\ufe0f"", ""How to optimize your scar #dermatologist #skincare deez_lifee \ud83d\udd70\ufe0f"", ""10,000 Skin Cancer Surgeries Later: 5 Things Everyone Should Know | Dr. Danny Guo""]",Not Found,Not Found,Not Found,Not Found,Not Found,Not Found,Not Found,Not Found,Not Found,2026-10-01T12:17:01Z,52.64,FAIL,"[""followers outside configured range or unavailable"", ""insufficient fashion/beauty keyword matches""]",Indian skincare routine,2026-10-01T18:04:42.953940+00:00
UC-1fOqGSN2Br7O9l3j4kGfQ,Susmitha Reddy ,YouTube,https://www.youtube.com/channel/UC-1fOqGSN2Br7O9l3j4kGfQ,4780.0,7585.4,0.0329778893555998,"skincare, fashion, hair, style","skincare, fashion, hair, style","[""What i wore for my cousins WEDDING \ud83d\udc90#shorts #ytshorts #cousinswedding #southindianwedding #wedding"", ""My Cutieluu\ud83e\udec0\ud83e\uddff\ud83d\udc36#shorts #ytshorts #love #goldenretriever #dog #cute"", ""My Love\u2728\u2764\ufe0f Silver\u2728 #shorts #ytshorts #puppy #cute #goldenretriever #love"", ""\u0c24\u0c46\u0c32\u0c41\u0c17\u0c41 \u0c05\u0c2e\u0c4d\u0c2e\u0c3e\u0c2f\u0c3f \ud83d\udcda\ud83d\udd87\ufe0f#shorts #ytshorts #trendingvideo #telugu #viral"", ""Khairatabad \u2728#khairatabadganeshidol #shorts #ytshorts #viral"", ""My Companion\ud83d\udc36\ud83c\udf0d#puppy #cute #ytshorts #trendingvideo #love #silver"", ""Raw video \ud83d\ude02#cousins #funny videos#shorts #laugh"", ""\ud83e\udd41\u2728\u0c2e\u0c3e \u0c1a\u0c46\u0c32\u0c4d\u0c32\u0c3f \u0c2a\u0c46\u0c33\u0c4d\u0c32\u0c3f \ud83e\udd41\u2728#shorts #pelli #trendingvideo #telugu"", ""\u0c2a\u0c46\u0c33\u0c4d\u0c32\u0c3f \u0c38\u0c02\u0c26\u0c21\u0c3f\u2728\ud83e\udd0d#shorts #trendingvideo #marriage #telugu"", ""A day in our \u201c\u0c24\u0c4b\u0c1f\u201d\ud83c\udf31\u2728#farm #feed #cousins #trending #shorts""]",Not Found,Not Found,Not Found,Not Found,Not Found,Not Found,Not Found,Not Found,Not Found,2024-11-08T12:30:19Z,48.08,FAIL,"[""followers outside configured range or unavailable"", ""last upload is older than configured activity window""]",Indian skincare routine,2026-10-01T18:04:42.953940+00:00
UCkwRx_efphyDYdozRJoI4hw,Miracle Mirror Malayalam_Reshma,YouTube,https://www.youtube.com/channel/UCkwRx_efphyDYdozRJoI4hw,227000.0,22608.2,0.0217137896327667,"skincare, makeup, beauty, haul, hair, style","skincare, makeup, beauty, haul, hair, style","[""\ud83e\udd14 \u0d07\u0d24\u0d4d \u0d36\u0d30\u0d3f\u0d2f\u0d3e\u0d2f\u0d4b?!! \u2728\ud83c\udf52 \u0d1e\u0d3e\u0d7b \u0d08 \u0d12\u0d30\u0d41 Lip Combo \u0d06\u0d23\u0d4d Try \u0d1a\u0d46\u0d2f\u0d4d\u0d24\u0d41 \u0d28\u0d4b\u0d15\u0d4d\u0d15\u0d3f\u0d2f\u0d24\u0d4d"", ""\ud83d\udc84\ud83d\udc8b I tried these Mini lipsticks combo from Blue Heavens Matte Love \u2728 \ud83e\udd17"", ""POV: \ud83d\ude2d\u2728 You found a Speaker that Matches Your Aesthetics!!? \ud83e\udd0c\ud83d\ude18"", ""\ud83d\ude32 \u2728 \u0d28\u0d40\u0d32 blush \u0d13?? \u0d24\u0d47\u0d1a\u0d4d\u0d1a\u0d2a\u0d4d\u0d2a\u0d4b \u0d08 Colour?!! Swiss beauty ph lease blush \ud83e\udd17\u2764\ufe0f"", ""My Full Self Care Routine \u2728 Body Oiling, Hair Care, Shaving & Arabian Makeup \ud83d\udc84\ud83d\udd25 "", ""\u2728 \ud83e\udd17 \u0d28\u0d2e\u0d4d\u0d2e\u0d41\u0d1f\u0d46 Traditional Makeup look \u0d24\u0d2a\u0d4d\u0d2a\u0d3f \u0d2a\u0d4b\u0d2f\u0d24\u0d3e.. \u0d2a\u0d3f\u0d28\u0d4d\u0d28\u0d46 \u0d05\u0d19\u0d4d\u0d19\u0d4d Arabian look \u0d06\u0d2f\u0d3f \ud83d\ude05\ud83e\udee3"", ""\ud83c\udf19\u2728Habibi \ud83e\udee3...\ud83e\udee0   #habibi #transition"", ""Comfy \u0d06\u0d2f\u0d3e\u0d7d \u0d2e\u0d24\u0d3f \ud83e\udef6\u2728 Dailywear Pants, Sweatpants & Crop tops haul \ud83e\udd17\u2764\ufe0f"", ""21 Days In.. And I'm Finally Seeing A Difference!!"", ""\u0d1a\u0d41\u0d2e\u0d4d\u0d2e\u0d3e \u0d12\u0d30\u0d41 \u0d30\u0d38\u0d02!! \u0d07\u0d24\u0d4d \u0d15\u0d4a\u0d33\u0d4d\u0d33\u0d3f\u0d32\u0d4d\u0d32\u0d47?!!""]",reshma7777ark@gmail.com,channel description,Not Found,Not Found,Not Found,Not Found,Not Found,IN,Not Found,2026-10-01T07:20:24Z,60.2,FAIL,"[""followers outside configured range or unavailable""]",Indian skincare routine,2026-10-01T18:04:42.953940+00:00
UCshPyRiu9XTQb2gEagNt-3A,Raj Shamani Clips,YouTube,https://www.youtube.com/channel/UCshPyRiu9XTQb2gEagNt-3A,1770000.0,328.7,0.0504673291675202,Not Found,Not Found,"[""The Best Sting Operation I Ever Worked On | David Bickford | Raj Shamani Clips"", ""How Can the UK Change Prime Minister Mid-Term? | David Bickford | Raj Shamani Clips"", ""How America Overtook Britain as a Global Power? | David Bickford | Raj Shamani Clips"", ""Is Britain Really in Decline? | David Bickford | Raj Shamani Clips"", ""Why Every Intelligence Agencies Struggle With This One Problem? | David Bickford | Raj Shamani Clips"", ""How the Drug Trade Fuels Gang Wars & Violent Crime? | David Bickford | Raj Shamani Clips"", ""Inside the Money Network Behind the Cocaine Trade | David Bickford | Raj Shamani Clips"", ""Can One Person Really Have Multiple Passports? | David Bickford | Raj Shamani Clips"", ""Inside the Real Powers of MI5 | David Bickford | Raj Shamani Clips"", ""CIA or MI6: How the World\u2019s Spy Agencies Really Work? | David Bickford | Raj Shamani Clips""]",Not Found,Not Found,Not Found,Not Found,Not Found,Not Found,Not Found,IN,en-IN,2026-10-01T16:20:00Z,55.0,FAIL,"[""followers outside configured range or unavailable"", ""insufficient fashion/beauty keyword matches"", ""language does not match configured language""]",Indian skincare routine,2026-10-01T18:04:42.953940+00:00
UCpP-xAGNjhqMP8g_GAMENtA,Tweak India,YouTube,https://www.youtube.com/channel/UCpP-xAGNjhqMP8g_GAMENtA,634000.0,18296.9,0.0086502125387686,Not Found,Not Found,"[""Twinkle Khanna at Tweak Summit 2026 | Tweak India"", ""What\u2019s your personal bad-day ritual? | Pooja Dhingra | Tweak It Till You Make It | Tweak India"", ""Tell us about a man who has stood by you | Aditi Rao Hydari | Tweak Hot Takes | Tweak India"", ""How long do you need to get ready? | Rohit Saraf | Pratibha Ranta | Tweak Hot Takes | Tweak India"", ""Would you lie to your partner? | Aditi Rao Hydari | Radhika Apte| Tweak Hot Takes"", ""What\u2019s one thing you learnt while running your own business? | Pooja Dhingra | Tweak India"", ""Should founders pay themselves? | Pooja Dhingra X Tweak India | Tweak It Till You Make It"", ""Twinkle Khanna shares a tried-and-tested kitchen fix | Spacelift | Tweak India"", ""Would you hang out with your friend\u2019s ex? | Shriya Pilgaonkar and Barkha Singh | Tweak India"", ""Has a holiday with a friend ever lead to a fight? | Shriya Pilgaonkar and Barkha Singh | Tweak India""]",Not Found,Not Found,Not Found,Not Found,Not Found,Not Found,Not Found,IN,Not Found,2026-09-29T06:02:53Z,25.61,FAIL,"[""followers outside configured range or unavailable"", ""engagement rate below threshold or unavailable"", ""insufficient fashion/beauty keyword matches""]",Indian skincare routine,2026-10-01T18:04:42.953940+00:00
UC1nB4xaUtLKiPOFwa0Ageaw,Pinkvilla Lifestyle Plus,YouTube,https://www.youtube.com/channel/UC1nB4xaUtLKiPOFwa0Ageaw,439000.0,13722.7,0.0277163625658454,"fashion, style, grwm","fashion, style, grwm","[""Jasmin Bhasin VIRAL eye accident INCIDENT\ud83d\ude2e#shorts #trending #entertainment #jasminbhasin #lifestyle"", ""Isha Malviya's EVERYDAY LIP routine revealed \ud83d\ude0d | #shorts #trending #entertainment #grwm #lifestyle"", ""Divas are OBSSESED with these BLUSHES \ud83e\udd11\ud83d\ude0d | #shorts #trending #entertainment #grwm #lifestyle"", ""Reem Shaikh uses this most AFFORDABLE foundation\ud83d\udcb8\ud83d\ude2e | #shorts #trending #entertainment #grwm"", ""Raghav Juyal is ALL OF US when it comes to food \ud83d\ude0b #shorts #trending #entertainment #food #lifestyle"", ""Nikki Tamboli was HEARTBROKEN when she got to know about this \ud83d\udc94| #shorts #trending #entertainment"", ""Khanzaadi's everyday LIP routine \ud83d\udc84\ud83d\ude0d | #shorts #trending #entertainment #grwm #lifestyle"", ""Uorfi Javed & Nia Sharma's BIGGEST turnoffs in a man \ud83d\ude30 #shorts #trending #entertainment #lifestyle"", ""Hina Khan's most HEARTBREAKING moment in her journey \ud83d\udc94 | #shorts #trending #entertainment #hinakhan"", ""Inside Deepika Padukone's BAG \ud83d\ude2e | #shorts #trending #entertainment #whatsinmybag #deepikapadukone""]",Not Found,Not Found,Not Found,Not Found,Not Found,Not Found,Not Found,IN,Not Found,2026-10-01T11:30:08Z,64.4,FAIL,"[""followers outside configured range or unavailable""]",Indian skincare routine,2026-10-01T18:04:42.953940+00:00
UCadAOVmsG4wJwcaxRylBFUg,Sneha Raj Kaushik,YouTube,https://www.youtube.com/channel/UCadAOVmsG4wJwcaxRylBFUg,18000.0,2314.7,0.0350149361466084,"skincare, makeup, beauty, outfit, haul, style, cosmetics, grwm","skincare, makeup, beauty, outfit, haul, style, cosmetics, grwm","[""Swiss Beauty Lip Liners 12 Shades Swatches + 3 Best Lipsticks \ud83d\udc84 | Best Lip Combo for Indian Skin"", ""Swiss Beauty Eye Makeup \u2728 Kajal + Eyeliner + Mascara | Easy Eye Makeup Tutorial"", ""A Day in My Life \u2728 Skincare Haul + HydraFacial in Delhi | Zolie Skin Clinic Vlog"", ""GRWM \u2728 Get Ready With Me | Badshah Trending Song Transition \ud83d\udd25 | #Shorts"", ""Transition Alert \u203c\ufe0f #transition #badshah #trending #makeup"", ""Ready To Glow With Me \u2728 | Spinz BB Cream | Instant Glow & Light Makeup Look #ad"", ""GRWM for Mirzapur \ud83d\udd25 | Mirzapur Look & Makeup \u2728 | Get Ready With Me"", ""Radha Rani \u2764\ufe0f #radhakrishnalove #promptgemini #janmashtami#radha #prompt"", ""\u20b950 Tinted Lip Oil from Sarojini \ud83d\ude2d\ud83d\udc97 | Childhood Nostalgia + Gorgeous Pigment! #shorts"", ""3 Products = THE PERFECT GLAM LIP COMBO \ud83d\udc8b\u2728 | Soft + Sassy Lips | Indian Makeup""]",sneharajkaushik822@gmail.com,channel description,Not Found,Not Found,Not Found,Not Found,Not Found,IN,Not Found,2026-09-29T04:10:14Z,89.07,PASS,[],Indian skincare routine,2026-10-01T18:04:42.953940+00:00
UC0VLEulv2CTlmVd50OOLSgQ,Kashish Kapoor,YouTube,https://www.youtube.com/channel/UC0VLEulv2CTlmVd50OOLSgQ,261000.0,127378.2,0.0330158420379684,"skincare, makeup, beauty, fashion, haul, style, grwm","skincare, makeup, beauty, fashion, haul, style, grwm","[""The Place We Wasted Our Money \ud83d\ude2d#shorts #rant #funny"", ""Paris other than Eiffel Tower is just Hyderabad IT City? #shorts #paris #europe"", ""Italian Men are Big Time Flirt #shorts #europe #funny"", ""Who Says Woman Hate Man?  #shorts #europe #vacation"", ""Almost Gave a Handsome Guard a Pickup Line \ud83d\ude2d #shorts #party #funny"", ""His Neck Is Built Different\u2026 But How Old Is He? \ud83d\ude02"", ""The Bihar Incident Left Me Horrified, My Honest Reaction"", ""Let the comments war begin\ud83d\ude0c #magicmike #london #shorts"", ""I really like it when you are you with me #shorts #relatable"", ""How Our Europe Vacation Turned Into Pure FUN!! | The Unfiltered Travel Storytime""]",Not Found,Not Found,Not Found,Not Found,Not Found,Not Found,Not Found,IN,Not Found,2026-10-01T12:30:23Z,68.11,FAIL,"[""followers outside configured range or unavailable""]",Indian skincare routine,2026-10-01T18:04:42.953940+00:00
UCD_8aQNFgk3MxQMt6J0_QVA,Megha Chaube,YouTube,https://www.youtube.com/channel/UCD_8aQNFgk3MxQMt6J0_QVA,6310000.0,468528.7,0.0481179290782476,beauty,beauty,"[""YouTube Event Mai Aa Gayee\ud83d\ude0d\ud83d\ude32\ud83c\udf89\u2665\ufe0f #shorts #vlog #influencer #vlogger #beauty #viral #meghachaube"", ""Raat k 2 baje Korean Ramen Noodles \ud83c\udf5c\ud83d\ude0b\u2665\ufe0f #shorts #trending #vlog #viral #meghachaube"", ""Unhone Meri Ye Wish Puri Ki\ud83e\udd79\u2665\ufe0f\ud83d\ude4f\ud83c\udffb #shorts #trending #vlog #explore #viral #meghachaube"", ""Spicy Korean Noodle A 12:30 Pm\ud83c\udf5c\ud83e\udd75\ud83d\ude0d #shorts #trending #vlog #tasty #viral #meghachaube"", ""Behen K lie Surprise \ud83c\udf89\ud83d\ude0d\u2665\ufe0f #shorts #trending #vlog #explore #foryou #viral #meghachaube"", ""Deewana Mujhe Banao Na Transition \ud83d\ude0d\u2665\ufe0f\u2728#shorts #trending #transition #viral #beauty #meghachaube"", ""Mere Sath Aisa Prank\ud83d\ude21\ud83d\ude24\ud83c\udf36\ufe0f #shorts #trending #funny #prank #vlog #viral #meghachaube"", ""Ameer Bewkoof Number 1 \ud83d\ude33\ud83d\ude2d\ud83d\ude4f\ud83c\udffb #shorts #trending #viral #comedy #video #meghachaube"", ""Karwachauth ki Shopping \ud83d\udecd\ufe0f\u2665\ufe0f\ud83d\ude0d #shorts #trending #festival #viral #vlog #meghachaube"", ""Maine Shorts k Sath Saree Nahi Pehni\ud83d\ude33\ud83e\udd2d\ud83c\udf37 #shorts #trending #saree #beautiful #viral #meghachaube""]",meghachaubecollab25@gmail.com,channel description,Not Found,Not Found,Not Found,Not Found,Not Found,Not Found,Not Found,2026-09-30T13:24:39Z,65.96,FAIL,"[""followers outside configured range or unavailable"", ""insufficient fashion/beauty keyword matches""]",Indian skincare routine,2026-10-01T18:04:42.953940+00:00
UCHmhED86fTk_i-tKP0HscEw,Missjasleenarora,YouTube,https://www.youtube.com/channel/UCHmhED86fTk_i-tKP0HscEw,3500000.0,1330679.5,0.033191836373461,"skincare, makeup, outfit, hair, style","skincare, makeup, outfit, hair, style","[""My engagement outfit trials\u2728\ufffc"", ""Engagement outfit \u2728"", ""Engagement chaos \ud83d\udc95\ud83e\uddff"", ""Mom & mother in-law ke sath Engagement ki shopping \ud83d\udc95"", ""Bride to be \u2728"", ""In my engagement Sara chaos era \ud83d\udc84\ufffc"", ""Groom ka engagement outfit \u2728"", ""Bride to be era\u2728\ud83c\udf38"", ""Dyson girl\ud83c\udf38"", ""Bride to be skincare \u2728""]",infojasleenwork@gmail.com,channel description,Not Found,Not Found,Not Found,Not Found,Not Found,IN,Not Found,2026-10-01T16:01:49Z,68.23,FAIL,"[""followers outside configured range or unavailable""]",Indian skincare routine,2026-10-01T18:04:42.953940+00:00
UCGRxJHvn2qIA-6D0ICkdM2w,Rohit Sachdeva,YouTube,https://www.youtube.com/channel/UCGRxJHvn2qIA-6D0ICkdM2w,4580000.0,85234.6,0.0276392307333809,"skincare, makeup, beauty, hair, cosmetics","skincare, makeup, beauty, hair, cosmetics","[""Cetaphil Gentle Cleanser vs Simple Refreshing Facewash Honest Review"", ""\u0930\u0902\u0917 \u0917\u094b\u0930\u093e \u0915\u0930\u0928\u0947 \u0915\u093e \u0938\u092c\u0938\u0947 \u0905\u0938\u0930\u0926\u093e\u0930 \u0924\u0930\u0940\u0915\u093e | Skin Brightening Drink (7 Days Skin Challenge)"", ""\u0928\u090f \u092c\u093e\u0932 \u0909\u0917\u093e\u0928\u0947 \u0915\u093e \u0938\u092c\u0938\u0947 \u0905\u0938\u0930\u0926\u093e\u0930 \u0924\u0930\u0940\u0915\u093e | 1 \u092e\u0939\u093f\u0928\u0947 \u092e\u0947\u0902 \u092b\u0930\u094d\u0915 \u0926\u093f\u0916\u0947\u0917\u093e"", ""\u0939\u0932\u094d\u0926\u0940 \u0910\u0938\u0947 \u0932\u0917\u093e\u0913, 1 \u092c\u093e\u0930 \u092e\u0947\u0902 \u0926\u0941\u0932\u0939\u0928 \u091c\u0948\u0938\u0940 \u091a\u092e\u0915 \u092a\u093e\u0913 | Turmeric Skin Whitening Mask for Bridal Glow"", ""Rice & Masoor Dal Face Mask for INSTANT Glowing Skin | Korean Glass Skin Secret"", ""\u0939\u0932\u094d\u0926\u0940 \u0914\u0930 \u0926\u0942\u0927 \u0910\u0938\u0947 \u092e\u093f\u0932\u093e\u0913 \u0938\u094b\u0928\u0947 \u0938\u093e \u091a\u092e\u0915\u0947\u0917\u093e \u091a\u0947\u0939\u0930\u093e | 14 Days Skin Whitening Challenge"", ""Shilpa Shetty Skin Brightening Secrets Revealed | Overnight Glowing Skin"", ""Coconut Oil \u0910\u0938\u0947 \u0932\u0917\u093e\u0913 \u092e\u093f\u0932\u0947\u0917\u0940 \u0939\u0940\u0930\u0947 \u091c\u0948\u0938\u0940 \u091a\u092e\u0915\u0926\u093e\u0930 Skin | Skin Brightening Home Remedy"", ""\u0915\u093e\u0932\u0940 \u092e\u093f\u0930\u094d\u091a \u0910\u0938\u0947 \u0932\u0917\u093e\u0913 \u092e\u093f\u0932\u0947\u0917\u0940 \u0939\u0940\u0930\u0947 \u091c\u0948\u0938\u0940 \u091a\u092e\u0915\u0926\u093e\u0930 Skin: 7 Days Glass Skin Challenge"", ""Malaika Arora Secret Skin Brightening Routine | How She Gets That Celebrity Glow""]",rohitsachdeva.collab@gmail.com,channel description,Not Found,Not Found,Not Found,Not Found,Not Found,IN,Not Found,2026-10-01T06:30:21Z,64.35,FAIL,"[""followers outside configured range or unavailable""]",Indian skincare routine,2026-10-01T18:04:42.953940+00:00
UCwzTv-rDBCuCaSMrDhAHFxg,Dolly Shah,YouTube,https://www.youtube.com/channel/UCwzTv-rDBCuCaSMrDhAHFxg,175000.0,32598.5,0.0318861637306185,"skincare, beauty, hair","skincare, beauty, hair","[""Healthy Homemade Supplements: Skin , Hair Supplements \u2705 || #skin #shorts"", ""Starting At 15/- best treatment for different skin conditions \u2705 || #shorts #cosmetology #skincare"", ""Under \u20b9100/- Skincare That Actually Works \u2705 || #Cosmetologist #ashortaday #shorts #skincare re"", ""Homemade Skin Supplement \u2705|| Result Timeline \u2728 #cosmetologist #shorts #new #skincare"", ""Last Minute Rakhi Gift \ud83c\udf81 Starting at \u20b9100/- #beauty #shorts #shorts"", ""Dehydrated Hair ?! How to Reverse it in 3 mins \u2705 #shorts #haircare #hair"", ""How To Grow Hair \u2705 Lazy Girl Tips || 4 Inches Hair Growth in 3 Months \u2728"", ""Secret TO FIND YOUR SPARK \u2728 #shorts #ashortaday #weightloss"", ""Skincare Exposed: False Marketing, Industry Secrets \ud83e\udd2b Part 1 #skincare #shorts #skincaretips #hair"", ""55/- Skin Supplement for Skin Brightning, Dark circle , Tanning \u2705 #skincare #supplement #shorts""]",Not Found,Not Found,Not Found,Not Found,Not Found,Not Found,Not Found,Not Found,Not Found,2026-09-29T04:20:39Z,66.88,FAIL,"[""followers outside configured range or unavailable""]",Indian skincare routine,2026-10-01T18:04:42.953940+00:00
UCKdBtXW9UwpxoVxI8u9VS0w,Facedecor,YouTube,https://www.youtube.com/channel/UCKdBtXW9UwpxoVxI8u9VS0w,723000.0,108805.8,0.0255409266006405,"skincare, beauty, fashion, hair","skincare, beauty, fashion, hair","[""Pharmacy Hidden Gem for Pigmentation!"", ""Tested 5 Popular HairFall Shampoo which one works?"", ""The Real Reason Why Pigmentation Creams  \u201cDon\u2019t Work\u201d.The Research Explained & What To Do?"", ""Dupes of Expensive Korean Skincare \ud83d\udcaf\ud83d\udcb8"", ""For Every Woman Building Her Own Legacy\ud83c\udf38"", ""Noticed pigmentation appearing suddenly after 30?"", ""Most asked Questions Answered :)"", ""I Tested 5 Popular Brightening Serums \u2014 Which One Is Actually Worth It?"", ""Skincare what works and what don\u2019t ?"", ""Which Celimax  Products are Worth Buying and worth Skipping ?viral Korean Celimax review !""]",Not Found,Not Found,Not Found,Not Found,Not Found,Not Found,Not Found,IN,Not Found,2026-10-01T15:30:25Z,62.88,FAIL,"[""followers outside configured range or unavailable""]",Indian skincare routine,2026-10-01T18:04:42.953940+00:00
UCXIF-aUFn6fwTU5YhwbXxAA,AOORA 아우라,YouTube,https://www.youtube.com/channel/UCXIF-aUFn6fwTU5YhwbXxAA,1080000.0,49550.0,0.0595694446232918,Not Found,Not Found,"[""AOORA - Performs Manja Kaattu Maina at Prabhu Deva\u2019s Chennai Concert! \ud83d\udd25"", ""Who Danced Better \ud83d\udd25 AOORA or the Dog? \ud83d\ude02\ud83d\udc36 | Ooee Baba"", ""AOORA Sang Aankh Marey LIVE and Uttar Pradesh Went Wild! \ud83d\udd25\ud83d\udc9a | #aoora #uttarpradesh"", ""KOLLAM, ARE YOU READY? AOORA Is Coming for the First Time! \ud83d\udd25 | \u0d15\u0d4a\u0d32\u0d4d\u0d32\u0d02, \u0d31\u0d46\u0d21\u0d3f\u0d2f\u0d3e\u0d23\u0d4b? #kollam #aoora"", ""AOORA\u2019s Uttar Pradesh School Tour \ud83d\udd25 Can You Spot Your School? \ud83d\udc40\ud83c\udfeb\ud83d\udc97 | #aoora #uttarpradesh"", ""[Notice] My Indian Girlfriend \ud83d\ude31\ud83d\ude0d\ud83c\uddee\ud83c\uddf3\ud83c\uddf0\ud83c\uddf7"", ""3 Ganpatis, 1 Korean Heart \ud83c\uddee\ud83c\uddf3\u2764\ufe0f\ud83c\uddf0\ud83c\uddf7 | Ganpati Bappa Morya! \ud83d\ude4f 2026 | #aoora #2026"", ""K-pop singer life in India Ganesh Chaturthi \u2764\ufe0f\u200d\ud83d\udd25 | #aoora #ganesh"", ""Praying for everyone \ud83d\ude4f\u2728 temple in Thailand \ud83c\uddf9\ud83c\udded | #thailand Ganesha| #aoora  #ganesha"", ""Korean Singer Went FULL Ganpati Mode \ud83d\ude4f\u2728""]",Not Found,Not Found,Not Found,Not Found,Not Found,Not Found,Not Found,KR,Not Found,2026-10-01T14:00:31Z,55.0,FAIL,"[""followers outside configured range or unavailable"", ""insufficient fashion/beauty keyword matches"", ""country does not match configured region""]",Indian skincare routine,2026-10-01T18:04:42.953940+00:00
UCSuwXK8sMfJRstK-L6CclJw,Paiichuuu,YouTube,https://www.youtube.com/channel/UCSuwXK8sMfJRstK-L6CclJw,210000.0,29357.1,0.0401562427461667,"skincare, fashion, outfit, style","skincare, fashion, outfit, style","[""What a night it was! #orrywedding #weddingvlog #sufinight"", ""Fitcheck. #fyp #fashion #fitcheck #ootd #outfit #streetwear"", ""You sign to start #motivation #creator #dreams #apple #iphone18pro"", ""Unboxing the all new iPhone 18pro #apple #iphone18pro #iphone #tech #unboxing #asmr"", ""Glowup routine. \ud83e\ude92 #grooming #mensgrooming #skincare #mensskincare #skincareroutine"", ""Who need Ai\ud83d\udc86\ud83c\udffb #trend #80s #vintage #ootd #outfit"", ""My top 4 perfumes atm #perfume #mensperfume #parfum #cologne #lifestyle"", ""The best feeling. #gym #workout #men #discipline #lifestyle"", ""Your sign to compliment someone\u2019s outfit today. #fashion #relatable #funny"", ""Which one did you like? \ud83d\udc40 #fashion #shirts #mesnfashion #styling""]",Not Found,Not Found,Not Found,Not Found,Not Found,Not Found,Not Found,IN,Not Found,2026-10-01T09:38:45Z,73.11,FAIL,"[""followers outside configured range or unavailable""]",Indian skincare routine,2026-10-01T18:04:42.953940+00:00
UCITzb2KRTgPundoSqGeCTvQ,Aarti Kushwaha,YouTube,https://www.youtube.com/channel/UCITzb2KRTgPundoSqGeCTvQ,709000.0,174324.0,0.0482605782343719,"skincare, makeup, beauty, outfit, haul, grwm","skincare, makeup, beauty, outfit, haul, grwm","[""Trimmer Or Epilator ?? Which one to buy ?"", ""Paisa Barbad ? Tried 100 rs Facial kit"", ""Worst Beauty Purchases \u274c|| Products i Regret buying"", ""Affordable Luxury-Smelling Perfumes You NEED to Try \u2728"", ""Mera Kya hi hoga \u2026.Airport GRWM \u2708\ufe0f"", ""Pack With Me for a YouTube Event \u2728"", ""GRWM for Ganpati Pooja \ud83e\ude94\u2728 | Vitamin C Fresh & Bright Mositurizer"", ""New Bag Unboxing + Organize With Me \ud83d\udc5c"", ""GRWM for Annaprashan \ud83e\udd79\ud83e\udd0d | Baby Face Reveal"", ""HUGE FESTIVE MAKEUP HAUL \ud83d\udc84\ud83d\udecd\ufe0fLuxury Makeup + Cute Beauty Finds \ud83e\uddf8\u2728""]",officialaarti97@gmail.com,channel description,Not Found,Not Found,Not Found,Not Found,Not Found,Not Found,Not Found,2026-10-01T11:35:48Z,78.78,FAIL,"[""followers outside configured range or unavailable""]",Indian skincare routine,2026-10-01T18:04:42.953940+00:00
UCsK_mNUEyhoqQKAijTblG7A,Sungjemish Sungjemish,YouTube,https://www.youtube.com/channel/UCsK_mNUEyhoqQKAijTblG7A,286000.0,21182.0,0.0204763799839178,"skincare, hair, style, cosmetics","skincare, hair, style, cosmetics","[""Best Budget Dark Spot Serum, La Roche-Posay Mela B3"", ""Botox eye cream \ud83d\ude31| Dark circles & under-eye wrinkles"", ""new hair growth without injectables \ud83d\udc89\ud83d\ude31"", ""are viral skincare products worth it?! \ud83d\udeab\ud83e\udd72\ud83d\udea9"", ""Nykaa sale recommendations \ud83c\udf80\u2728"", ""Back to Manila, Phillipines | Final chapter \ud83c\uddf5\ud83c\udded Part 3"", ""I bet you didn\u2019t know this about VT reedle shot \ud83d\ude31"", ""I cheated | storytime \u2615\ufe0f \ud83d\udc40\ud83c\udf80"", ""The ULTIMATE secret to cure dark circles \ud83d\ude31\u2728 100% works"", ""\u2060STOP Wearing Heavy Foundation In This Humidity! \u274c""]",sungjemish.work@gmail.com,channel description,Not Found,Not Found,Not Found,Not Found,Not Found,Not Found,Not Found,2026-09-01T12:02:59Z,52.67,FAIL,"[""followers outside configured range or unavailable""]",Indian skincare routine,2026-10-01T18:04:42.953940+00:00
UCN5f8xeW95sOx6gybUDQ2nw,Swetha Rathod,YouTube,https://www.youtube.com/channel/UCN5f8xeW95sOx6gybUDQ2nw,4720.0,1578.6,0.0132559766731784,"makeup, hair, style, grwm","makeup, hair, style, grwm","[""Lip combo \ud83e\udd0e\u2728 #lipcombo #youtubeshorts #makeup"", ""Thecha \ud83c\udf36\ufe0f\ud83e\udd75 #cooking #thecharecipe #youtubeshorts"", ""Masaledar chicken pulao recipe \ud83c\udf57\ud83c\udf5a"", ""\ud83e\udeb7\ud83e\udd0d\u2728"", ""GRWM \ud83e\udd0e\u2728 #grwm #youtubeshorts #youtube #rakhshabandan #makeup"", ""Green smokey eyes \ud83d\udc9a\u2728 #makeup #eyemakeup #eyeliner #tutorial"", ""\ud83e\udd0e #eyemakeup #eyelook #browneyes #tutorial"", ""Best flipkart find underarm roll on \ud83e\ude77\u2728 comment for the link. @vanesarollon #underarmrollon"", ""\ud83c\udf39\u2728"", ""Perfect red lipstick \u2665\ufe0f #redlipstick #lipsticktutorial #makeup""]",Not Found,Not Found,Not Found,Not Found,Not Found,Not Found,Not Found,Not Found,Not Found,2026-09-25T11:54:27Z,52.95,FAIL,"[""followers outside configured range or unavailable""]",Indian skincare routine,2026-10-01T18:04:42.953940+00:00
UC8Av1tO-ha143nNYzxmf1Fg,Pierre Dalati,YouTube,https://www.youtube.com/channel/UC8Av1tO-ha143nNYzxmf1Fg,2700000.0,895427.3,0.0509311170835233,Not Found,Not Found,"[""Why You Always Give Up On Yourself"", ""Stop Dressing Like This When It Gets Cold"", ""Pierre Dalati Live Stream"", ""Etiquette Mistakes That Are Disrespectful (Part 2)"", ""You\u2019re Addicted to Constant Stimulation"", ""How to Approach a Girl You Find Attractive"", ""Everyday Things You\u2019re Doing Wrong (Without Realizing It!)"", ""The Easiest Way to Start Any Business"", ""Insecure Habits You Don\u2019t Even Notice"", ""Simple Trick to Fix Your Screen Time""]",Not Found,Not Found,Not Found,Not Found,Not Found,Not Found,Not Found,CA,Not Found,2026-10-01T17:13:29Z,55.0,FAIL,"[""followers outside configured range or unavailable"", ""insufficient fashion/beauty keyword matches"", ""country does not match configured region""]",Indian skincare routine,2026-10-01T18:04:43.575656+00:00
UC1OqFNGQe7k6iJuBuPGUyhg,Manasi Mau,YouTube,https://www.youtube.com/channel/UC1OqFNGQe7k6iJuBuPGUyhg,742000.0,588672.6,0.0335104770997626,"skincare, makeup, beauty, fashion, haul, hair, grwm, lookbook","skincare, makeup, beauty, fashion, haul, hair, grwm, lookbook","[""Pack w Me\ud83c\udf92Last Trip Of 2026\u2728 #shorts #travel"", ""September Empties That Are WORTH IT\ud83e\udd11#shorts #skincare #favorite"", ""Marriage Talks Ft. Sahil, Mridul & Aditya \u2764\ufe0f @mridul_sharmaa | Manasi Mau"", ""*Updated* Blowdry Routine \ud83e\udd0c\ud83c\udffb #shorts #hair #shinyhair #blowout"", ""Festive Earrings From Myntra\ud83d\ude0d #shorts #festive #myntra #earrings"", ""These False Eye Lashes Are Sooo Good\ud83e\udd0c\ud83c\udffb"", ""*CRAZIEST* Haul I Have Ever Done : USA 2026\ud83c\uddfa\ud83c\uddf8 | Manasi Mau"", ""We Got A *CAR SEAT* For Evie\ud83d\udc36 #shorts #dog"", ""Did My Sister\u2019s Makeup\ud83d\ude0d\ud83e\uddff #shorts #makeup #sister"", ""Ticked This Off With My SISTER In NYC\ud83d\uddfd\u2705 #GRWM #broadway #shorts""]",Not Found,Not Found,Not Found,Not Found,Not Found,Not Found,Not Found,IN,Not Found,2026-10-01T13:03:26Z,68.46,FAIL,"[""followers outside configured range or unavailable""]",Indian skincare routine,2026-10-01T18:04:43.575656+00:00
UCxNw60YWZ0qy5zKa0yMhIuQ,leeskin,YouTube,https://www.youtube.com/channel/UCxNw60YWZ0qy5zKa0yMhIuQ,370000.0,434394.5,0.0341149062957081,"skincare, beauty","skincare, beauty","[""3 Mistakes that make pores bigger"", ""Not AD post breakup glowup at clinic"", ""How koreans look 20 at 40"", ""3 hygiene mistakes to avoid"", ""Getting rid of dark undereyes"", ""Post breakup glowup at home"", ""4 glow up tips \u2728"", ""Post breakup glowup"", ""How to get rid of PORES"", ""Do not just go to Oliveyoung""]",leeskincare730@gmail.com,channel description,Not Found,Not Found,Not Found,Not Found,Not Found,Not Found,Not Found,2026-09-30T16:50:00Z,68.66,FAIL,"[""followers outside configured range or unavailable""]",Indian skincare routine,2026-10-01T18:04:43.575656+00:00
UCyMlZgJMyqq8dZ4KYK0TqUA,Ana Tamang,YouTube,https://www.youtube.com/channel/UCyMlZgJMyqq8dZ4KYK0TqUA,94900.0,2600240.8,0.0185021861975226,"skincare, makeup, beauty, fashion, outfit, hair, style","skincare, makeup, beauty, fashion, outfit, hair, style","[""#ad What's Inside a Cushion Foundation's Mesh? | Maybelline"", ""My dark spots actually look faded Definitely one of the serums I\u2019ve genuinely enjoyed using \u2728"", ""No one told me this\u2026 but Kesh King Gold Anti-Hairfall Shampoo is my favourite for hairfall  \u2728"", ""My Everyday Essentials Ran Out at the WORST Time \ud83d\ude2d | Flipkart Minutes"", ""Stop Chasing Squeaky Clean Skin | CeraVe"", ""Dark spots don't disappear on their own they need the right ingredients. \u2728 @PHDBeautyIndia"", ""Shaving finally feels like selfcare. \ud83e\udd0d"", ""My Living alone journey begins \ud83d\udc95"", "" A Birthday I\u2019ll Never Forget \ud83d\udc94\ud83e\udd7a | Birthday Vlog  | Ana Tamang "", ""Oily Scalp + Dry Ends? Here\u2019s What Actually Works""]",Not Found,Not Found,https://www.instagram.com/ana_tamang_?igshid=MTNiYzNiMzkwZA%3D%3D&utm_source=qr,https://www.wishlink.com/anatamang,Not Found,Not Found,Not Found,Not Found,Not Found,2026-09-17T12:28:10Z,74.84,PASS_NO_EMAIL,[],Indian skincare routine,2026-10-01T18:04:43.575656+00:00
UCT-cEku5KaqZpYtSC-Tu7sQ,Swadha’s ♡,YouTube,https://www.youtube.com/channel/UCT-cEku5KaqZpYtSC-Tu7sQ,45400.0,2697.8,0.0306282706364366,"skincare, beauty, style","skincare, beauty, style","[""Swadha\u2019s \u2661 is live"", ""Rice DOVEI Vitamin E Soap \ud83e\udd0d\u2728 |Foaming, Nourishing & Moisturizing Winter Soap | Soap Making | Day 13"", ""Cucumber Potato Wrinkle Soap | For Dark Spots, Post-Acne Marks & Rough Skin | Full DIY Recipe"", ""I Started My Soap Business With Just \u20b9550 & Made \u20b91.5 Lakh Profit! | My First Month Story"", ""Why I Teach Soap Making for FREE | When I Could Easily Charge for It \ud83c\udf37\ud83e\udef6\ud83c\udffb"", ""Kumkumadi Night Glow Serum \u2728 | Homemade Skincare Remedy #shorts"", ""Sea Mud Orange Peel Scrub Soap \ud83c\udf0a\ud83c\udf4a | Deep Exfoliation + skin polish | Live Soap Making | Day 12"", ""366 Ancient Vedic Herbs Soap \ud83c\udf3a\u2728 | My Personal Aura & Glow Soap | Mahalakshmi-Inspired | LIVE MAKING"", ""Detan Oreo Chocolate Soap | Multani Mitti & Sandalwood | Body Detan Soap | Live Soap Making | Day 11"", ""Rose Whitening Loofah Soap \ud83d\udc97 Cleansing + Gentle Exfoliation + Hydration | Live Soap Making | Day 10""]",Not Found,Not Found,Not Found,Not Found,Not Found,Not Found,Not Found,GB,Not Found,2026-10-01T07:34:30Z,86.44,FAIL,"[""country does not match configured region""]",Indian skincare routine,2026-10-01T18:04:43.575656+00:00
UCb4l6L58yYFDhQbaFC0fPWQ,Vanessa Faga,YouTube,https://www.youtube.com/channel/UCb4l6L58yYFDhQbaFC0fPWQ,786000.0,51030.3,0.1014400950137758,"skincare, makeup, haul","skincare, makeup, haul","[""happy october besties!!!\ud83c\udf83\ud83c\udf42 #october #octobermood #fall #cozynights #nightroutine #aesthetic"", ""night diary\ud83e\udebd\ud83d\udcad #cozynights #girltherapy #selfcare #aesthetic #nightroutine"", ""my newest obsession @KiehlsCanada 1cc collashot plump serum @milkbar_store lip balm #kiehlspartner"", ""happy tuesday!!\ud83e\uddf8\ud83e\uddfa #morningroutine #morninginmylife #aesthetic #timestamps #vlog"", ""cozy fall days call for cleaning\ud83e\uddfa\ud83c\udf27\ufe0f\ud83c\udf41 #sundayreset #cleanwithme #cleaningmotivation #fall #cozy"", ""bedtime routine\ud83c\udf19\ud83e\uddf8 #nightroutine #cozynights #aesthetic #selfcare"", ""pumpkin syrup\ud83e\udd0e\ud83c\udf41\u2615\ufe0f #pumpkinsyrup #coffee #fallrecipe #fall #aesthetic #pumpkinspice"", ""preparing for fall\ud83e\uddf8\ud83c\udf42: decorating, cozy fall dinner, haul & more!"", ""autumn mornings have my heart\ud83e\udd0e\ud83c\udf41 #autumn #fallmorningroutine #morningroutine #fallaesthetic"", ""first day of fall!! \ud83c\udf42\ud83c\udf83\ud83e\uddf8 #fallaesthetic #falldecor #falldecorating #aesthetic #cozy""]",vanessa@elevenelevencollective.co,channel description,Not Found,Not Found,Not Found,Not Found,Not Found,Not Found,Not Found,2026-10-01T16:13:39Z,80.0,FAIL,"[""followers outside configured range or unavailable""]",Indian skincare routine,2026-10-01T18:04:43.575656+00:00
UCKfxsQiF3rTa5YuQQFtawwA,Doctor Duo,YouTube,https://www.youtube.com/channel/UCKfxsQiF3rTa5YuQQFtawwA,360000.0,20500.6,0.0282037954394698,"skincare, beauty, hair, style","skincare, beauty, hair, style","[""Your Result Didn\u2019t Go Your Way? Your Story Isn\u2019t Over ... \u2764\ufe0f@doctorduo #shorts"", ""I lost 15 kg, and this Pasta was one of the meals I loved having! \ud83c\udf5d\ud83e\udd2f | #shorts @doctorduo"", ""Growing my career along with my son | #shorts @doctorduo"", ""How Does Man Matters Solve Hair Loss? A Dermatologist Explains! @doctorduo #shorts"", ""How Do You Manage Motherhood, Work & Family\u2026 And Still Keep Going? \u2764\ufe0f @doctorduo #shorts"", ""Your skincare routine doesn't have to be complicated to work \u2728 @doctorduo #shorts"", ""Weight Loss Injections: Hype or Actually Helpful? \ud83d\udc40| #shorts @doctorduo"", ""They served us this drink instead of normal water which shocked us \ud83d\ude31... | #shorts @doctorduo"", ""6 Months Postpartum & No Hairfall? Here\u2019s Why! \ud83d\udc40 @doctorduo"", ""This patient made me believe that: When Someone Loves You for Who You Truly Are \u2764\ufe0f | #shorts""]",doctorduo@qyuki.com,channel description,Not Found,Not Found,Not Found,Not Found,Not Found,Not Found,Not Found,2026-09-30T13:44:27Z,64.52,FAIL,"[""followers outside configured range or unavailable""]",Indian skincare routine,2026-10-01T18:04:43.575656+00:00
UCmt6ANTxFIZL8XhLprxgJmQ,Maria Khan,YouTube,https://www.youtube.com/channel/UCmt6ANTxFIZL8XhLprxgJmQ,7400000.0,1552513.2,0.043826406879632,"makeup, hair, style","makeup, hair, style","[""New Jewellery & Makeup Box \ud83d\ude0a #mariakhan #shorts"", ""Haji Malang Funicular Train \ud83d\ude82 #mariakhan #shorts @mukeem03"", ""Soyabean Gravy Manchurian \ud83d\ude0b #mariakhan #shorts @mukeem03"", ""Musical Hanging Set Diy \ud83c\udfb6 #mariakhan #shorts"", ""Vinyl Record Table Diy \ud83d\ude00 #mariakhan #shorts"", ""New Hair Style Family Reaction \ud83d\ude1c #mariakhan #shorts"", ""Meri Aur Sadim Ki Masti \ud83d\ude32 #mariakhan #shorts"", ""Dadi Mummy Aur Mera Suit \ud83d\udc57 #mariakhan #shorts @sadimkhan03"", ""New Shop Opening Celebration \ud83c\udf89\u2728\ufe0f #mariakhan #shorts @sadimkhan03"", ""Smart Bazaar Se Shopping \ud83d\udecd #mariakhan #shorts @sadimkhan03""]",mariakhan03business@gmail.com,channel description,Not Found,Not Found,Not Found,Not Found,Not Found,IN,Not Found,2026-10-01T04:30:04Z,75.68,FAIL,"[""followers outside configured range or unavailable""]",Indian skincare routine,2026-10-01T18:04:43.575656+00:00
UC0rpxsHBn1j3kBTtKJ_wQjQ,Hustle With Harman,YouTube,https://www.youtube.com/channel/UC0rpxsHBn1j3kBTtKJ_wQjQ,691000.0,47224.1,0.0585396134737703,"skincare, beauty","skincare, beauty","[""This is HOW I INVEST MY MONEY at 27! (100% Honest)"", ""From Anxiety to Umling La (World's Highest Pass) #Ladakh"", ""From Anxiety to LADAKH MARATHON \ud83c\udfc5"", ""Mindset #4: Someone Else's Success Isn't Your Loss"", ""The Easiest Way to Protect Your Skin Daily!!"", ""Chase Real Dopamine!! #motivation"", ""3 Habits That Fixed My Focus!! #motivation"", ""Things Men Never Say Out Loud!!"", ""How ANXIETY Almost Ruined My Life! "", ""My Harley-Davidson Takes Me Back to Being a Kid!""]",harman@conixmedia.com,channel description,Not Found,Not Found,Not Found,Not Found,Not Found,IN,Not Found,2026-09-23T11:00:29Z,78.22,FAIL,"[""followers outside configured range or unavailable""]",Indian skincare routine,2026-10-01T18:04:43.575656+00:00
UCwVsXc29pRgWegWXiqrJ6KA,Skincare & Beauty with Anay,YouTube,https://www.youtube.com/channel/UCwVsXc29pRgWegWXiqrJ6KA,82700.0,503337.4,0.0124546652985738,"skincare, makeup","skincare, makeup","[""Korean Eye cream for dark Circles removal #skincare #viral #fyp #shorts #explore #koreanskincare"", ""celimax retinal + dralthea 345 cream #skincare #viral #shorts #fyp #explore"", ""Best serum for Dark neck treatment and pigmentation removal #pigmentation #shorts  #skincare #viral"", ""\u20b9699/- Retinal shot by Wishcare #retinal #viral #skincare #glowingskin #shorts #fyp #explore"", ""Result of using celimax retinal shot + dralthea 345 cream together #skincare #retinal #viral #shorts"", ""Best Retinal combination you need \u2705#retinal #viral #skincare #glowingskin #koreanskincare #shorts"", ""Best Korean skincare products you need #skincare #koreanskincare #viral #glowingskin #fyp #shorts"", ""You don't need BOTOX \u274c, If you use Celimax retinal shot \u2705 #skincare #retinol #shorts #viral #explore"", ""Arencia vitamin c booster shot for tan removal #skincare #viral #tanremoval #bodycare #shorts #fyp"", ""underarm pigmentation removal cream arencia vitamin c booster shot #darkunderarms #skincare #viral""]",Not Found,Not Found,Not Found,Not Found,Not Found,Not Found,Not Found,Not Found,Not Found,2026-09-29T12:51:29Z,73.27,PASS_NO_EMAIL,[],Indian skincare routine,2026-10-01T18:04:43.575656+00:00
UCiWF0x9Hhgyeq5l4rNC87zA,FaceTory,YouTube,https://www.youtube.com/channel/UCiWF0x9Hhgyeq5l4rNC87zA,54000.0,315.2,0.0090816597984882,"skincare, beauty","skincare, beauty","[""Tips For Eczema Prone Skin! \ud83e\uddfc\u2728"", ""A Sheet Mask A Day Keeps The Sadness Away! \ud83c\udf80\ud83e\udee7"", ""How Much Product To Use! \ud83e\uddfc\ud83d\udca7"", ""Things I Wish I Knew Younger! #SkincareTips"", ""Hacks for Glowing Skin! \u2728\u2728\u2728"", ""Get Ready With Me For #DateNight \ud83d\udc85\ud83c\udf38"", ""\ud83d\udec1\ud83e\udee7 Leveling Up Self-Care Night Tonight \u2728\ud83c\udf80"", ""That Feeling When Your Take Off The Sheet Mask..."", ""The Worst Products To Use On Your Face! \ud83d\udca7"", ""Tips for Acne \ud83e\udee7\ud83d\udc96 #skicnaretips #myfacetory""]",Not Found,Not Found,Not Found,Not Found,Not Found,Not Found,Not Found,US,Not Found,2026-10-01T07:00:32Z,71.36,FAIL,"[""engagement rate below threshold or unavailable"", ""country does not match configured region""]",Indian skincare routine,2026-10-01T18:04:43.575656+00:00
UCc34FvrsixVdHuvaipikMxA,Dr. Sarin ,YouTube,https://www.youtube.com/channel/UCc34FvrsixVdHuvaipikMxA,948000.0,123281.7,0.0197511403889323,"skincare, beauty, hair","skincare, beauty, hair","[""You\u2019re Probably Using Your Sunscreen Wrong! | Part 2/5 || Dr. Sarin ||"", ""Dry Skin? Build Your Skincare Routine With These 4 Steps || Dr. Sarin ||"", ""You\u2019re Probably Using Your Sunscreen Wrong! | Part 3/5 || Dr. Sarin ||"", ""Getting Married Soon? Do These Skin Treatments before Your Wedding || Dr. Sarin ||"", ""Your OG Skincare products, Rated by a Dermatologist || Dr. Sarin ||"", ""You\u2019re Probably Using Your Sunscreen Wrong! | Part 4/5 || Dr. Sarin ||"", ""Stop Wasting Money! Dermatologist Picks Skincare for Every Budget || Dr. Sarin ||"", ""You\u2019re Probably Using Your Sunscreen Wrong! | Part 5/5 || Dr. Sarin ||"", ""The Best Foods for Glowing Skin? A Dermatologist Explains || Dr. Sarin ||"", ""Does Lipstick Make Your Lips Dark? Here\u2019s How to Prevent It! || Dr. Sarin ||""]",sarinskinsolutions@gmail.com,channel description,https://www.instagram.com/drankursarin_sarinskin/?hl=en,https://sarinskin.com/,Not Found,Not Found,Not Found,IN,Not Found,2026-10-01T05:30:13Z,58.83,FAIL,"[""followers outside configured range or unavailable""]",Indian skincare routine,2026-10-01T18:04:43.575656+00:00
UCk9jTMVlPPZ0MyePgW5BzDQ,Harshita Dave,YouTube,https://www.youtube.com/channel/UCk9jTMVlPPZ0MyePgW5BzDQ,77000.0,29900.0,0.0105480310421358,"skincare, makeup, beauty, fashion, haul","skincare, makeup, beauty, fashion, haul","[""Adult acne is so hard to deal with \ud83d\ude2d #shortsaday #acne #clearskin #relatable #trending #acnejourney"", ""Spend a day with me on the sets of Crime Patrol \ud83c\udfac #minivlog  #shootlife #crimepatrol #actor"", ""Is BTS Jungkook following me? \ud83e\udee3\ud83d\udc40\ud83d\ude0d #shortsaday #btsjungkook #btsarmy #relatable #funny #bts"", ""People with acne can relate \ud83e\udd72 #shortsaday #acne #acneskin #relatable #acneproneskin #pimplepatch"", ""Nykaa Sale Haul \ud83d\udc40\ud83d\udecd\ufe0f #shortsaday #nykaahaul #tirahaul #beautyhaul #nykaasale #makeuphaul"", ""Tira & Nykaa Sale Haul \ud83d\udc40\ud83d\udecd\ufe0f\ud83e\udd11 #shortsaday #tirahaul #nykaahaul #beautyhaul #skincare #kbeauty"", ""My Health Update! I need to talk about this #shortsaday #healthupdate #hyperthyroidism #anemia"", ""STORYTIME: Our New House Was A NIGHTMARE. We Took Legal Action"", ""Our SOCIETY ran out of WATER \ud83d\ude2d | First Airbnb Experience + Honest Review"", ""People who get it, get it! #shortsaday #acnejourney #acneproneskin #relatable #acnefighter #acne""]",Not Found,Not Found,Not Found,Not Found,Not Found,Not Found,Not Found,Not Found,Not Found,2026-09-14T07:30:22Z,68.61,PASS_NO_EMAIL,[],Indian skincare routine,2026-10-01T18:04:43.575656+00:00
UCHEiXYM8ybFqV_wWI69RjGQ,Tarini Peshawaria,YouTube,https://www.youtube.com/channel/UCHEiXYM8ybFqV_wWI69RjGQ,976000.0,350197.9,,"skincare, makeup, beauty, hair","skincare, makeup, beauty, hair","[""Beginner-friendly retinol serums for Indian Skin"", ""I got a BOB! \ud83d\ude48"", ""I don\u2019t have the courage to have a second child, yet."", ""Can we please leave Katrina Kaif alone?"", ""How I lost 10kgs post giving birth!"", ""Affordable dupes of high-end nude lipsticks"", ""These Indian homegrown beauty products deserve more hype than they get!"", ""Nothing tells you who your true friends are UNTIL\u2026"", ""What skincare to buy in UK and European pharmacies"", ""11 August 2026""]",Not Found,Not Found,Not Found,Not Found,Not Found,Not Found,Not Found,IN,Not Found,2026-09-30T17:35:43Z,44.78,FAIL,"[""followers outside configured range or unavailable"", ""engagement rate below threshold or unavailable""]",Indian skincare routine,2026-10-01T18:04:43.575656+00:00
UCnBlcpYE-uJ7WD8hB_-TFdQ,Gargi Jain,YouTube,https://www.youtube.com/channel/UCnBlcpYE-uJ7WD8hB_-TFdQ,1070.0,1000.7,,"skincare, makeup, beauty, fashion, outfit, hair, style","skincare, makeup, beauty, fashion, outfit, hair, style","[""Everybody knows that I'ma good girl Officer\ud83c\udf80 #viralreels #uk #trending #fun #ytshorts #tiktok #short"", ""Viral plane trend\u2708\ufe0f #travel #vacation #ytshorts #shorts #trending #trip #fun #indian #travelvlog"", ""This is London\ud83c\uddec\ud83c\udde7 #travel #uk #london #bigben #londoneye #europe #viral #trending #shorts #ytshorts"", ""Asmr Pack with me\u2708\ufe0f\ud83e\uddf3 #packing #asmr #trip #travel #travelvlog #ytshorts #viral #shorts #trending"", ""Girls Trip problem\ud83d\ude02 #vacation #trip #shopping #ytshorts #funny #relatable #shorts #viral #travel"", ""Indian Funny Girl\ud83d\ude02 #memes #funny #comedy #relatable #ytshorts #shorts #food #streetfood #fun #beauty"", ""Girls Trip problem\ud83d\ude02 #vacation #trip #shopping #ytshorts #funny #relatable #shorts #viral #travel"", ""Vacation Prep begins\ud83d\udecd\ufe0f #shopping #memes #ytshorts #travel #travelvlog #shorts #viral #trending #trip"", ""Trust & Faith\ud83e\ude90 #manifestation #affirmations #lawofattraction #abundance #gratitude #universe #travel"", ""Gel Nails\ud83d\udc85 Marble Art work + Chrome #nailart #nails #naildesign #nailpolish #gelnails #beauty #viral""]",mariejain16@gmail.com,channel description,Not Found,Not Found,Not Found,Not Found,Not Found,IN,Not Found,2026-10-01T12:52:06Z,45.0,FAIL,"[""followers outside configured range or unavailable"", ""engagement rate below threshold or unavailable""]",Indian skincare routine,2026-10-01T18:04:43.575656+00:00
UCRj4Myhvo_GijE9hiCnTwLA,Dr Adel,YouTube,https://www.youtube.com/channel/UCRj4Myhvo_GijE9hiCnTwLA,207000.0,9275.9,0.0253109089270317,"skincare, beauty, hair, style","skincare, beauty, hair, style","[""SAVE OR SPLURGE - beauty products #dermatologist #productrecommendations"", ""the best way to apply tretinoin #dermatologist #tretinoin"", ""8 Signs of Hair Damage You Probably Think Are Normal - Dermatologist Explains | Dr Adel"", ""hair growth combinations that work better together #dermatologist #hairgrowth"", ""why k\u00e9rastase may not be working for you #dermatologist #hairloss"", ""10/10 habits for healthy skin #dermatologist #skincare"", ""reminding you what\u2019s actually normal in 20 seconds \ud83d\udc81\ud83c\udffb\u200d\u2640\ufe0f #dermatologist #deinfluencing"", ""the truth about mixing hair serums #dermatologist #hairgrowth"", ""dermatologist spends \u00a350 in boots on haircare #dermatologist #haircare #productrecommendation"", ""dermatologist explains what's normal or not with concerns #dermatologist #haircare #skincare""]",dradel@markhortalent.com,channel description,Not Found,Not Found,Not Found,Not Found,Not Found,GB,Not Found,2026-10-01T16:00:24Z,62.72,FAIL,"[""followers outside configured range or unavailable"", ""country does not match configured region""]",Indian skincare routine,2026-10-01T18:04:43.575656+00:00
UCwWSMrbVeF6KevmQdTIfkXQ,Sivayazhini Thangavel,YouTube,https://www.youtube.com/channel/UCwWSMrbVeF6KevmQdTIfkXQ,35500.0,53386.1,0.0196798419965592,"skincare, beauty, style","skincare, beauty, style","[""\ud83c\udfadSkincare after a long time & it turned out 2 b- CHEF\u2019s KISS\ud83d\udc8b #SkinCycling #GlowingSkin #DIYFacial"", ""\ud83c\udfadSkincare again bcoz its my armor! #browngirl #skincare #glowingskin"", ""Krishna Jenmastami\ud83e\udd9a. My little Kanha\ud83e\udd70\ud83e\ude88 #motherhoodjourney #browngirl #lifestyle #softlife #mom"", ""\u27a1\ufe0fSoft launching AATHVI to the world\u2665\ufe0f #lifestylecreatorindia #browngirl #motherhoodjourney"", ""\ud83e\udec2 self loved woman, got married , had baby.. OMGGG ! Riding on high level of love\u2665\ufe0f #mom # #mybaby"", ""\ud83e\udd37\ud83c\udffb\u200d\u2640\ufe0f comment said, \u201c i\u2019m lazy without posting\u201d, but I am in postpartum.\ud83e\udd79 #comeback #softlife"", ""\u2705From growing a baby to growing my career again \u2764\ufe0f #mom #maternity #postpartum #motherhoodcommunity"", ""\u27a1\ufe0fA simple 5 min pause for healthy daily reset!\u2705 #browngirl #newmom #maternalwellness"", ""\ud83d\udc68\u200d\ud83e\uddb2Macha\u2019s \u0baa\u0bb4\u0ba9\u0bbf \u0bae\u0bc1\u0bb0\u0bc1\u0b95\u0ba9\u0bcd \u0bae\u0bca\u0b9f\u0bcd\u0b9f\u0bc8 for Thangamayilu \ud83d\udc23 #browngirl #mom #couple"", ""\ud83d\udc9bSivaathvi Anbarasu \u2665\ufe0f- story in Caption #browngirl #softlifeindia #mom #namingceremony""]",sivayazhini@bluboxtalents.com,channel description,Not Found,Not Found,Not Found,Not Found,Not Found,Not Found,Not Found,2026-09-25T11:14:17Z,77.44,PASS,[],Indian skincare routine,2026-10-01T18:04:43.575656+00:00
UCIpnAD8s6m4db87-1xI4fWg,Neetu Bisht Lifestyle,YouTube,https://www.youtube.com/channel/UCIpnAD8s6m4db87-1xI4fWg,2680000.0,1352161.0,0.030453201122428,"beauty, fashion, outfit, style","beauty, fashion, outfit, style","[""When The Outfit Matches The View \u2764\ufe0f #neetubisht #lakhneet #trending"", ""Gugarishein \u2764\ufe0f #neetubisht #lakhneet #trending #shorts"", ""Straight From The Regency Era \u2764\ufe0f #neetubisht #lakhneet #trending #fashion"", ""A Look Straight Out Beauty Pageant Contest \u2764\ufe0f #neetubisht #lakhneet"", ""All Outfits of Suyash Engagement\ud83d\ude0d\u2728"", ""Happy Radha ashtami\ud83d\ude4f\ud83c\udffb\u2764\ufe0f #neetubisht"", ""Ganpati bappa\ud83e\udd70\ud83d\ude4f\ud83c\udffb"", ""Same time \ud83e\udd70\ud83d\udc8d\u2764\ufe0f #neetubisht #shorts #trending"", ""Hey Korean girl, you really know how to bring Korea home...\ud83e\udd79\ud83c\uddf0\ud83c\uddf7\ud83d\udc97 #neetubisht #lakhneet #trending"", ""My love for saree is not new and this one was living rent free in my mind\ud83e\udd70\u2764\ufe0f #neetubisht""]",teamneetu@gmail.com,channel description,Not Found,Not Found,Not Found,Not Found,Not Found,Not Found,Not Found,2026-10-01T11:54:37Z,66.32,FAIL,"[""followers outside configured range or unavailable""]",Indian skincare routine,2026-10-01T18:04:43.575656+00:00
UChQ1w527zgpoX-SVl1VFL0w,Saumya,YouTube,https://www.youtube.com/channel/UChQ1w527zgpoX-SVl1VFL0w,11500.0,6386.7,0.0122596469854923,"skincare, makeup, beauty, hair, cosmetics","skincare, makeup, beauty, hair, cosmetics","[""Best combo for oily acne prone skin# #skincare #oilyskin"", ""28 days skin challenge? Accepted! #darkspots #pigmentation #asaya"", ""You\u2019ll never stink, or have bad odour once you start using this mist\u2728#underarmcare #darkunderarms"", ""Summers are ewww but I\u2019ll make an exception for these summer essentials\ud83e\udef6\ud83c\udffb\ud83e\udd79 #ad"", ""#ad SPF isn\u2019t optional, it\u2019s essential \ud83c\udf1e"", ""Smell expensive under 1k? Well yes that\u2019s possible!\ud83e\udd0d\u2728#smellgood #perfumereview #vanilla #under1000"", ""Skincare meets makeup with @SwissBeautyCosmetics mousse highlighters \u2728\ud83e\udef6\ud83c\udffb #affordableproducts"", ""I don\u2019t even feel that I\u2019m wearing a lipstick!\ud83e\udee3#lipstick #affordableproducts #browngirl"", ""Bare anatomy vs pilgrim hair growth serum\ud83d\ude4c\ud83c\udffb #hairgrowth #transformation"", ""#nonsponsered I have willingly spent money on this brand again & again & again #kp #winterbodycare""]",Not Found,Not Found,Not Found,Not Found,Not Found,Not Found,Not Found,Not Found,Not Found,2026-09-25T15:32:00Z,72.25,PASS_NO_EMAIL,[],Indian skincare routine,2026-10-01T18:04:43.575656+00:00
UCGXqrVq4-HFZ5NBbmOv9AeA,NIVEA India,YouTube,https://www.youtube.com/channel/UCGXqrVq4-HFZ5NBbmOv9AeA,172000.0,287.5,0.0080632466187598,skincare,skincare,"[""NIVEA Luminous Even Glow Serum with Thiamidol & Niacinamide | Kannada 6 Sec"", ""NIVEA Luminous Even Glow Serum with Thiamidol & Niacinamide | Kannada 6 Sec"", ""NIVEA Luminous Even Glow Serum with Thiamidol & Niacinamide | Kannada 10 Sec"", ""NIVEA Luminous Even Glow Serum with Thiamidol & Niacinamide | Kannada 10 Sec"", ""NIVEA Luminous Even Glow Serum with Thiamidol & Niacinamide | Kannada 15 Sec"", ""NIVEA Luminous Even Glow Serum with Thiamidol & Niacinamide | Kannada 15 Sec"", ""NIVEA Luminous Even Glow Serum with Thiamidol & Niacinamide | Kannada 20 Sec"", ""NIVEA Luminous Even Glow Serum with Thiamidol & Niacinamide | Kannada 20 Sec"", ""NIVEA Luminous Even Glow Serum with Thiamidol & Niacinamide | Telugu 6 Sec"", ""NIVEA Luminous Even Glow Serum with Thiamidol & Niacinamide | Telugu 6 Sec""]",Not Found,Not Found,Not Found,Not Found,Not Found,Not Found,Not Found,Not Found,Not Found,2026-09-21T12:11:27Z,35.92,FAIL,"[""followers outside configured range or unavailable"", ""engagement rate below threshold or unavailable"", ""insufficient fashion/beauty keyword matches""]",Indian skincare routine,2026-10-01T18:04:43.575656+00:00
UCnvCHWv2FAokyadrUunCkpQ,Ishika Garg,YouTube,https://www.youtube.com/channel/UCnvCHWv2FAokyadrUunCkpQ,9530.0,104562.8,0.0291344655164508,"skincare, makeup, beauty, fashion, hair","skincare, makeup, beauty, fashion, hair","[""Brutally reviewing vitamin c shot for pigmentation \u2728 #glow #wedding #bridalskin #glowingskin"", ""I tried a lip combo that lasts for more than 6 hours #lipstick #makeup #ytshorts #glow"", ""I did manicure at home with press on nails #nailart #ytshorts #pressonnails #glow #fyp"", ""How to get that smooth dewy bas \u2728 #makeup #skincare  #skinprep #bridalmakeup #glow #ytshorts"", ""If you're a 2026 bride, you need to do these for your wedding day #w #indianbride #bridalskin #glow"", ""The setting spray I use for dewy makeup #makeup #glow #dewymakeup #ytshorts #fyp"", ""How to control frizz in curly wavy hair #haircare #indianhair #curlyhair #curlywavyhair #frizzyhair"", ""Hand stacks from Myntra under 1000 #fashion #desibangles #handstack #ytshorts #fyp #budgetbuys"", ""I bought Kbeauty products worth Rs. 30000 #kbeauty #"", ""Bath and body products that make me smell expensive all day #bodycare #indianbrands #glow #ytshors""]",Not Found,Not Found,Not Found,Not Found,Not Found,Not Found,Not Found,Not Found,Not Found,2026-10-01T15:02:51Z,85.39,PASS_NO_EMAIL,[],Indian skincare routine,2026-10-01T18:04:43.575656+00:00
UC4HlZ9D5agwKmjWuYmDL4KA,ZolieSkinClinic,YouTube,https://www.youtube.com/channel/UC4HlZ9D5agwKmjWuYmDL4KA,1360000.0,23554.4,0.0229856752083788,"skincare, beauty, hair, style","skincare, beauty, hair, style","[""5 things to remember before taking Vitamin E capsule| Vitamin E for Glowing Skin"", ""The Secret to Clear Skin: What You Need to Know #clearskin #skincare #secrets"", ""How to use these Glycolic Acid based toners?"", ""Sunscreen for different skin types| Sunscreen for Oily Skin, Dry Skin, Combination Skin|"", ""4 skincare products that will waste your money! Skincare Products that you don't need!"", ""What\u2019s a Simple Skincare Routine for Combination Skin? Garnier Vitamin C Fresh & Bright Moisturizer"", ""Melasma Treatment| Melasma Treatment cream| How to Treat Melasma | Melasma treatment in Hindi"", ""Vitamin C Tablets on Face Reaction Video| should you apply Vitamin c tablet on face?"", ""Glycolic Acid Uses| How to use Glycolic Acid?"", ""Food for better skin: Best foods for Vitamin C, Iron, Protein""]",Not Found,Not Found,Not Found,Not Found,Not Found,Not Found,Not Found,IN,Not Found,2026-10-01T12:41:08Z,61.09,FAIL,"[""followers outside configured range or unavailable""]",Indian skincare routine,2026-10-01T18:04:43.575656+00:00
UCWJ3Ospe7BLj-5Q3-XdJGpw,PAYEEL JANNAA♾️,YouTube,https://www.youtube.com/channel/UCWJ3Ospe7BLj-5Q3-XdJGpw,737000.0,104082.0,0.0595355599135816,"skincare, makeup, beauty, hair, style","skincare, makeup, beauty, hair, style","[""A Little Piece of Prague \ud83c\udff0\ud83c\udf3f #Prague #PragueDiaries #TravelReels #adayinmylife #shorts #minivlog"", ""After-Shampoo Hair Care + Blow-Dry Routine \ud83e\udd0d | Smooth, Manageable Hair at Home #HairCare"", ""the little things that make a day feel good \ud83c\udf3f | tea, IKEA & catching up with my flatmate #minivlog"", ""a slow day in my life \ud83c\udf3f | coming back home, finding my rhythm again #adayinmylife #calmvibes"", ""A Little More Penny Time \ud83e\udd79\ud83d\udc3e | Home Vlog #adayinmylife #penny #home #minivlog #shorts #reels #vlog"", ""4.5 Hours Later\u2026 FINALLY PENNY SE MILI \ud83e\udd79\u2764\ufe0f #Vlog #Penny #Home #CabinCrew #minivlog #shorts #reels"", ""Finally Ghar Ja Rahi Hoon \ud83e\udd79\u2708\ufe0f | Cabin Crew Life #Vlog #CabinCrew #DailyVlog #Home #minivlog #shorts"", ""A day in my life | Subha 4 Baje Uthne Ka Faida! #adayinmylife #cabincrew #minivlog #shorts #reels"", ""Another day with my Simple Routine! #adayinmylife #minivlog #reels #shorts #livingalone #cabincrew"", ""Apne sleep routine ko Sudhar me ki kosish! #adayinmylife #minivlog #cabincrew #shorts #reels""]",payeljana035@gmail.com,channel description,https://www.instagram.com/payeel_jannaa/profilecard/?igsh=cGJ4MGZvMGV1cHl5,https://www.facebook.com/profile.php?id=100090523148497&mibextid=ZbWKwL,Not Found,Not Found,Not Found,Not Found,Not Found,2026-09-27T06:05:02Z,79.11,FAIL,"[""followers outside configured range or unavailable""]",Indian skincare routine,2026-10-01T18:04:43.575656+00:00
