id,name,platform,profile_url,followers,avg_views,engagement_rate,niche,content_themes,recent_titles,email,email_source,instagram_url,website,audience_age,audience_gender,audience_geo,country,language,last_upload,brand_fit_score,status,fail_reasons,source,fetched_at
UCMTl80jTQwGkO335HoVf0ig,Dr. Aanchal MD,YouTube,https://www.youtube.com/channel/UCMTl80jTQwGkO335HoVf0ig,3490000.0,27192.9,0.0204179019934341,"skincare, makeup, beauty, hair, style","skincare, makeup, beauty, hair, style","[""Are beauty standards changing? The truth about ageing & beauty treatments Ft. Dermatologist Dr.Mikki"", ""Stop hair fall immediately | dermatologist suggests"", ""What is the right order to apply Skincare products? Dermatologist Explain #skincareproducts"", ""Simple face preparation for this Festive season | Dermatologist suggests #skincaretips"", ""How to prevent tanning during swimming"", ""Must know about skin!"", ""Are we raising mentally unhealthy kids? Things all parents should know Ft. Psychiatrist Dr.Anjalika"", ""Darkness in between thighs | causes, things to avoid, treatment"", ""5 things you must know !"", ""Watch this if you use kajal!""]",Not Found,Not Found,Not Found,Not Found,Not Found,Not Found,Not Found,IN,Not Found,2026-10-01T10:55:17Z,59.29,FAIL,"[""followers outside configured range or unavailable""]",skincare routine,2026-10-01T17:36:33.066053+00:00
UCu7Ld2o0QnLPm4j0gCn7Agw,SHEF,YouTube,https://www.youtube.com/channel/UCu7Ld2o0QnLPm4j0gCn7Agw,1760000.0,467204.3,0.0254328293204596,"skincare, makeup, beauty, fashion, haul, hair, grwm","skincare, makeup, beauty, fashion, haul, hair, grwm","[""Affordable Modest Clothing Finds for College & Office Girls \ud83c\udf38 #haul #modestfashion #youtubeindia"", ""Glow Up tools that actually work!!\ud83d\udc81\ud83c\udffb\u200d\u2640\ufe0f\u2728 #selfcare #glowup #skincare #haircare #tools"", ""Best Anti Tanning Home Remedy \ud83c\udf45 #homeremedies #indianskincare #youtubeshorts #shorts"", ""my girl math is no longer mathing \ud83e\udd7a \u20b950,000 emi ?\ud83e\udd79\ud83d\udc80 #youtbeshorts #apple #launch #youtubeindia"", ""My Top 5 Teen Love Story Movies |Nostalgia coded\u2728 #teen #movie #youtubeshorts"", ""How to use Aloe Vera for skin & haircare at home !\ud83c\udf31\u2728 #smoothhair #skincare #haircare #homeremedies"", ""Clean & Nutritious Things I Choose for Wellness \ud83e\udd5c\ud83c\udf6f #wellness #nutrition #vegetarian #youtubeindia"", ""3 Things you Must do for Glowing skin !! #skincare #tips #glowup #youtubeshorts"", ""My go to - Salted Brown Iced Coffee Recipe \ud83e\udd0e\u2728 #recipe #coffee #youtubeshorts #shortsindia"", ""Get Unready with me \ud83d\udec1\ud83e\uddfd\ud83e\udee7 #skincare #youtubeindia #youtubeshorts""]",Not Found,Not Found,Not Found,Not Found,Not Found,Not Found,Not Found,IN,Not Found,2026-09-22T15:02:07Z,60.8,FAIL,"[""followers outside configured range or unavailable""]",skincare routine,2026-10-01T17:36:33.066053+00:00
UCj4nEnx8t_HJ5wpL1YPxHaw,Chetali Chadha,YouTube,https://www.youtube.com/channel/UCj4nEnx8t_HJ5wpL1YPxHaw,681000.0,50640.9,0.0215226729449155,"skincare, makeup, beauty, fashion, hair, style, grwm","skincare, makeup, beauty, fashion, hair, style, grwm","[""Acne & Acne Marks Skincare Routine #acneproneskin #acneremoval"", ""UNBOXING My Birthday Gifts | Skincare, Makeup, Perfume, Bag, Sunglasses & More | Chetali Chadha"", ""6 Indian Budget Shampoos for different Hair Types! #shampoo #haircaretips"", ""Reviewing 3 Viral Skincare Launches! What\u2019s worth your money\ud83d\udcb0? #viralskincare"", ""My Nighttime Anti-Aging/Barrier Repair Skincare Routine | GURWM Post Event | Chetali Chadha"", ""1 Product For Your Hair Problem! The Haircare Cheatsheet you need in 2026! #haircare #hairgrowth"", ""Best Lip Glosses! Rating 8 Popular Lip Glosses in India \ud83c\uddee\ud83c\uddf3 #lipgloss"", ""GRWM IN GOA for YouTube\u2019s BIGGEST Creators Event\u2026 AND WE WON AN AWARD! \ud83e\udd79\ud83c\udfc6 | Chetali Chadha"", ""Best Gripping Primers | Rating 8 Popular Gripping Primers #primer #makeup"", ""Teenagers Budget Skincare Routine For All skin Types | Oily/Acne/Combo/Dry Skin | Chetali Chadha""]",Not Found,Not Found,Not Found,Not Found,Not Found,Not Found,Not Found,IN,Not Found,2026-09-30T13:17:48Z,59.84,FAIL,"[""followers outside configured range or unavailable""]",skincare routine,2026-10-01T17:36:33.066053+00:00
UCqxoKG7ctyMrR5MzTtrZYtg,Preity प्रेरणा,YouTube,https://www.youtube.com/channel/UCqxoKG7ctyMrR5MzTtrZYtg,6160000.0,122272.2,0.0176675227068142,"skincare, beauty, hair","skincare, beauty, hair","[""Long Shiny Hair Secret \ud83e\udd2b #keratintreatment #shorts #haircare #preityprerna"", ""Grab Your Glow, only few units left \ud83d\udea8 #preityprerna #skincare #ubtanforglowingskin #shorts"", ""30 Days Thick Hair Growth Challenge : \u092c\u093e\u0932\u094b\u0902 \u0915\u0940 DENSITY \u0914\u0930 VOLUME \u0915\u094b \u0926\u094b \u0917\u0941\u0928\u093e \u0915\u0930\u0947\u0902 \u0938\u093f\u0930\u094d\u092b 30 \u0926\u093f\u0928\u094b\u0902 \u092e\u0947\u0902"", ""Try This For Spotless Skin.. Melasma Hyperpigmentation \u0915\u093e\u0932\u0947 \u0927\u092c\u094d\u092c\u0947 Spots Gone ! #skincare #shorts"", ""DIY PLATINUM GLOWING FACIAL  \u0926\u0941\u0932\u094d\u0939\u0928 \u0938\u093e \u0928\u093f\u0916\u093e\u0930, \u092a\u093e\u0930\u094d\u0932\u0930 \u0938\u0947 20 \u0917\u0941\u0928\u093e Glow \u0938\u093f\u0930\u094d\u092b \u090f\u0915 \u092c\u093e\u0930 \u092e\u0947\u0902 \ud83d\udc95"", ""Preity Prerna Must Have Haircare Essentials ! #haircare #tangleteezer #shorts"", ""DIY HAIR SMOOTHING & Straightening Cream | For Dandruff, Damaged Hair | Saloon Spa \u0938\u0947 10 \u0917\u0941\u0928\u093e \u092c\u0947\u0939\u0924\u0930"", ""Get 20x Glow Naturally \u2764\ufe0f #skincare #glowingskin #skincare #shorts"", ""10/- \u0930\u0941 \u0915\u093e Magical \u092a\u0924\u094d\u0925\u0930 | Alum (Fitkari) for skin  #preityprerna #skincare #fitkarikefayde #shorts"", ""14 DAYS SKIN CHALLENGE : Lighten Brighten & Flawless Smooth Skin at Home in Just 2 Weeks | DIY Detan""]",Not Found,Not Found,Not Found,Not Found,Not Found,Not Found,Not Found,IN,en,2026-09-30T09:10:14Z,57.15,FAIL,"[""followers outside configured range or unavailable""]",skincare routine,2026-10-01T17:36:33.066053+00:00
UCUqMt0c0rboE_K9ZpCoFFQg,Skin Care Routine ,YouTube,https://www.youtube.com/channel/UCUqMt0c0rboE_K9ZpCoFFQg,11600.0,11971.1,0.0215288874125754,"skincare, beauty, style","skincare, beauty, style","[""Curd Facial for Instant Skin Whitening &Tan Removal: Bright & Clear Skin Naturally"", ""Skin care routine"", ""DIY Pedicure Scrub for Dark Feet & Ankles!Instant Whitening Scrub T Get Fair &Soft Hands & Feet"", ""DIY Home Remedy for Sun Tan Removal&Bacne Clear & Glow Remove Sun Tan &IDark Neck Instantly!"", ""Add Just 1 Thing With Fair & LovelyCream And Get Full Fairness lInstant SkinWhitening Facial#diy"", ""Skin whitening \"" COFFEE FACE MASK forwhite bright and glowing skin. #skincare#glowingskin #viral"", ""Korean Glass Skin Secret at Home Clear,Wrinkle-Free & Glowing Skin DIY Face MaskTutorial #beauty"", ""skin care Routine"", ""Hand Foot Whitening Tips#hathokogorakarnekatarika #feetwhitening#shorts #youtubeshorts"", ""Korean Glass Skin Secret at Home Clear,Wrinkle-Free & Glowing Skin DIY Face Mask Tutorial #beauty""]",Not Found,Not Found,Not Found,Not Found,Not Found,Not Found,Not Found,PK,Not Found,2026-10-01T07:49:13Z,80.07,FAIL,"[""country does not match configured region""]",skincare routine,2026-10-01T17:36:33.066053+00:00
UCk8U-j3BoWWd9cny2YNe4jg,Helloshreee,YouTube,https://www.youtube.com/channel/UCk8U-j3BoWWd9cny2YNe4jg,1140000.0,375191.8,0.0211988626404547,makeup,makeup,"[""Love your chaos a little more, because it\u2019s what makes you, YOU. \u2665\ufe0f"", ""Some of you asked for a detailed video so tap on the link to check it out \u2665\ufe0f#breastreductionjourney"", ""Sharing the most life changing experience of my life! My breast reduction journey!! "", ""Clearing some fun drafts \u2665\ufe0f"", ""Whoever drapes a saree perfectly, hats off to them. \ud83d\ude0d\ud83e\udee1 it\u2019s definitely a talent."", ""\ud83e\uddff\u2665\ufe0f"", ""Hi! Its been a Long since my last post \u2665\ufe0f\ud83e\uddff"", ""How to get glowy makeup by using just one product under your makeup #ad"", ""Dream big and be consistent with whatever you are doing, god will bless you one day \u2665\ufe0f\ud83e\uddff"", ""none of these are 100% healthy so make sure to eat in limit and do not overboard \ud83e\udd23 I know you will""]",Not Found,Not Found,Not Found,Not Found,Not Found,Not Found,Not Found,IN,Not Found,2026-10-01T07:20:49Z,47.34,FAIL,"[""followers outside configured range or unavailable"", ""insufficient fashion/beauty keyword matches""]",skincare routine,2026-10-01T17:36:33.066053+00:00
UCMDPvpD-R1_isb1o0ua15ig,BE NATURAL,YouTube,https://www.youtube.com/channel/UCMDPvpD-R1_isb1o0ua15ig,8640000.0,150476.1,0.0239009462055755,"skincare, makeup, beauty, fashion, hair, style","skincare, makeup, beauty, fashion, hair, style","[""Get Ready With Me #shorts #ytshorts #youtubeshorts"", ""MY DAUGHTER\u2019S FIRST PERIOD\ud83e\ude78What Nobody Tells Girls About Periods \ud83d\ude31 U Must Know Before its too late"", ""Reality of Strict Parenting \ud83d\ude31 Are You Making These Parenting Mistakes? Raise Smart Kid \ud83e\udd17Mom Hacks"", ""Sunday 24 Hours Haircare Routine #shorts #ytshorts #youtubeshorts #haircare"", ""Diy Hair Spa Treatment At Home \ud83d\ude46\u200d\u2640\ufe0f Results will Shock You \ud83d\ude32 #shorts #ytshorts #youtubeshorts"", ""This is Why Your Hair Is Falling \ud83d\ude31 Apply few Drops of this \ud83d\udc46 to STOP Hair Fall & GROW Hair 3X Faster"", ""\ud83d\udd25 Disappear for 3 Months & Come Back Unrecognizable \ud83d\ude32 25 Micro Habits Will Change You in 90 Days\ud83d\ude46\u200d\u2640\ufe0f"", ""We Tried Charlie Horror Charlie Ritual 3 AM\u2026 BIG MISTAKE! \ud83d\ude28 Most Dangerous Scary Horror Challenge "", ""My Traumatic Pregnancy & Delivery \ud83d\ude2d Dark Reality of C-Section & Normal Delivery Jo Koi Nai Batata \ud83e\udee3"", ""Most Powerful Hair Growth Tips #shorts #ytshorts #youtubeshorts""]",benaturalproduction2020@gmail.com,channel description,Not Found,Not Found,Not Found,Not Found,Not Found,IN,Not Found,2026-10-01T04:57:50Z,61.73,FAIL,"[""followers outside configured range or unavailable""]",skincare routine,2026-10-01T17:36:33.066053+00:00
UCvoBYKyBDVXrBHH2aF5cLVA,Kriti Sanon,YouTube,https://www.youtube.com/channel/UCvoBYKyBDVXrBHH2aF5cLVA,1340000.0,288549.5,0.0334645723966004,outfit,outfit,"[""Some want the outfit to fit..I want the outfit to swallow me whole. \ud83e\udd23\ud83e\udd23"", ""Manifesting a superwoman character \ud83e\uddb8\u200d\u2640\ufe0f\ud83d\ude1c#cera #bts"", ""\u2060Ally & Kunal... somewhere in a parallel universe\u2728"", ""Becoming Ally | The Making of My Character | Cocktail 2"", ""Punjabi on a diet... Kab Talak?\ud83e\udd2a"", ""Ment-Ally still here..\ud83c\udf78\ud83d\udc83\ud83e\udd73"", ""Your #Mashooqa is here my loves!\ud83d\udc83\ud83c\udffb\ud83d\udc59\ud83c\udfdd\ufe0f Song out now!\ud83c\udf78\u2728#Cocktail2 in cinemas on 19th June."", ""Answering the questions you guys keep asking! \ud83d\udd0d"", ""Mixing colors and a little bit of chaos with VD \ud83c\udfa8"", ""A little cold, a little chaos\u2026 and still, the ritual continues\ud83d\ude09\u2744\ufe0f""]",Not Found,Not Found,Not Found,Not Found,Not Found,Not Found,Not Found,Not Found,Not Found,2026-08-11T12:30:39Z,44.59,FAIL,"[""followers outside configured range or unavailable"", ""insufficient fashion/beauty keyword matches""]",skincare routine,2026-10-01T17:36:33.066053+00:00
UCtLpPnn0bg52IPFhzMwkvBw,RABIA SKINCARE 2.0,YouTube,https://www.youtube.com/channel/UCtLpPnn0bg52IPFhzMwkvBw,4960000.0,29509.2,0.0470627645730431,"skincare, beauty, hair","skincare, beauty, hair","[""90% \u0932\u094b\u0917 \u0928\u0939\u0940\u0902 \u091c\u093e\u0928\u0924\u0947- Ek Vitamin \u0938\u0947- \u091d\u095c \u0930\u0939\u0947 \u0939\u0948 \u0906\u092a\u0915\u0947 \u0918\u0928\u0947 \u092c\u093e\u0932, \u0930\u0941\u0915 \u0917\u092f\u0940 \u0939\u0948 Growth, \u0959\u0924\u094d\u092e \u0939\u094b \u0930\u0939\u0940 \u0939\u0948 Density"", ""\u092a\u0924\u0932\u0947 \u092c\u093e\u0932\u094b\u0902 \u0915\u094b 15 Days \u092e\u0947\u0902 3X \u092e\u094b\u091f\u093e \u0914\u0930 \u0918\u0928\u093e \u0915\u0930\u0928\u0947 \u0915\u093e Science- Dermarolling for 3X Faster Hair Regrowth"", ""15 \u0926\u093f\u0928\u094b\u0902 \u092e\u0947\u0902 3X Hair Growth Activation Challenge-\u0938\u093f\u0930\u094d\u092b \u0907\u0928 5 \u091a\u0940\u095b\u094b\u0902 \u0938\u0947-Stop Thinning & Regrow 3X Hair"", ""\u0915\u093e\u0936 \u092a\u0939\u0932\u0947 \u092a\u0924\u093e \u0939\u094b\u0924\u093e \ud83d\ude31I put THIS and Store my Skin & Haircare DIY's -For 18 months-at room temperature"", ""PMOS-Medical Science ki ek galti-\u0915\u0930\u094b\u095c\u094b \u092e\u0939\u093f\u0932\u093e\u0913\u0902 \u0915\u093e \u0939\u0941\u0906 \u0917\u0932\u0924 TREATMENT? Hairfall \u0914\u0930 Weight Gain \u0915\u094d\u092f\u0942\u0901 ?"", ""\u092f\u0939 \u0939\u0948\ud83d\udc46\ud83c\udffb\u0906\u092a\u0915\u0947 Hair Thinning \u0915\u0940 \u0905\u0938\u0932 \u0935\u091c\u0939- Hormonal Imbalance Explained-Excess Weight/Hairfall/PCOS"", ""Dabur Gulabari EXPOSED- Is Gulabari REAL Rosewater??? Ingredients \ud83d\ude33 me #readlabels #brandexposed"", ""I made REAL Hibiscus Shampoo for my Long Shiny Hair after knowing what brands actually sell "", ""Rating Worst to Best Hair Habits- For Healthy Hair- Reduce Hairfall, Hair Damage & Frizziness"", ""Rating Natural Ingredients for Skin Brightening- Rabia Skincare -For Clear Glowing Bright Skin""]",Not Found,Not Found,Not Found,Not Found,Not Found,Not Found,Not Found,IN,Not Found,2026-07-09T09:45:36Z,59.28,FAIL,"[""followers outside configured range or unavailable""]",skincare routine,2026-10-01T17:36:33.066053+00:00
UC2sYit3cZ2CuD_8FHYH7O_Q,Hyram,YouTube,https://www.youtube.com/channel/UC2sYit3cZ2CuD_8FHYH7O_Q,4340000.0,45628.9,0.0239625401523641,"skincare, makeup, beauty, hair, style","skincare, makeup, beauty, hair, style","[""I've Never Been So Let Down \ud83d\ude23 Reacting to Mika Abdalla's Skin Care Routine"", ""Reacting to America Ferrera's Skin Care Routine"", ""Y\u2019all Are Sleeping On These Korean Skin Favs \ud83d\udc40"", ""Why Is Nobody Talking About These?!"", ""Inde Navarrette- I'm Obsessed With Your Skin Care Routine \ud83d\ude0d"", ""Nicotine Cravings Are Brutal\u2026"", ""How I Finally Quit Zyn"", ""Underrated Korean Skin Care You Need To Try"", ""Sienna Spiro, idk how to feel about your routine..."", ""How You Can Quit Nicotine for Good (Vapes + Zyn)""]",Not Found,Not Found,Not Found,Not Found,Not Found,Not Found,Not Found,US,Not Found,2026-09-27T15:00:07Z,60.88,FAIL,"[""followers outside configured range or unavailable"", ""country does not match configured region""]",skincare routine,2026-10-01T17:36:33.066053+00:00
UCCsDzd6T8aj4U7h1qEa3dgw,Rinkal Parekh,YouTube,https://www.youtube.com/channel/UCCsDzd6T8aj4U7h1qEa3dgw,3650000.0,46894.1,0.0340770002508992,"skincare, makeup, hair, cosmetics","skincare, makeup, hair, cosmetics","[""My monsoon, glowing skin care routine \u2614\ufe0f\u26c8\ufe0f #skincare \ufffc"", ""Hair Protein treatment for Smooth and healthy Hair \u2728\ud83e\udd70 #hairtreatment"", ""100% kaam karne wali Hair ki products \ud83d\ude0d\u2728 #haircare #ytshorts"", ""My Favourite Lip Combo \ud83d\udc8b\ud83d\udc84\u2665\ufe0f #lipcombo"", ""Hair spa at home \ud83d\ude31 #haircare #hairspa \ud83e\uddd6\u200d\u2640\ufe0f\ud83d\udc85\ud83c\udffb\u2728"", ""My Hair Care Tips for Healthy & Long Hair \ud83d\udc81\u200d\u2640\ufe0f #healthyhair #longhair"", ""Night time skincare routine \u2728\ud83c\udf19 #skincare #night"", ""My honest summer skin care routine \ufffc\ud83d\ude0d\ud83e\uddf4 #ytshorts #skincare"", ""Weekly Glow up Routine for soft Smooth skin \ud83c\udf31\ud83e\uddf4\ud83c\udf3f\ud83c\udf38 #ytshorts #skincare"", ""Natural Hair Growth Mask \ud83c\udf3f\ud83c\udf31\ud83c\udf38 #ytshorts #haircare #hairgrowth""]",Not Found,Not Found,Not Found,Not Found,Not Found,Not Found,Not Found,IN,Not Found,2026-07-31T06:13:30Z,55.08,FAIL,"[""followers outside configured range or unavailable""]",skincare routine,2026-10-01T17:36:33.066053+00:00
UC2bxZWS2v5yuadCZ5zbcBZQ,Anchal Shukla,YouTube,https://www.youtube.com/channel/UC2bxZWS2v5yuadCZ5zbcBZQ,787000.0,7406.6,0.0427253883150293,"skincare, makeup, beauty, hair, style","skincare, makeup, beauty, hair, style","[""My 5am Unfiltered DAILY ROUTINE | No PERFECT Schedule | Work, Cooking & Saving Money #dailyroutine"", ""My festive saree look \ud83c\udf38\ud83c\udf42\ud83c\udf1f #saree"", ""Radha ashtami vlog \ud83c\udf38\ud83c\udf42\u2728 #vlog #youtubeshorts"", ""Teej vlog \ud83c\udf3c #vlog #youtubeshorts #viral"", ""Remove BLACKHEADS WHITEHEADS CLOGED PORES Naturally | Permanent Results | Get Smooth Glowing Skin\u2728"", ""Transition \ud83d\ude0c\ud83d\udc96\u2728\ud83c\udf38\ud83c\udf42 #viral #transition"", ""A day in my life\ud83c\udf42\ud83e\udd0d\ud83c\udf38 #youtubeshorts #viral"", ""New claw clips collection \ud83d\udc99\ud83e\udee7\ud83e\udd8b #viral #clawclips"", ""Best look ever \ud83e\udda2\u2728\ud83e\udd79\ud83c\udf42 #youtubeshorts #viral"", ""Mini vlog \ud83c\udf38 Behind the scenes \ud83e\udee3 #youtubeshorts #ytshorts #viral""]",iamanchalshukla@gmail.com,channel description,Not Found,Not Found,Not Found,Not Found,Not Found,IN,Not Found,2026-10-01T12:30:09Z,74.91,FAIL,"[""followers outside configured range or unavailable""]",skincare routine,2026-10-01T17:36:33.066053+00:00
UCacFVXlPSfO0ukFHcWHHLEQ,Lavish Krish,YouTube,https://www.youtube.com/channel/UCacFVXlPSfO0ukFHcWHHLEQ,931000.0,323157.5,0.0429293879445592,"skincare, makeup, beauty, hair, cosmetics","skincare, makeup, beauty, hair, cosmetics","[""Cozy October Fall Evening \ud83c\udf42\ud83e\uddf8\u2615\ufe0f\ud83c\udf19\ud83c\udf41"", ""Invisible Makeup Using Affordable Products \ud83c\udf80\ud83e\ude9e\ud83d\udd6f\ufe0f"", ""Post Night Late Night Skincare \ud83c\udf19\u2708\ufe0f\ud83d\udebf\ud83e\uddd6\ud83c\udffd\u200d\u2640\ufe0f\ud83d\udd6f\ufe0f"", ""Overnight Blowout Rods Tutorial \ud83c\udf80\ud83c\udf19\ud83e\ude9e"", ""Getting Ready For Dinner After A Pool Day \ud83c\udf80\ud83e\ude9e\ud83c\udfdd\ufe0f\ud83e\udda2\ud83c\udf47"", ""Pre-Travel Everything Shower Reset \ud83d\udec1\ud83d\udebf\ud83e\ude92\ud83e\uddd6\ud83c\udffd\u200d\u2640\ufe0f\u2615\ufe0f"", ""Date Night Hair Blowout In 15 Mins \ud83c\udf80\u2728\ud83e\ude9e"", ""ASMR Late Night Hair Oiling Therapy \ud83e\ude9e\u2728\ud83c\udf80\ud83e\udda2"", ""How To Actually Wash Low Porosity Hair \ud83d\udebf\ud83e\ude9e\ud83e\uddd6\ud83c\udffd\u200d\u2640\ufe0f\ud83c\udf80"", ""ASMR 8pm Night Pamper \ud83e\uddd6\ud83c\udffd\u200d\u2640\ufe0f\ud83e\ude9e\ud83c\udf38\ud83d\udec1""]",pr@lavishkrish.com,channel description,Not Found,Not Found,Not Found,Not Found,Not Found,CA,Not Found,2026-10-01T14:51:22Z,75.05,FAIL,"[""followers outside configured range or unavailable"", ""country does not match configured region""]",skincare routine,2026-10-01T17:36:33.066053+00:00
UCicwq1EAuUnic2Yxj3yiKgA,Urmila Nimbalkar,YouTube,https://www.youtube.com/channel/UCicwq1EAuUnic2Yxj3yiKgA,1780000.0,117541.2,0.0211069911737539,"skincare, makeup, fashion, hair, style","skincare, makeup, fashion, hair, style","[""Contact : 70575 55565 \u0915\u093f\u0902\u0935\u093e whatsapp \u0935\u0930 \u201cTRAVEL\u201d \u0905\u0938\u093e message \u0915\u0930\u093e | Sun Tourism | Urmila Nimbalkar"", ""Show Houseful | Live Show Urmila | Urmila Nimbalkar"", ""For Admission Related Queries Please WhatsApp Message on 96658 74203 | Masterclas | Urmila Nimbalkar"", ""Dandruff Solution | Dandruff Treatment | Urmila Nimbalkar"", ""Paithani Museum  | Zapurza Pune | Urmila nimbalkar"", ""\u20b96.6 Lakh Pure Mulberry Silk Paithani | Original Paithani  | Urmila Nimbalkar"", ""Handloom Paithani | Original Handloom Paithani | Paithani Saree | Urmila Nimbalkar"", ""Semi - Paithani Pune | Paithani Saree | Part 2 | Urmila Nimbalkar"", ""Paithani Sarees Starting at \u20b9600 | Affordable Paithani Sarees in Pune | Urmila Nimbalkar"", ""Best Body Wash and Antiperspirant Deodorant for Menc| Urmila Nimbalkar""]",urmila.nimbalkar@gmail.com,channel description,https://instagram.com/urmilanimbalkar?igshid=NTdlMDg3MTY=,Not Found,Not Found,Not Found,Not Found,IN,Not Found,2026-10-01T13:53:41Z,59.77,FAIL,"[""followers outside configured range or unavailable""]",skincare routine,2026-10-01T17:36:33.066053+00:00
UC4c1_c63HoISOzFBgDOHsgg,Beauty Routine Daily,YouTube,https://www.youtube.com/channel/UC4c1_c63HoISOzFBgDOHsgg,55.0,186.7,0.0410196544096349,"skincare, makeup, beauty, hair, style","skincare, makeup, beauty, hair, style","[""20 Korean Glass Skin Tips You NEED to Know! | Healthy & Glowing Skin#KoreanGlassSkin,#GlassSkin,"", ""\u2600\ufe0f MORNING vs \ud83c\udf19 NIGHT SKINCARE \u2014 Which Steps REALLY Matter? \ud83d\ude31\u2728#MorningSkincare,#NightSkincare,"", ""\ud83c\udf19 10 Night Skincare Habits You Should Never Skip | Healthy Glowing Skin,#NightSkincare, #skincare,"", ""\ud83d\ude31 20 Skin Glow tips Nobody Tells You | Easy DIY FaceMasks,#SkinGlow, #SkinGlowSecrets, #GlowingSkin"", ""10 Hair Care Habits That Make a Difference,#HairCare,#HairRoutine,#HairTips,#BeforeAfter,"", ""#beautytips #skincaretips #motivation #love #animegirl #hijabigirl #healthyskin #animation #beauty"", ""#beautytips #love #viral #fyp #trending"", ""\ud83d\ude32 The Beauty Secret Nobody Talks About,#BeautyTips,#BeautyHabits,#WoodenComb,#AnimeGirl,#HijabiGirl,"", ""\u2728 10 Secret Hair Care Tips Every Girl Should Know!hair care tips,healthy hair,silky hair,long hair,"", "":\ud83d\udeab Stop These 7 Hair Wash Mistakes Before It's Too Late!#HairTips,#HairWash,#HealthyHair,""]",Not Found,Not Found,Not Found,Not Found,Not Found,Not Found,Not Found,IN,Not Found,2026-09-12T13:00:18Z,69.49,FAIL,"[""followers outside configured range or unavailable""]",skincare routine,2026-10-01T17:36:33.066053+00:00
UCHCZnC9akNA9pBP7aJGNKdg,Doctorly,YouTube,https://www.youtube.com/channel/UCHCZnC9akNA9pBP7aJGNKdg,3590000.0,121203.2,0.0204019852436488,"skincare, beauty, hair, style","skincare, beauty, hair, style","[""Is Your Skincare Routine Outdated?"", ""Introducing REMEDY'S 15% Azelaic Acid Complex Serum for Dark Spots, Redness, and Blemishes"", ""DERMATOLOGIST REVIEWS NEW BEMT SUNSCREEN FROM NEUTROGENA"", ""Derms Pick BEST At-Home Skincare Devices"", ""Aging Gracefully: What 5 YEARS Have Taught Us About Our Skincare"", ""Treat Itchy Fingers FAST: Dyshidrotic Eczema"", ""Derms LOVE Viral Tretinoin & Azelaic Acid Routine | Doctorly #shorts"", ""GLASS SKIN? Tretinoin & Azelaic Acid Viral Routine Debunked"", ""Introducing the Doctorly Games | Doctorly #shorts"", ""Stop WASTING Money on Skincare | Doctorly #shorts""]",Not Found,Not Found,Not Found,Not Found,Not Found,Not Found,Not Found,US,Not Found,2026-09-27T15:14:04Z,58.39,FAIL,"[""followers outside configured range or unavailable"", ""country does not match configured region""]",skincare routine,2026-10-01T17:36:33.066053+00:00
UCZnEYrbT_gKgVESCc37Z2BQ,Upasana Ki Duniya,YouTube,https://www.youtube.com/channel/UCZnEYrbT_gKgVESCc37Z2BQ,3310000.0,104307.0,0.0215887929519142,hair,hair,"[""\u0918\u0930 \u092a\u0930 Hair Regrowth \u0915\u0947 \u0932\u093f\u090f \u092c\u0928\u093e\u092f\u0947 \u092f\u0947 \u0905\u0938\u0930\u0926\u093e\u0930 Magical Hair Mask \u2764\ufe0f | 100% Effective Results \ud83d\udd25"", ""\u091d\u0921\u093c\u0924\u0947 \u092c\u093e\u0932\u094b\u0902 \u0915\u094b Control \u0915\u0948\u0938\u0947 \u0915\u0930\u0947\u0902 ? | Magical Home Remedy for Reducing Hairfall \u2764\ufe0f | 100% Effective"", ""Hair Regrowth \u0915\u0947 \u0932\u093f\u090f \u0905\u0938\u0930\u0926\u093e\u0930 \u0924\u0930\u0940\u0915\u093e \ud83d\udd25| Easy and Most Effective Home Remedy | Haircare Routine \u2764\ufe0f"", ""Easy and Most Effective Home Remedy to get rid of Hairfall Naturally \ud83d\udd25| 100% Results \u2764\ufe0f"", ""DIY Magical Facial \u2728 \u091a\u093e\u0901\u0926 \u0938\u093e \u091a\u092e\u0915\u0924\u093e \u091a\u0947\u0939\u0930\u093e \u0914\u0930 10 Facial \u091c\u093f\u0924\u0928\u093e Glow | Upasana ki Duniya "", ""Dark Knuckles \u0915\u094b Naturally Light \u0915\u0930\u0928\u0947 \u0915\u0947 \u0932\u093f\u090f \u0905\u0938\u0930\u0926\u093e\u0930 \u0918\u0930\u0947\u0932\u0942 \u0909\u092a\u093e\u092f, \u0915\u0930\u0947\u0902 \u0926\u0947\u0916\u0947\u0902 Effective Results \ud83d\udd25"", ""\u0918\u0930 \u092a\u0930 \u0915\u092c\u094d\u091c\u093c \u0938\u0947 \u092a\u093e\u092f\u0947\u0902 \u091b\u0941\u091f\u0915\u093e\u0930\u093e \ud83d\udd25| Magical Home Remedy to get rid of Constipation at Home \u2728"", ""A simple home remedy for healthy, Bright and Glow skin \ud83d\udc86\u200d\u2640\ufe0f\ud83d\udc96 Magical Homemade Facemask"", ""\u0918\u0930 \u092a\u0930 Acne \u092e\u0947\u0902 Relief \u0915\u0947 \u0932\u093f\u090f Magical Home Remedy \ud83d\udd25 | Most Effective Home Remedy \u2764\ufe0f\u2728"", ""Easy and Most Effective Home Remedy to Boost Memory Naturally \ud83d\udd25 | 100% Effective Results \u2764\ufe0f""]",takliya5a@gmail.com,channel description,Not Found,Not Found,Not Found,Not Found,Not Found,IN,Not Found,2026-10-01T07:30:34Z,47.61,FAIL,"[""followers outside configured range or unavailable"", ""insufficient fashion/beauty keyword matches""]",skincare routine,2026-10-01T17:36:33.066053+00:00
UCidfBdauHUmKFcMw-4QoaSw,Dr. Shereene Idriss,YouTube,https://www.youtube.com/channel/UCidfBdauHUmKFcMw-4QoaSw,1720000.0,128682.0,0.0292244338472033,"skincare, makeup, beauty, hair","skincare, makeup, beauty, hair","[""How to Make Large Pores Look Smaller: Azelaic Acid & Salicylic Acid"", ""\u201cOld People Smell\u201d Has Real Science Behind It And This Might Be Contributing\u2026"", ""The Weird Science of \u201cOld People Smell\u201d & Why It Starts Earlier Than You Think \ud83d\udc75\ud83c\udffb"", ""Copper Peptides Causing Skin Problems? Here\u2019s What\u2019s Actually Happening | Derm Explains"", ""Is Your Boyfriend\u2019s Beard Breaking You Out? \ud83d\udc40 | Dermatologist Explains"", ""Chest Wrinkles But Not Into Cosmetic Procedures \u2014 What I Would Do At-Home As a Dermatologist"", ""How to Layer Azelaic Acid & Tretinoin Like a Dermatologist"", ""How to Apply Minoxidil for Best Results, from a Dermatologist!"", ""Fungal Acne: How to Treat it From a Dermatologist"", ""How To Prep 40+ Skin for Makeup So It Stops Settling Into Fine Lines | Dr. Idriss""]",Not Found,Not Found,Not Found,Not Found,Not Found,Not Found,Not Found,US,Not Found,2026-10-01T02:05:52Z,65.46,FAIL,"[""followers outside configured range or unavailable"", ""country does not match configured region""]",skincare routine,2026-10-01T17:36:33.066053+00:00
UCJd-bJjTp9zpDGZtTALWJmA,Akanksha Soni,YouTube,https://www.youtube.com/channel/UCJd-bJjTp9zpDGZtTALWJmA,2010000.0,222209.8,0.0551305094089029,"skincare, makeup, beauty, fashion, outfit, haul, hair, style, grwm","skincare, makeup, beauty, fashion, outfit, haul, hair, style, grwm","[""Garba makeup\ud83e\udd70\u2728\ufe0f\ud83e\uddff # #youtube #ytshorts #youtube #youtubeshorts #trending #viral #ytviral"", ""My weekly hair removal routine\ud83e\uddff\ud83c\udf80\u2728\ufe0f #youtube #trending #ytshorts #shorts #skincare #viral"", ""GRWM to meet my fiance\ud83e\uddff\ud83c\udf80\u2728\ufe0f #youtube #makeup #ytshorts #youtube #viral #trending #trendingshorts #yt"", ""My Bridal jewellery, Chudi, Payal, Bindi, Neckpiece\ud83c\udf80\u2728\ufe0f #ytviral #youtuber #youtube #trending #viral"", ""He gifted me??\ud83e\uddff\u2728\ufe0f #youtubeshorts #trending #trendingshorts #viral #trend #ytshorts"", ""Sunday Relaxing Selfcare routine\u2728\ufe0f\ud83c\udf1e\ud83e\uddff #youtube #selfcare #skincare #ytshorts #youtubeshorts #trending"", ""Festive GRWM step by step makeup for beginner\ud83e\uddff\u2728\ufe0f\ud83c\udf80 #ytviral #youtube #trending #viral #makeup "", ""GRWM for kanya bhoj and visarjan\u2728\ufe0f\ud83c\udf80\ud83e\uddff #youtube #makeup #trending  #ytshorts #viral #trend #shorts"", ""How to Remove nail extention at home\u2728\ufe0f\ud83c\udf80 #youtube #trending #viralvideos #viral #shorts #ytshorts"", ""sunday selfcare day\u2728\ufe0f\ud83c\udf80 #youtube #makeup #selfcare #skincare #ytshorts #trending #viral #trend #short""]",akankshasoni@bluboxtalents.com,channel description,Not Found,Not Found,Not Found,Not Found,Not Found,Not Found,Not Found,2026-10-01T15:19:31Z,80.0,FAIL,"[""followers outside configured range or unavailable""]",skincare routine,2026-10-01T17:36:33.066053+00:00
UCHj2_6e0Y2YdzHZDkkLa53Q,Cassandra Bankson,YouTube,https://www.youtube.com/channel/UCHj2_6e0Y2YdzHZDkkLa53Q,2460000.0,37045.9,0.0267872352771377,"skincare, beauty","skincare, beauty","[""POV: Rihanna is the reason nobody knows you have naturally oily skin #skincare #oilyskin #fenty"", ""The 2 secret SPF products I use every day along with my regular face sunscreen \ufffc#skincare #spf"", ""this sunscreen is NOT GOOD - It Hello Sunshine Sunscreen on my oily skin (Esthetician Reviews)"", ""The French Model lip balm that made women give up lipstick this summer - VioletteFR Color Guide"", ""The 1 chest cream a medical esthetician won\u2019t go a day without #skincare"", ""The biggest beauty scam is so pervasive, people don\u2019t even realize they are being scammed\u2026 #skincare"", ""Is Car SPF a good or bad idea? Warning to all TesIa drivers \ud83d\ude33 #sunscreen #spf"", ""Snail mucin & skincare myths: does snail secretion filtrate actually heal and cure acne? #skincare"", ""Wake up babe new celebrity skincare line just launched"", ""Why do influencers have pink beedy eyes when tey have more than 40 steps in a skincare routine?""]",butterfly@cassandrabankson.com,channel description,Not Found,Not Found,Not Found,Not Found,Not Found,US,Not Found,2026-08-28T23:44:22Z,56.42,FAIL,"[""followers outside configured range or unavailable"", ""country does not match configured region""]",skincare routine,2026-10-01T17:36:33.066053+00:00
UCnxmUrGMtpQT844Yd_l7Zyg,Dr Dray,YouTube,https://www.youtube.com/channel/UCnxmUrGMtpQT844Yd_l7Zyg,2690000.0,37421.4,0.047386318581512,"skincare, makeup, hair, style","skincare, makeup, hair, style","[""Does Red Light Therapy Really Work? | Dermatologist Explains"", ""Stop Using Too Much Tretinoin"", ""REMEDY 15% Azelaic Acid Review: Is It Really 15%?"", ""Does Skin Cancer Mean You\u2019ll Live Longer?"", ""Dengue Fever Symptoms: Rash, Petechiae & Warning Signs"", ""Why Isn\u2019t Azelaic Acid OTC?"", ""Why Are Your Eyebrows Thinning? 10 Causes You Need to Know"", ""Heatless Curls Are Damaging Your Hair?"", ""Do You Really Need Expensive Anti-Aging Skincare? Dermatologist Q&A"", ""Washing Your Face More Won\u2019t Cure Acne""]",Not Found,Not Found,Not Found,Not Found,Not Found,Not Found,Not Found,US,Not Found,2026-10-01T16:00:32Z,78.17,FAIL,"[""followers outside configured range or unavailable"", ""country does not match configured region""]",skincare routine,2026-10-01T17:36:33.066053+00:00
UCMO0fL9oNCKscgzJQgrfbmQ,Fit beauty,YouTube,https://www.youtube.com/channel/UCMO0fL9oNCKscgzJQgrfbmQ,5990000.0,690989.1,0.0202523749385741,"skincare, makeup, beauty, fashion, hair, style, grwm","skincare, makeup, beauty, fashion, hair, style, grwm","[""How To Go From Frizzy To Sleek Hair | Keratin Alpha Sleek Routine \ud83d\ude0d\u2728 #shorts"", ""GRWM with Lehenga \ud83d\ude0d\u2728Rate final look 1-10\u2764\ufe0f\ud83d\udcab #shorts #youtubeshorts"", ""Mystery jewellery jar CHALLENGE \ud83d\ude0d\u2728 #shorts #youtubeshorts"", ""Hair Damage? I Found My Fix at Home!! \ud83d\ude0d Dove 10 in 1 Deep Repair Treatment Hair Mask \ud83e\ude75"", ""DIY Flower Hair net Hack!!! \ud83d\ude0d\ud83c\udf38\u2728 #shorts #youtubeshorts"", ""Parvati Transition!!!\ud83d\ude0d\ud83e\udeb7 #shivparvati #shorts"", ""Mystery jewellery jar CHALLENGE \ud83d\ude0d\u2728 #shorts #youtubeshorts"", ""Best Hair Colour Shades For An At Home Transformation | Garnier"", ""Do you Relate?? \ud83d\ude2d\u2665\ufe0f #shorts  #youtubeshorts"", ""What\u2019s the Best Lightweight Moisturizer I Found on Amazon? \ud83d\ude0d\u2728""]",fitbeauty@honeycombmedia.in,channel description,Not Found,Not Found,Not Found,Not Found,Not Found,IN,Not Found,2026-09-26T08:58:46Z,58.07,FAIL,"[""followers outside configured range or unavailable""]",skincare routine,2026-10-01T17:36:33.066053+00:00
UCb4aFIfcJZY8y2T2MkKD2eg,Victoria Ortega,YouTube,https://www.youtube.com/channel/UCb4aFIfcJZY8y2T2MkKD2eg,4270000.0,407595.8,0.0617264008778912,Not Found,Not Found,"[""come shopping with me for fall on fifth avenue \ud83c\udf42 #fallshopping #nyc #fall #aesthetic #fifthavenue"", ""your sign to book that fall nyc trip \ud83c\udf42\ud83d\ude95 #nyc #fall #fallinnyc #centralpark #nyclife #shorts"", ""arroz con leche\ud83c\udf42\ud83c\udf5a#comfortfood #dessert #cookwithme #arrozconleche #cozyvibes #shorts #cozy #recipe"", ""fall morning in nyc \ud83c\udf42\ud83d\ude95 #morningroutine #fall #asmr #fallvibes #cozy #aesthetic #selfcare #home"", ""happy first day of fall!! \ud83c\udf42\ud83d\ude95 #fall #fallvibes #nyc #nycapartment #centralpark #cozy #morning #home"", ""upgraded to the iPhone 18 Pro \ud83d\udcf1\ud83c\udf4e @Apple #AppleFifthAvenue #iPhone18Pro #Apple #newiphone18"", ""oh how I love slow rainy days at home \ud83c\udf27\ufe0f #rainyday #home #cozy #timelapse #nycviews #shorts #storm"", ""my idea of a perfect fall night in \ud83c\udf42\ud83e\uddf8 #fall #nightroutine #nycapartment #cozy #fall #selfcare"", ""my nyc apartment during the fall \ud83d\uddfd\ud83c\udf42 #nycapartment #apartmenttour #fallaesthetic #nyc #fall #home"", ""apple crisp yogurt bowl & dirty chai latte \ud83c\udf41\ud83e\udd0c #breakfast #morning #breakfastidea #applecrisp #fall""]",teamvictoria@emeraldwoodsmgmt.com,channel description,Not Found,Not Found,Not Found,Not Found,Not Found,Not Found,Not Found,2026-09-29T22:25:26Z,54.78,FAIL,"[""followers outside configured range or unavailable"", ""insufficient fashion/beauty keyword matches""]",skincare routine,2026-10-01T17:36:33.066053+00:00
UCPP291gN79qI1QZY1znOscg,James Welsh,YouTube,https://www.youtube.com/channel/UCPP291gN79qI1QZY1znOscg,1580000.0,188836.4,0.0298584723677036,"skincare, beauty, style, cosmetics","skincare, beauty, style, cosmetics","[""The Disturbing Rise of \u201cTanmaxxing\u201d And Why Gen Z is OBSESSED"", ""CONTAMINATED MICELLAR WATER, Fake FDA Approved Products And More UGLY BEAUTY NEWS"", ""Kelis Just Launched A Sunscreen Brand\u2026And It\u2019s Already A Mess"", ""The Acne Brand Celebrities Pretended To Love - The Downfall Of Acne Brand Proactiv"", ""The BEST And WORST Week Of Neutrogena's Life"", ""Why Do Beauty Brand KEEP DOING THIS?! The Lies Of Anti-Ageing Skincare"", ""The Best Anti-Ageing Skincare\u2026 Without the Anti-Ageing BS"", ""The Deodorant That DESTROYED Peoples Skin?! The Billie Deodorant Lawsuit - When Beauty Turns Ugly"", ""THE ORIGINAL DRAMAGEDDONE! The Elizabeth Arden Story - Behind The Beauty "", ""The Biggest Beauty SCAMS & Fails of 2026...So Far""]",Not Found,Not Found,Not Found,Not Found,Not Found,Not Found,Not Found,GB,Not Found,2026-09-30T19:30:23Z,65.9,FAIL,"[""followers outside configured range or unavailable"", ""country does not match configured region""]",skincare routine,2026-10-01T17:36:33.066053+00:00
UC9eryd1JLe6l5oraEAxQ5Bw,Mrunal Panchal Sharma,YouTube,https://www.youtube.com/channel/UC9eryd1JLe6l5oraEAxQ5Bw,1010000.0,60734.5,0.0504816180133754,"skincare, makeup, beauty, fashion, style, grwm","skincare, makeup, beauty, fashion, style, grwm","[""Spent some quality time with our friends Adam and olive \ud83d\udc69\u200d\ud83d\udd2c\u2728\ud83e\uddea"", ""GRWM FOR MOVIE PREMIERE \u2764\ufe0f"", ""\ud83d\ude02\ud83d\ude02\ud83d\ude02"", ""So grateful for this life! Getting to travel for work \ud83d\ude2d\ud83e\uddff"", ""GRWM \u2764\ufe0f #makeup"", ""WE ARE GOING TO NEW YORK AFTER SO LONG\ud83d\uddfd\ud83d\ude95\ud83c\udf4e"", ""\ud83d\ude2d\ud83d\ude02"", ""GRWM FOR GANESH CHATURTHI \ud83e\udd79\ud83e\ude9e\ud83e\udda2\u2728\ud83e\udeb7"", ""My PM Skincare routine #nonsponsored \u263a\ufe0f"", ""Favourite festive season is here\ud83e\udd79""]",Not Found,Not Found,Not Found,Not Found,Not Found,Not Found,Not Found,IN,Not Found,2026-09-30T12:35:12Z,79.78,FAIL,"[""followers outside configured range or unavailable""]",skincare routine,2026-10-01T17:36:33.066053+00:00
UCg6P323bLV4zMSWFqFhvWMg,Lab Muffin Beauty Science,YouTube,https://www.youtube.com/channel/UCg6P323bLV4zMSWFqFhvWMg,862000.0,38162.9,0.0550159206056714,"skincare, makeup, beauty, hair","skincare, makeup, beauty, hair","[""Low effort hair routine tips with @VICHYLABORATOIRES AD"", ""Hair product I can't stop using"", ""Sunscreen causes skin cancer: Every argument debunked"", ""Consumer Reports new braiding hair findings"", ""Azelaic acid: Does pH really matter? #skincarescience #cosmeticchemistry"", ""Why we can't make better sunscreen"", ""Naturopath vs chemist: endocrine disruptors in sunscreen"", ""Dry shampoo is toxic??"", ""AI companies won't make their products safer"", ""Moisturiser isn't working anymore? (ad)""]",michelle@labmuffin.com,channel description,Not Found,Not Found,Not Found,Not Found,Not Found,AU,Not Found,2026-10-01T00:05:21Z,80.0,FAIL,"[""followers outside configured range or unavailable"", ""country does not match configured region""]",skincare routine,2026-10-01T17:36:33.066053+00:00
UCurIxpcdDLU8sgHKN2TXJHw,Malvika Sitlani,YouTube,https://www.youtube.com/channel/UCurIxpcdDLU8sgHKN2TXJHw,834000.0,114808.4,0.0178076427544845,"makeup, beauty, hair","makeup, beauty, hair","[""GLAM SOFT BROWN SMOKEY | in-depth makeup & hair tutorial"", ""It's time for some girl talk... \u2615\ufe0f\ud83e\ude77"", ""I've missed talking to you..."", ""Get ready with us! \ud83d\udc84"", ""IF YOU like glowy makeup, you would LOVE this\ud83d\ude0d"", ""warm brown lip combo \ud83d\udc84\ud83d\ude0d"", ""a bittersweet birthday...\ud83c\udf82"", ""The BEST lip combo you need to have!\ud83e\udd70"", ""NEW EMPTY HOUSE TOUR \ud83c\udfe1"", ""my current fav coffee!\ud83d\ude0d""]",Not Found,Not Found,Not Found,Not Found,Not Found,Not Found,Not Found,Not Found,Not Found,2026-09-29T14:11:57Z,57.02,FAIL,"[""followers outside configured range or unavailable""]",skincare routine,2026-10-01T17:36:33.066053+00:00
UCEUYquTwa0DDXeLyrZAnBsw,Shiv Sewlal,YouTube,https://www.youtube.com/channel/UCEUYquTwa0DDXeLyrZAnBsw,1140000.0,647183.7,0.0485857578190659,makeup,makeup,"[""The most annoying one\ud83e\udee0 and the main reason why I can\u2019t eat out at most restaurants\ud83d\ude2d #allergy"", ""Why we have two of the same things in our fridge\ud83d\ude48 #allergy"", ""Why we have two of the same things in our fridge\ud83d\ude48 #allergy"", ""Testing to see how nosy my sister is\ud83d\udc40 @AshSewlal #sisters"", ""I can only eat the fries at some places (depending on what cooking oil they use)\ud83d\ude05 #allergy"", ""Payback for all the times she woke me up\ud83d\ude0e @AshSewlal  #sisters"", ""Update on \u201cborrowing\u201d my sister\u2019s makeup\ud83d\ude05 (she still doesn\u2019t know) #sisters"", ""My big sis made me diary-free ice cream from scratch\ud83d\ude31 thanks @AshSewlal  #allergy"", ""I dropped my sister\u2019s makeup when I was \u201cborrowing\u201d it\ud83d\ude2d\ud83d\ude2d #sister"", ""I dropped my sister\u2019s makeup\ud83d\ude2d\ud83d\ude2d #sisters""]",shivsewlal@gmail.com,channel description,Not Found,Not Found,Not Found,Not Found,Not Found,Not Found,Not Found,2026-10-01T14:32:05Z,66.51,FAIL,"[""followers outside configured range or unavailable"", ""insufficient fashion/beauty keyword matches""]",skincare routine,2026-10-01T17:36:33.066053+00:00
UCI_OvtzK82eTL8KIRQ8G_EA,Candy Superstar,YouTube,https://www.youtube.com/channel/UCI_OvtzK82eTL8KIRQ8G_EA,20100000.0,10777079.0,0.0183729221389581,Not Found,Not Found,"[""Fruit Growing Hack\ud83c\udf53\ud83d\ude33Real or Fake?)"", ""The WEIRDEST EARRINGS in the world\ud83e\udd2fSubscribe for the next part)"", ""The most UNUSUAL home gadgets in the world \ud83d\ude33\ud83e\udee3Subscribe for the next part)"", ""The Weirdest Foods in the World\ud83d\ude33\ud83e\udee3Subscribe for the Next Part:)"", ""Subscribe and Win an iPhone\ud83d\udcf2"", ""Testing a Giant Bubble Gun\ud83d\udd2b\ud83d\ude33"", ""I need your help...\ud83e\udd79"", ""I Need 1 More Subscriber\ud83e\udd79\ud83e\udef6"", ""Rings Inside a Dumpling\ud83d\udc8d\ud83e\udd5fReal or Fake?"", ""Let\u2019s do it!\ud83d\ude49 I\u2019m so worried\u2026)""]",Not Found,Not Found,Not Found,Not Found,Not Found,Not Found,Not Found,Not Found,Not Found,2026-07-26T18:10:16Z,18.19,FAIL,"[""followers outside configured range or unavailable"", ""insufficient fashion/beauty keyword matches""]",skincare routine,2026-10-01T17:36:33.066053+00:00
UCrmWkC3GFSG3Sx1KwoymtsQ,Wendyskin,YouTube,https://www.youtube.com/channel/UCrmWkC3GFSG3Sx1KwoymtsQ,3510000.0,420227.2,0.0309957220234338,skincare,skincare,"[""SPECIAL ANNOUNCEMENT!"", ""THIS NEW LAUNCH IS ONE OF A KIND\u2026 \ud83d\ude31@Kiehls #kiehlspartner"", ""Purrfect Choice Awards 2026"", ""LEAVING MY CATS AT HOME FOR 2 WEEKS?"", ""where I\u2019ve been\u2026"", ""Wendyskin Live Stream"", ""ACTIONS CAMERAS CAN DO THIS?! \ud83d\udcf8\ud83d\ude31"", ""I DID SOMETHING CRAZY \ud83d\udc40 @insta360"", ""IF YOU LOVE CATS, THEN WATCH THIS VIDEO #ad #purrfectbistropartner"", ""PEPTIDES IN SPF?! @Kiehls has the best sun protection \u2600\ufe0f #kiehlspartner #skincare""]",Not Found,Not Found,Not Found,Not Found,Not Found,Not Found,Not Found,US,Not Found,2026-09-21T01:09:38Z,51.97,FAIL,"[""followers outside configured range or unavailable"", ""insufficient fashion/beauty keyword matches"", ""country does not match configured region""]",skincare routine,2026-10-01T17:36:33.066053+00:00
UCLWNKb7pjIS_ff4zaoneJWQ,Kaitlyn Johnson,YouTube,https://www.youtube.com/channel/UCLWNKb7pjIS_ff4zaoneJWQ,1580000.0,120767.7,0.0644769698654672,"skincare, haul, hair, grwm","skincare, haul, hair, grwm","[""HAIR DAY VLOG | pre-wedding prep\ud83d\udc87\ud83c\udffb\u200d\u2640\ufe0f\ud83e\ude77#hairday#vlog#pamper#girly#aesthetic#fyp#longhair#aesthetic"", ""DRIVE W ME TO ILLINOIS | 11 hour road trip\ud83d\ude2d\ud83e\ude77#roadtrip#travelwithme#drivewithme#diml#vlog#fyp#girly"", ""GLOW UP VLOG | lashes & brows\ud83e\ude77#glowup#wedding#lashextensions#vlog#pamper#diml#asmr#girly#aesthetic"", ""Of course I\u2019m sharing this to the internet with millions of ppl\ud83d\ude00#storytime#lashextensions#relatable"", ""New lashes & brows! Pre-wedding prep!!\ud83e\udd2d\ud83e\ude77#glowup#lashextensions#browlamination#transition#lizzo#fyp"", ""JEWELRY TOUR | james avery charm bracelets\ud83e\ude77#jewelry#tour#haul#jamesavery#charm#bracelet#fyp#girly"", ""The older I get the more I realize no one cares what you\u2019re doing\ud83e\ude77#heatlesscurls#pilates#relatable"", ""REALISTIC MORNING VLOG | getting up at 11am\ud83d\ude05\ud83e\ude77#morning#grwm#routine#skincare#relatable#reality#fyp"", ""AFTERNOON IN MY LIFE VLOG | pilates & coffee\ud83e\uddd8\ud83c\udffb\u200d\u2640\ufe0f\ud83e\ude77#afternoon#vlog#diml#asmr#workout#pilates#fyp"", ""GRWM | lazy football Saturday\ud83c\udfc8\ud83e\ude77#grwm#wisdomteeth#relatable#chitchat#skincare#diml#girly#aesthetic""]",Not Found,Not Found,https://www.instagram.com/missynjohnson/?hl=en,https://linktr.ee/missynjohnson,Not Found,Not Found,Not Found,US,Not Found,2026-09-30T19:48:08Z,80.0,FAIL,"[""followers outside configured range or unavailable"", ""country does not match configured region""]",skincare routine,2026-10-01T17:36:33.066053+00:00
UC2yXMMuyG3KZ4xG2_fkLNTA,skincare routine ,YouTube,https://www.youtube.com/channel/UC2yXMMuyG3KZ4xG2_fkLNTA,15.0,52.2,0.1278564267103726,"skincare, makeup, beauty, hair","skincare, makeup, beauty, hair","[""14 Days Skin Brightening Series | Day 2 \ud83d\udc99 | Face Wash Mistakes You Should Avoid#viralshorts#fyp\u30b7"", ""14 Days Skin Brightening Series \u2728 Day 1 | Simple Skincare Tips \ud83d\udc97 #skincarediary#viralvideo#shortsfyp"", ""\u2728 14 Days Skin Brightening Series | Coming Soon \ud83d\udc99 | Skincare Challenge#viralshorts#youtubeshorts#fyp"", ""\u2728 30 Days Skincare Series | DAY 30 | FINAL DAY \ud83c\udf80 | Series Complete! \ud83d\udc97#viralshorts#youtubeshort#fyp\u30b7"", ""30 Days Skincare Series Day 29 \ud83c\udf38 | Multani Mitti Ke Benefits & Uses | Natural Skincare Tips#viralvd"", ""30 Days Skincare Series | Day 28 \ud83c\udf38 Acne Skin Care Routine for Clear Skin | Pimple Care Tips#viralsht"", ""30 Days Skincare Series | Day 27 | Best Daily Skincare Tips for Healthy & Glowing Skin \u2728#viralshort"", ""DIY Hair Mask for Frizzy Hair | Soft & Smooth Hair at Home | 30 Day Skincare Serie Day 26#viralshort"", ""30 Days Skincare Series | Day 25 | Simple Morning Skincare Routine for Healthy & Glowing Skin \u2728\ud83c\udf38#fyp"", ""30 Days Skincare Series | Day 24 | Simple Night Skincare Routine for Healthy & Glowing Skin \u2728#viral""]",Not Found,Not Found,Not Found,Not Found,Not Found,Not Found,Not Found,PK,Not Found,2026-08-12T17:16:45Z,68.89,FAIL,"[""followers outside configured range or unavailable"", ""country does not match configured region""]",skincare routine,2026-10-01T17:36:33.066053+00:00
UCCC124yckRSipyAPRGn4bIw,SKIN CARE ROUTINE ,YouTube,https://www.youtube.com/channel/UCCC124yckRSipyAPRGn4bIw,69.0,46.125,0.3134643078926798,"skincare, beauty, hair","skincare, beauty, hair","[""#live #like #skincareroutine #viral #haircare #hairgrowth #skincare #trending"", ""#live #like #skincareroutine #maa #love"", ""MY FIRST YOUTUBE VLOG JALDI JALDI DEKHO GUYZ FULL HAIR CARE FORMULA #haircare #herbaloil #live #fyp "", ""Hairline Peeche Ja Rahi Hai? Ye Video Zaroor Dekho! \ud83d\ude31 | Zainas Hair Care #hairtime #live #viral"", ""Husband\ud83e\udee1 #like #love #live"", ""How to skin whitening for 7 days\u2705 #like #live #livestream #fyp #skincareroutine #skincare #million"", ""How to skin white\u2026?  Zainas skin care watch full video my product "", ""\ud83d\udd25 Zainas Skin Care New Stock Is Here! | Fresh Stock Available \ud83e\uddf4\u2728 #like #live #livestream #viral""]",Not Found,Not Found,Not Found,Not Found,Not Found,Not Found,Not Found,Not Found,Not Found,2026-08-07T17:18:03Z,67.78,FAIL,"[""followers outside configured range or unavailable""]",skincare routine,2026-10-01T17:36:33.066053+00:00
UC63x3lkE4W7dlaEhXGY4Dkg,Hailey Rhode Bieber,YouTube,https://www.youtube.com/channel/UC63x3lkE4W7dlaEhXGY4Dkg,2760000.0,2179276.1,0.0253163273491819,"skincare, makeup, fashion, cosmetics","skincare, makeup, fashion, cosmetics","[""met gala 2025 | get ready with me"", ""behind the scenes of my FILA x HAILEY collab collection"", ""berry spring date night glam | get ready with me"", ""a look inside our LA pop-up | rhode"", ""celebrating our pocket-sized pop-up launch! | rhode skin"", ""my peachy beachy summer makeup | get ready with me"", ""behind the scenes of my cosmic bliss strawberry glaze soft serve sundae launch!"", ""Chelsea Handler & Hailey Bieber celebrate Galentine's Day! | WHO'S IN MY BATHROOM?"", ""my updated rhode skincare routine featuring our new pineapple refresh cleanser! | rhode skin"", ""Lori Harvey & Hailey Bieber sip holiday cocktails & make gingerbread houses | WHO'S IN MY BATHROOM?""]",Not Found,Not Found,Not Found,Not Found,Not Found,Not Found,Not Found,US,Not Found,2025-05-07T19:27:40Z,42.72,FAIL,"[""followers outside configured range or unavailable"", ""last upload is older than configured activity window"", ""country does not match configured region""]",skincare routine,2026-10-01T17:36:33.066053+00:00
UCNjnFvgsP863DTdPDGv23-A,Skin care Routine hub,YouTube,https://www.youtube.com/channel/UCNjnFvgsP863DTdPDGv23-A,140.0,1662.7,,"skincare, makeup, beauty","skincare, makeup, beauty","[""These duo deserves every penny it gets\u2665\ufe0f\ud83d\udc95make sure to add these to your cart@Dr Althea us #dralthea"", ""Totally obsessed with these rice ampoule duo\ud83d\udc95\u2665\ufe0f#skincare #viral"", ""these serum deserves the hype, obsession at it's peak\u2665\ufe0f\ud83d\udc95#skincare #viral"", ""I'm obsessed with these glow \ud83d\udc95\u2665\ufe0f#skincare #beauty"", ""Guy healing drinks to clear your skin \u2665\ufe0f\ud83d\udc95#skincare #glowingskin"", ""Say goodbye to bumpy chin/ cakey makeup#skintoskincontact #skincare"", ""Texture ? Reduced. Glow ? Elevated . Thank you \ud83e\udd70\ud83d\udc95"", ""Hyperpigmentatio? dark spots? jumiso has been handling it for me softly \ud83e\udd70\ud83d\udc95 Korean dark spots removal"", ""Clearing my acne one drop at a time with (ANUA TXA)\ud83e\udd70\u2764\ufe0f #acnefree"", ""Dr Althea 345 cream = glassy, calm, soft skin. This moisturizer actually worth the hype \ud83e\udd0d#skincare""]",Not Found,Not Found,Not Found,https://temu.to/k/e9c8z8t3eyyhttps://temu.to/k/eugtc27s1s2,Not Found,Not Found,Not Found,US,Not Found,2026-02-02T11:00:24Z,25.0,FAIL,"[""followers outside configured range or unavailable"", ""engagement rate below threshold or unavailable"", ""last upload is older than configured activity window"", ""country does not match configured region""]",skincare routine,2026-10-01T17:36:33.066053+00:00
UCRi13TUqA_SawPlPOG6jz1Q,Dr. Sam Ellis,YouTube,https://www.youtube.com/channel/UCRi13TUqA_SawPlPOG6jz1Q,890000.0,651525.8,0.0271898508129162,"skincare, makeup","skincare, makeup","[""Favorite Drugstore Anti-Aging Skincare"", ""Buy THIS, not THAT. #skincare edition"", ""We did it. We made something SO perfect \ud83d\ude2d"", ""You\u2019ve never seen a cleanse this clean \u2026"", ""If you\u2019re in your 20s you need to hear this."", ""Sooooo many people don't know this about Botox.  #skincare"", ""Your Face Is Losing Volume. Here\u2019s What Actually Works in 2026 to Stop Jowls"", ""Introducing Prequel's NEW Multi-Acid Milk Peel AHA Exfoliating Wipes | Dr. Sam Ellis"", ""Would you know this was skin cancer?"", ""Shouting it from the rooftops! Stop trying to moisturize this. #dryskin""]",Not Found,Not Found,https://www.instagram.com/drsamanthaellis,Not Found,Not Found,Not Found,Not Found,US,Not Found,2026-09-29T18:27:58Z,63.81,FAIL,"[""followers outside configured range or unavailable"", ""country does not match configured region""]",skincare routine,2026-10-01T17:36:33.066053+00:00
UC3y1VNzSbMVIUlKC2ErEVZw,Liah Yoo,YouTube,https://www.youtube.com/channel/UC3y1VNzSbMVIUlKC2ErEVZw,1190000.0,36007.0,0.0369492448361054,"skincare, beauty, style","skincare, beauty, style","[""Zero waste moisturizer in a compostable packaging?!"", ""i spent 3 years making this moisturizer made from strawberry waste and it's fully home compostable"", ""I tried 5 k-beauty azelaic acid products so you don\u2019t have to"", ""Underrated and Overrated Skincare Ingredients"", ""Beauty Packaging HOT TAKES"", ""Beauty Supply Chain 101"", ""Overrated and Underrated Skincare Ingredients"", ""we scrapped our mineral sunscreen.. again..."", ""5 things u didn't know about Azelaic Acid!"", ""Why we reformulated Oil La La""]",Not Found,Not Found,Not Found,Not Found,Not Found,Not Found,Not Found,US,Not Found,2026-09-16T13:09:44Z,67.53,FAIL,"[""followers outside configured range or unavailable"", ""country does not match configured region""]",skincare routine,2026-10-01T17:36:33.066053+00:00
UCITzb2KRTgPundoSqGeCTvQ,Aarti Kushwaha,YouTube,https://www.youtube.com/channel/UCITzb2KRTgPundoSqGeCTvQ,709000.0,174324.0,0.0482605782343719,"skincare, makeup, beauty, outfit, haul, grwm","skincare, makeup, beauty, outfit, haul, grwm","[""Trimmer Or Epilator ?? Which one to buy ?"", ""Paisa Barbad ? Tried 100 rs Facial kit"", ""Worst Beauty Purchases \u274c|| Products i Regret buying"", ""Affordable Luxury-Smelling Perfumes You NEED to Try \u2728"", ""Mera Kya hi hoga \u2026.Airport GRWM \u2708\ufe0f"", ""Pack With Me for a YouTube Event \u2728"", ""GRWM for Ganpati Pooja \ud83e\ude94\u2728 | Vitamin C Fresh & Bright Mositurizer"", ""New Bag Unboxing + Organize With Me \ud83d\udc5c"", ""GRWM for Annaprashan \ud83e\udd79\ud83e\udd0d | Baby Face Reveal"", ""HUGE FESTIVE MAKEUP HAUL \ud83d\udc84\ud83d\udecd\ufe0fLuxury Makeup + Cute Beauty Finds \ud83e\uddf8\u2728""]",officialaarti97@gmail.com,channel description,Not Found,Not Found,Not Found,Not Found,Not Found,Not Found,Not Found,2026-10-01T11:35:48Z,78.78,FAIL,"[""followers outside configured range or unavailable""]",skincare routine,2026-10-01T17:36:33.066053+00:00
UCQJOgPxm8lN-aPZ7_SsnMtA,aliya,YouTube,https://www.youtube.com/channel/UCQJOgPxm8lN-aPZ7_SsnMtA,1030000.0,1763997.6,0.0510224487921104,"makeup, beauty, style, grwm","makeup, beauty, style, grwm","[""mind ur business"", ""REBECCAAAAA #foryoupage #malcolmtodd #glowup"", ""Jake Shane i need ur gummies #candysalad #1million #fyp\u30b7\u309aviral"", ""MY BUG HORROR STORY \ud83d\ude00 #grwmroutine #makeup #truecrime ESW Beauty"", ""fall nails \ud83c\udf42\ud83d\udc08\u200d\u2b1b #transition #pumpkin #fall"", ""MOM DONT WATCH THIS VIDEO #bellahadid #chaotic #grwm"", ""guess where we goin #fyp\u30b7"", ""AND THEY\u2019RE UNDER $5???? #targetrun #eyepatches #collab #affordable ESW Beauty"", ""we need to do a cake fight irl HAPPY 1 YEAR \u2764\ufe0f\u2764\ufe0f #iloveyou #longdistance #fyp\u30b7 Dak"", ""yall ik this is an #ad but i cannot thank Skin Laundry enough for healing my skin!!! \ud83e\udd79 this journey""]",onlyonealiya@gmail.com,channel description,Not Found,Not Found,Not Found,Not Found,Not Found,Not Found,Not Found,2026-09-29T18:40:52Z,79.78,FAIL,"[""followers outside configured range or unavailable""]",skincare routine,2026-10-01T17:36:33.066053+00:00
UCfINcpvFORbgOZTpIaWxmbw,kayli boyle,YouTube,https://www.youtube.com/channel/UCfINcpvFORbgOZTpIaWxmbw,1040000.0,130639.7,0.0751137513969029,hair,hair,"[""DAY 1 of 31 DAYS OF HALLOWEEN \ud83c\udf83 medieval princess  #halloween  #halloweencostume #halloween2026"", ""I CAN\u2019T BELIEVE IM DOING THIS"", ""its officially the best time of year\ud83d\ude0f\ud83c\udf83 #halloween #halloweencostume #31daysofhalloween #kayliboyle"", ""my cozy 6am everything shower routine \u2601\ufe0ffeaturing the protector collection from @amika #amikapartner"", ""\ud83c\udf42FALL IS HERE!! decorating my apartment + fall shopping"", ""How I'm Making My New Hair Color LAST ad @amika #amikapartner"", ""getting my life together: the ULTIMATE apartment reset | ep. 1"", ""7 hour hair transformation!"", ""the hair transformation i\u2019ve been waiting 3 YEARS for\u2026 #hairtransformation #longhair"", ""changing my hair after growing it out for 3 YEARS\u2026""]",Not Found,Not Found,Not Found,Not Found,Not Found,Not Found,Not Found,US,Not Found,2026-10-01T13:10:56Z,67.5,FAIL,"[""followers outside configured range or unavailable"", ""insufficient fashion/beauty keyword matches"", ""country does not match configured region""]",skincare routine,2026-10-01T17:36:33.066053+00:00
UCm7fuYAG3DXJhsPP69O2inQ,FeelinMySkin Skincare Routine App,YouTube,https://www.youtube.com/channel/UCm7fuYAG3DXJhsPP69O2inQ,118.0,538.4444444444445,0.0340271109723582,"skincare, beauty, hair","skincare, beauty, hair","[""Scan and track your skincare products #skincareapp #feelinmyskin #skincarescanner #skincaretracker"", ""Read & review skincare products - #skincareapp #skincarescanner #skincaretracker #feelinmyskin"", ""FeelinMySkin Skincare App - read genuine product reviews #skincareapp"", ""FeelinMySkin: How to add a Home Screen Widget to track your daily routine (iOS)"", ""FeelinMySkin: How to use the Home Screen Widget to track any routine"", ""How to check if a skincare product suits your skin? With FeerlinMySkin app"", ""FeelinMySkin app - search a skincare product and check if it suits your skin \ud83d\udc95 #skincareapp"", ""FeelinMySkin App - Skincare Routine Assistant. Download now for free \ud83d\udc47 Feelin My Skin. Updated 2020"", ""FeelinMySkin App - Your Skincare Routine Assistant (2018 trailer)""]",Not Found,Not Found,Not Found,Not Found,Not Found,Not Found,Not Found,Not Found,Not Found,2026-07-08T10:14:02Z,49.93,FAIL,"[""followers outside configured range or unavailable""]",skincare routine,2026-10-01T17:36:33.066053+00:00
UCvp9ypbbOQ2-vtuO-J3k-lw,Alexandria ASMR,YouTube,https://www.youtube.com/channel/UCvp9ypbbOQ2-vtuO-J3k-lw,981000.0,214753.0,0.0270438688766947,"skincare, makeup, beauty, haul, hair","skincare, makeup, beauty, haul, hair","[""ASMR $5 Tooth Gems in School Bathroom\ud83d\ude2c\ud83d\udc8e"", ""ASMR Dermatologist Gives You A Thorough Skin Exam\ud83d\udc40\ud83d\udd0d"", ""ASMR Giving You ALL the Personal Attention until you fall asleep \u2728\ud83e\udef6\ud83c\udffc"", ""ASMR $5 \u201cEyebrow Mapping\u201d in Class (free bangs\ud83d\ude2d)"", ""ASMR Girl in Back of Class Plays With Your Hair & Gossips \ud83e\udd2d\ud83d\udcda (Real Person Hairplay)"", ""ASMR Triggers You Forgot You LOVED!\u2728"", ""ASMR Girl OBSESSED With You Takes Her Sweet Time Doing Your Makeup \ud83e\udd70\u2728"", ""ASMR $5 Piercings Under The School Bleachers\ud83e\udea1\ud83e\udd28"", ""ASMR Overexplaining My Recent Purchases \ud83d\udecd\ufe0f\ud83e\udd2d"", ""ASMR Toxic BFF Gets You Ready for Bachelorette Night\ud83d\udc84 (She Wore White \ud83e\udd28)""]",jalexxandriaa@hotmail.com,channel description,Not Found,https://www.patreon.com/user?u=56539521,Not Found,Not Found,Not Found,US,Not Found,2026-09-25T18:50:03Z,62.82,FAIL,"[""followers outside configured range or unavailable"", ""country does not match configured region""]",skincare routine,2026-10-01T17:36:33.066053+00:00
UCGeNsYOMXp0WIp0b3qrrryw,Garza Crew,YouTube,https://www.youtube.com/channel/UCGeNsYOMXp0WIp0b3qrrryw,2020000.0,310150.4,0.0186736121988151,style,style,"[""Same twins, totally different styles \ud83d\udc95"", ""Match The Viral Meme Challenge. Who Won??"", ""Who Got Their First Tooth First??"", ""Pranking My Sister"", ""Just Got A New Plunger so Had to Prank Someone \ud83d\ude06"", ""What Do The Years Mean??"", ""Was Not A Fan of This Prank \ud83d\ude33"", ""What\u2019s Your Sign??"", ""Part 10 - How my Twins Respond to Bullies"", ""I Pledge Allegiance""]",Not Found,Not Found,Not Found,Not Found,Not Found,Not Found,Not Found,US,Not Found,2026-09-30T20:20:49Z,45.57,FAIL,"[""followers outside configured range or unavailable"", ""insufficient fashion/beauty keyword matches"", ""country does not match configured region""]",skincare routine,2026-10-01T17:36:33.066053+00:00
UC6wHGjpynHruVFTN2yLQBgA,Saanvi's wonderland,YouTube,https://www.youtube.com/channel/UC6wHGjpynHruVFTN2yLQBgA,3110000.0,1347093.2,0.0316556553671346,Not Found,Not Found,"[""*VIRAL* SQUISHY DUMPLING UNBOXING\ud83e\udd29\u2728\ud83e\udd2f #shorts #youtubeshorts #trending"", ""MY *PENCIL CASE* TOUR AS A *10TH GRADER*\ud83e\udd29\u2728\ud83e\udd73 #shorts #youtubeshorts #trending"", ""*LAST HALF YEARLY EXAM*\ud83e\udd73\u2728\ud83e\udd29CBSE 10TH GRADER\ud83d\ude1d\ud83d\ude2d #shorts #youtubeshorts #trending"", ""*HALF YEARLY EXAM* MINI VLOG\ud83d\ude2d\ud83e\udd40CBSE 10TH GRADER #shorts #youtubeshorts #trending"", ""*RAKSHABANDHAN* MINI VLOG\ud83e\udd73\u2728\ud83e\udd29 #shorts #youtubeshorts #trending"", ""MY *EXAM* GOT *CANCELLED*\ud83d\udc80\ud83d\ude31#shorts #youtubeshorts #trending"", ""*COMPETITION* TRAVEL VLOG\ud83e\udd73\u2728\ud83e\udd29 #shorts #youtubeshorts #trending"", ""I found the PERFECT surprise for my brother\ud83e\udd29\ud83e\udd73@cadburygems #Cadburygems #Doraemon #GadgetMasti"", ""MY BIRTHDAY GIFT UNBOXING\ud83e\udd73\u2728//*Birthday Series ep-4*\ud83d\udc85\ud83c\udffb #shorts #youtubeshorts #trending"", ""I WATCHED *SPIDERMAN* MOVIE\ud83e\udd73\u2728\ud83c\udf7f #shorts #youtubeshorts #trending""]",saanvi@blubox.media,channel description,Not Found,Not Found,Not Found,Not Found,Not Found,IN,Not Found,2026-09-30T10:22:24Z,41.94,FAIL,"[""followers outside configured range or unavailable"", ""insufficient fashion/beauty keyword matches""]",skincare routine,2026-10-01T17:36:33.066053+00:00
UC4HlZ9D5agwKmjWuYmDL4KA,ZolieSkinClinic,YouTube,https://www.youtube.com/channel/UC4HlZ9D5agwKmjWuYmDL4KA,1360000.0,23554.4,0.0229856752083788,"skincare, beauty, hair, style","skincare, beauty, hair, style","[""5 things to remember before taking Vitamin E capsule| Vitamin E for Glowing Skin"", ""The Secret to Clear Skin: What You Need to Know #clearskin #skincare #secrets"", ""How to use these Glycolic Acid based toners?"", ""Sunscreen for different skin types| Sunscreen for Oily Skin, Dry Skin, Combination Skin|"", ""4 skincare products that will waste your money! Skincare Products that you don't need!"", ""What\u2019s a Simple Skincare Routine for Combination Skin? Garnier Vitamin C Fresh & Bright Moisturizer"", ""Melasma Treatment| Melasma Treatment cream| How to Treat Melasma | Melasma treatment in Hindi"", ""Vitamin C Tablets on Face Reaction Video| should you apply Vitamin c tablet on face?"", ""Glycolic Acid Uses| How to use Glycolic Acid?"", ""Food for better skin: Best foods for Vitamin C, Iron, Protein""]",Not Found,Not Found,Not Found,Not Found,Not Found,Not Found,Not Found,IN,Not Found,2026-10-01T12:41:08Z,61.09,FAIL,"[""followers outside configured range or unavailable""]",skincare routine,2026-10-01T17:36:33.066053+00:00
UC4UmKCcnP0JbGPGrVxn8IPA,Chris Gibson,YouTube,https://www.youtube.com/channel/UC4UmKCcnP0JbGPGrVxn8IPA,1030000.0,97273.2,0.0299639622770748,"skincare, beauty","skincare, beauty","[""PROVEN Oil That Can Reverse Neck Skin Aging"", ""I Tried Methylene Blue Serum for 8 Weeks \u2013 Here\u2019s What Happened"", ""I Tested PROVEN Red Light Therapies \u2013 Here\u2019s What Happened"", ""3 Steps That REVERSE Skin Aging Overnight - And My Own Routine"", ""Live Q&A With Skincare Expert Chris Gibson"", ""The ONLY Oils Proven To Lift Sagging Neck And Chest Aging - I'm Using At 62"", ""The ONLY Oils Proven to Reverse All Signs Of Skin Aging"", ""I Tested 3 Instant Results Skin Products: Here Is What Happened"", ""The ONLY Skincare Ingredient Proven To Rebuild Collagen Your Skin Already Lost"", ""The Amazing PROVEN Oils Reversing Skin Aging""]",Not Found,Not Found,https://www.instagram.com/chrisgibsonfriends,http://bit.ly/2NL3kOt,Not Found,Not Found,Not Found,US,Not Found,2026-09-30T21:55:44Z,65.97,FAIL,"[""followers outside configured range or unavailable"", ""country does not match configured region""]",skincare routine,2026-10-01T17:36:33.066053+00:00
UC5wvVPDVqBjXMJQkj08l5zw,Atomy Beauty Routine Italia,YouTube,https://www.youtube.com/channel/UC5wvVPDVqBjXMJQkj08l5zw,168.0,192.0,0.0365939681455349,"skincare, beauty, hair","skincare, beauty, hair","[""\u2728 ATOMY BB CREAM SPF50+ PA++++ \ud83c\uddf0\ud83c\uddf7\ud83d\udc8eLa skincare coreana incontra il make-up in un unico gesto! \u2728"", ""\ud83d\udce6 SEMBRANO TANTI SEMPLICI PACCHI\u2026 MA DENTRO C\u2019\u00c8 TUTTO IL MONDO ATOMY! \ud83d\udc40\u2728  #atomyitalia #skincare"", ""\u2728 ATOMY ABSOLUTE SKINCARE SET \u2014 6 PRODOTTI, UNA ROUTINE COMPLETA \u2728 #atomyitalia #skincarecoreana"", ""\ud83e\uddb6\u2728 ATOMY FOOT NOURISHEEM CREAM \u2013 PIEDI MORBIDI E CURATI ANCHE DOPO L\u2019ESTATE!  #atomyitalia #piedi"", ""\ud83d\udebf LA TUA DOCCIA PU\u00d2 DIVENTARE UN PICCOLO MOMENTO DI LUSSO OGNI GIORNO! ATOMY ULTRA RICH BODY WASH \ud83c\uddf0\ud83c\uddf7"", ""\u2728 ATOMY LIP GLOW \u2013 COLORE, MORBIDEZZA E LUMINOSIT\u00c0 PER LE TUE LABBRA  #atomyitalia #lipglow  #perte"", ""SIETE PRONTI A SCOPRIRE UNA DELLE NOVIT\u00c0 PI\u00d9 INNOVATIVE DELLA SKINCARE COREANA? \ud83c\uddf0\ud83c\uddf7\u2728 #skincare #perte"", ""\ud83c\udf3f ATOMY DERMA REAL CICA SET \u2013 CENTELLA ASIATICA | SKINCARE COREANA \ud83c\uddf0\ud83c\uddf7\u2728 #atomyitalia #skincare #perte"", ""\ud83d\udd25 RUGHE E PELLE SPENTA? VUOI UN VISO PI\u00d9 LISCIO E LUMINOSO? \u2728 #ampoule #absolute #atomyitalia #perte"", ""\u2728 10 COSE CHE DEVI FARE SE VUOI SCOPRIRE I MIGLIORI PRODOTTI DI SKINCARE A PREZZI ACCESSIBILI \ud83d\udc8e\ud83c\uddf0\ud83c\uddf7""]",beautyroutineatomy@gmail.com,channel description,Not Found,Not Found,Not Found,Not Found,Not Found,IT,Not Found,2026-10-01T12:00:02Z,70.62,FAIL,"[""followers outside configured range or unavailable"", ""country does not match configured region""]",skincare routine,2026-10-01T17:36:33.066053+00:00
UCNNW4t34XcUbHt2F2Y4Ixzw,By Fannys,YouTube,https://www.youtube.com/channel/UCNNW4t34XcUbHt2F2Y4Ixzw,2230000.0,211414.1,0.0490486491365935,"skincare, style","skincare, style","[""Je suis d\u00e9sol\u00e9\u2026 \ud83d\udc94"", ""Night routine \ud83e\udee7"", ""Dental care routine \ud83e\uddb7 #dentalcare #dentalcareroutine #asmr"", ""Le temps gu\u00e9rit\u2026"", ""L\u2019amour\u2026 \ud83d\udc94"", ""J\u2019ai des probl\u00e8mes de peau.."", ""Lunch in my city \u00e0 Aix en Provence \ud83d\ude31"", ""Qui a trouv\u00e9 l\u2019intrus ? \ud83e\udd23"", ""J\u2019ai test\u00e9 le meilleur soin et je suis choqu\u00e9e du r\u00e9sultat \ud83d\ude31"", ""Purple skincare ASMR \ud83d\udc9c""]",Not Found,Not Found,Not Found,https://www.laifentech.com/by.fannysBFCM,Not Found,Not Found,Not Found,Not Found,Not Found,2026-09-29T15:09:56Z,78.89,FAIL,"[""followers outside configured range or unavailable""]",skincare routine,2026-10-01T17:36:33.066053+00:00
UC0MxAErsLpvU32rrTU685SA,ingck,YouTube,https://www.youtube.com/channel/UC0MxAErsLpvU32rrTU685SA,799000.0,41135.3,0.0306507272257139,"skincare, beauty","skincare, beauty","[""INGU\u2019s Brightening Series is finally here!"", ""How We Met \ud83e\uded6\ud83d\udc8d"", ""Thaifest SG With INGU"", ""Thaifest SG"", ""Shop with me for the best skincare in Thailand \ud83c\uddf9\ud83c\udded"", ""Watsons This Use This"", ""\u0e08\u0e31\u0e1a\u0e42\u0e1b\u0e4a\u0e30\u0e2a\u0e01\u0e34\u0e19\u0e41\u0e04\u0e23\u0e4c\u0e1b\u0e25\u0e2d\u0e21!"", ""Selling Bags for Wedding"", ""\u0e2a\u0e38\u0e48\u0e21\u0e2a\u0e01\u0e34\u0e19\u0e41\u0e04\u0e23\u0e4c \u0e2d\u0e32\u0e2b\u0e32\u0e23\u0e40\u0e2a\u0e23\u0e34\u0e21\u0e08\u0e32\u0e01\u0e23\u0e49\u0e32\u0e19\u0e41\u0e19\u0e30\u0e19\u0e33 \u0e23\u0e49\u0e32\u0e19 Mall! \u0e02\u0e2d\u0e07\u0e1b\u0e25\u0e2d\u0e21\u0e40\u0e01\u0e25\u0e37\u0e48\u0e2d\u0e19 \u0e41\u0e1a\u0e23\u0e19\u0e14\u0e4c\u0e15\u0e31\u0e27\u0e40\u0e2d\u0e07\u0e22\u0e31\u0e07\u0e42\u0e14\u0e19!! \ud83d\udea8"", ""\ud83d\udc30Animal testing should end everywhere!""]",Not Found,Not Found,Not Found,Not Found,Not Found,Not Found,Not Found,TH,Not Found,2026-10-01T10:21:54Z,66.46,FAIL,"[""followers outside configured range or unavailable"", ""country does not match configured region""]",skincare routine,2026-10-01T17:36:33.066053+00:00
UCeHzl7yBvyu3HalVxQScdhg,Madhuri Dixit Nene,YouTube,https://www.youtube.com/channel/UCeHzl7yBvyu3HalVxQScdhg,1300000.0,448772.8,0.0212412558426858,"makeup, beauty, fashion, outfit, hair, style","makeup, beauty, fashion, outfit, hair, style","[""PANCHAK - OFFICIAL TRAILER2 | MADHURI DIXIT NENE | ADINATH KOTHARE, TEJASHRI PRADHAN | 5 JAN"", ""Chamatkar Song | Panchak 5th Jan | Guru T, Abhijeet K, Mangesh D | Adinath K"", ""Panchak Title Song | 5th Jan | Guru T, Suhas S, Mangesh D | Adinath K, Ashish K"", ""PANCHAK - OFFICIAL TRAILER | MADHURI DIXIT NENE | ADINATH KOTHARE, TEJASHRI PRADHAN | 5 JAN"", ""Sneak Peek Into What Goes Behind A Performance! | Madhuri Dixit"", ""PANCHAK-OFFICIAL TEASER | MADHURI DIXIT NENE, DR SHRIRAM NENE | ADINATH K, TEJASHRI P | 5 JAN"", ""Simple And Effective Festive Make Up Tutorial | Madhuri Dixit Nene"", ""Safety Tips For The Kitchen | Madhuri Dixit Nene"", ""My secret for smooth and shiny hair! | Madhuri Dixit Nene"", ""Making My Favorite Tomato, Basil And Mozzarella Salad!""]",Not Found,Not Found,Not Found,Not Found,Not Found,Not Found,Not Found,IN,Not Found,2023-12-30T08:02:17Z,39.87,FAIL,"[""followers outside configured range or unavailable"", ""last upload is older than configured activity window""]",skincare routine,2026-10-01T17:36:33.066053+00:00
UC7jzDOLWQ3cpyQskHtfEA9w,skincare routine skncoach,YouTube,https://www.youtube.com/channel/UC7jzDOLWQ3cpyQskHtfEA9w,21.0,596.8,0.0076532993236182,"skincare, beauty","skincare, beauty","[""47 saved routines. Still no idea what to use tonight."", ""Water in hand. Skincare planned. \ud83d\udca7 #Shorts"", ""shop your shelf"", ""my skincare shelf is a group project with no instructions"", ""your skin probably needs less, not more"", ""i'm not buying another 10-step skincare routine"", ""My Christmas wish list"", ""Selfie to skincare routine #skincare"", ""wait was last night acid night or retinol night"", ""your skin isn't being difficult, it's just changing""]",Not Found,Not Found,Not Found,Not Found,Not Found,Not Found,Not Found,Not Found,Not Found,2026-10-01T11:21:25Z,50.36,FAIL,"[""followers outside configured range or unavailable"", ""engagement rate below threshold or unavailable""]",skincare routine,2026-10-01T17:36:33.483502+00:00
UC-FQOPrv1_RSz3eNDUyFfQA, Skincare Routine,YouTube,https://www.youtube.com/channel/UC-FQOPrv1_RSz3eNDUyFfQA,1.0,1.0,2.0,Not Found,Not Found,"[""De pigmentation candy for what's up xwlness @what's up xwlness""]",Not Found,Not Found,Not Found,Not Found,Not Found,Not Found,Not Found,Not Found,Not Found,2025-11-13T17:31:09Z,35.0,FAIL,"[""followers outside configured range or unavailable"", ""insufficient fashion/beauty keyword matches"", ""last upload is older than configured activity window""]",skincare routine,2026-10-01T17:36:33.483502+00:00
UC7v0CRFJyXKIu1dOX5EYJcw,Khichi Beauty,YouTube,https://www.youtube.com/channel/UC7v0CRFJyXKIu1dOX5EYJcw,1860000.0,2168.3,0.0166198426712349,"skincare, makeup, beauty, fashion, hair, style","skincare, makeup, beauty, fashion, hair, style","[""Fade Dark Spots & Smooth Fine Lines: The Ultimate Anti-Aging Routine | Timeless Glow Ep. 1 \ud83d\udcf1"", ""Fade Dark Spots & Smooth Fine Lines: The Ultimate Anti-Aging Routine | Timeless Glow Ep. 1"", ""How this serum delivers glass like  youthful skin"", ""Skincare Chat: Walking Through My Daily 5-Step Routine (Edited)"", ""The Ultimate Anti-Aging & Radiance Routine \ud83d\udcf1"", ""The Ultimate Anti-Aging & Radiance Routine"", ""Stop Aging Your Skin: The Ultimate Green Tea & Oatmeal DIY Cream"", ""Let's Talk Skincare: Breaking Down a Complete 5-Step Routine"", ""he Ultimate Glow-Up Reset: Dark Spots, Dark Circles & Facial Massage Magic"", ""Your Skin New Daily Green Juice. Is this the secret to the ultimate glow up?""]",Not Found,Not Found,Not Found,Not Found,Not Found,Not Found,Not Found,US,Not Found,2026-09-28T10:26:55Z,55.97,FAIL,"[""followers outside configured range or unavailable"", ""country does not match configured region""]",skincare routine,2026-10-01T17:36:33.483502+00:00
UCRexaeW3Eh6YzlFS3ZrzJ7w,Sery Beauty Routine,YouTube,https://www.youtube.com/channel/UCRexaeW3Eh6YzlFS3ZrzJ7w,673.0,129.5,0.026855679177969,"skincare, makeup, beauty, fashion, outfit, haul, hair, cosmetics","skincare, makeup, beauty, fashion, outfit, haul, hair, cosmetics","[""TRUCCO GIORNO \u2728 Intenso ed elegante | Perfetto anche per una sposa"", ""\u2728 PULIZIA DEL VISO NELLA CASA NUOVA \ud83c\udfe0\ud83d\udc86\u200d\u2640\ufe0f | Skincare da estetista"", ""I migliori shampoo secondo la mia esperienza e ricerca"", ""Un periodo pieno di cambiamenti\u2026 e non sapete ancora tutto \u2764\ufe0f"", ""Shampoo per Capelli Grassi che NON Fanno Effetto Rebound"", ""\ud83c\udf38 HAUL SHEIN ESTATE 2026 \u2600\ufe0f Vestiti, gioielli e ciabattine\u2026 ma ora ci sono pure i DAZI!"", ""Come migliorare la tua immagine su YouTube"", ""PRODOTTI DEL MESE // I prodotti che ho amato questa estate \u2600\ufe0f"", ""L'ultima morning routine a Sondrio \u2600\ufe0f"", ""Recensisco il trucco sera di @EsteticaEnza \ud83d\udc84\u2728""]",Not Found,Not Found,Not Found,Not Found,Not Found,Not Found,Not Found,IT,Not Found,2026-09-26T08:00:36Z,62.69,FAIL,"[""followers outside configured range or unavailable"", ""country does not match configured region""]",skincare routine,2026-10-01T17:36:33.483502+00:00
UC11VGv51lJtapJypQ8rBzHg,Skin Care Routine ,YouTube,https://www.youtube.com/channel/UC11VGv51lJtapJypQ8rBzHg,0.0,165.5,0.002283105022831,skincare,skincare,"[""Skin glow \ud83d\ude26 #skincare #beforeafter #facemask #pimple"", ""14 glowing skin #skincare #glowup #butiful #beforeafter"", ""\u2018\u20194 \u09ae\u09be\u09b8\u09c7 real skin change \ud83d\udc40Routine \u09a8\u09bf\u099a\u09c7 follow \u0995\u09b0\u09c1\u09a8#skins #beforeafter #skincare"", ""Skin care routine #skincare #butiful #mekup""]",Not Found,Not Found,Not Found,Not Found,Not Found,Not Found,Not Found,IN,Not Found,2026-01-21T14:50:50Z,14.1,FAIL,"[""followers outside configured range or unavailable"", ""engagement rate below threshold or unavailable"", ""insufficient fashion/beauty keyword matches"", ""last upload is older than configured activity window""]",skincare routine,2026-10-01T17:36:33.483502+00:00
UCQ1X6NuAr9mxbxLUEHw3-OA,Skincare routine,YouTube,https://www.youtube.com/channel/UCQ1X6NuAr9mxbxLUEHw3-OA,6.0,731.0,0.0078921732974856,"skincare, hair","skincare, hair","[""flaxseed gel for hair growth #flaxseed #flaxseedbenefites #flaxseedgelforhair"", ""instant glowing face pack or banana face pack #banana #bananafacepack #bananafacemask #glowingskin"", ""french green clay face pack at home #facepack #facepackathome #facepackforoilyskin #facepackforacne"", ""How to prepare rosemary oil at home #rosemarybenefits #rosemaryoilforhairgrowth #rosemary #hairlover"", ""Rosemary oil for best hair growth #rosemary #rosemarybenefits #rosemaryoilforhairgrowth #rosemarytip"", ""Grey hair and  regrow hairpack for womens & Mens #hairpack #haircare #hairgrowth #auyervedic"", ""Best glowing facepack #skincareroutine #avarampoo #turmeric #instantglowfacial #skincaretips"", ""Instant glowing face pack #skincareroutine #flaxseed #turmeric #flaxseedbenefites #flaxseedgel"", ""Morning skincare routine #skincareroutine #skincaretips #skin #skinbrightening"", ""flax seed  facepack #flaxseed #flaxseedbenefites #flaxseedgelforhair #flaxseedgel""]",Not Found,Not Found,Not Found,Not Found,Not Found,Not Found,Not Found,Not Found,Not Found,2025-05-29T16:40:00Z,30.52,FAIL,"[""followers outside configured range or unavailable"", ""engagement rate below threshold or unavailable"", ""last upload is older than configured activity window""]",skincare routine,2026-10-01T17:36:33.483502+00:00
UCJYAeKyAvGavJVRPnKjGkXQ,Sanvi daily Skin care routine,YouTube,https://www.youtube.com/channel/UCJYAeKyAvGavJVRPnKjGkXQ,1.0,12.5,0.0322077922077922,skincare,skincare,"[""#acne #acnetips #oilyskin #clearskin #skincare #shorts #ytshorts"", ""#sunscreen #spf #sunprotection #uvprotection #skincare #shorts #ytshorts"", ""#retinol #antiaging #nightroutine #skincare #healthyskin #shorts #ytshorts"", ""#vitaminc #brightskin #glowingskin #morningroutine #skincare #shorts #ytshorts"", ""#vitaminc #brightskin #glowingskin #morningroutine #skincare #shorts #ytshorts"", ""#morningroutine #morningskincare #vitaminc #sunscreen #glowingskin #skincare #shorts #ytshorts""]",Not Found,Not Found,Not Found,Not Found,Not Found,Not Found,Not Found,Not Found,Not Found,2026-07-08T07:23:21Z,36.16,FAIL,"[""followers outside configured range or unavailable"", ""insufficient fashion/beauty keyword matches""]",skincare routine,2026-10-01T17:36:33.483502+00:00
UCoIwtx0LA8qZBeLgvzuUDWA,bridal skincare routine ,YouTube,https://www.youtube.com/channel/UCoIwtx0LA8qZBeLgvzuUDWA,13.0,272.0,0.0809860285851935,"skincare, style","skincare, style","[""chemist at play bodywash review #bodywashes #salicylicacid #lacticacid"", ""Bridal skincare series Part-1 #bodycare #skincare #chemistatplay #bridalskincare #bodywash""]",Not Found,Not Found,Not Found,Not Found,Not Found,Not Found,Not Found,Not Found,Not Found,2026-10-01T03:15:34Z,80.0,FAIL,"[""followers outside configured range or unavailable""]",skincare routine,2026-10-01T17:36:33.483502+00:00
UCx1UM-_QoAqbCM5dMOG_1oQ,Skincare Routine,YouTube,https://www.youtube.com/channel/UCx1UM-_QoAqbCM5dMOG_1oQ,6.0,295.625,,"skincare, makeup, beauty","skincare, makeup, beauty","[""Real Makeup #makeup #realmakeup #realisticmakeup"", ""\u62a4\u80a4\u5583\u5583\u59d0\u7684\u4e3b\u9875   \u6296\u97f3 #yt #youtubeshorts #youtube #ytshorts #youtubevideo"", ""skincare products for men #skincare #skincareroutine #shortsvideo"", ""Skincare products #skincare #skinproblemsolution #skincareproducts #skincarelover #shorts"", ""Net Ease Egg Party #yt #youtubeshorts #youtube #ytshorts #youtuber #youtubevideo"", ""skincare"", ""Skincare #skincare #skincareroutine #shortsvideo #skincarelover #transformation"", ""Skincare routine #shorts #shortsvideo #skincare #skincareroutine #skincarelover""]",Not Found,Not Found,Not Found,Not Found,Not Found,Not Found,Not Found,IN,Not Found,2024-04-26T11:09:51Z,25.0,FAIL,"[""followers outside configured range or unavailable"", ""engagement rate below threshold or unavailable"", ""last upload is older than configured activity window""]",skincare routine,2026-10-01T17:36:33.483502+00:00
UCOnG2fbzprDYHpzvjGhV-lw,Healthy routine with Ritu,YouTube,https://www.youtube.com/channel/UCOnG2fbzprDYHpzvjGhV-lw,65.0,490.1,0.0138652291601322,"skincare, style","skincare, style","[""Not someone with perfect skin and huge skincare shelf. #youtubeshorts #skincare #trendingshorts"", ""Skincare routine without give up #youtubeshorts #youtubeshorts #skincare #viral #youtubeshorts"", ""Consistency OR New Products | My Skin Repair Journey #youtubeshorts #faceserumforoilyskin #shorts"", ""\u201cConsistent Skincare = Better Skin \u201d #youtubeshorts #skincare #trending #youtubeshorts #fyp #shorts"", ""Skincare is important #youtubeshorts #faceserumforoilyskin #skincare #skincareroutine #trending"", ""Skincare with raw Aleovera #youtubeshorts #skincare #shortvideo #youtubeshorts #fyp #viral #trending"", ""Never give up #youtubeshorts #skincare #faceserumforoilyskin #skincareroutine #damagedskinbarrier"", ""My Healing Journey \ud83d\ude2d #youtubeshorts #faceserumforoilyskin #nighttimeskincareroutine #trending"", ""Skin Barrier Damaged but- don\u2019t give up #youtubeshorts #skincare #faceserumforoilyskin #acnescars"", ""Skincare + healthy diet = Healthy skin # #youtubeshorts #shorts #acnescars #trendingshorts #viral""]",Not Found,Not Found,Not Found,Not Found,Not Found,Not Found,Not Found,Not Found,Not Found,2026-09-30T18:38:15Z,54.71,FAIL,"[""followers outside configured range or unavailable""]",skincare routine,2026-10-01T17:36:33.483502+00:00
UCkbvQPSWI-aATiNUtxExhNQ,Skincare routine ,YouTube,https://www.youtube.com/channel/UCkbvQPSWI-aATiNUtxExhNQ,21.0,638.6,0.0301320588943804,skincare,skincare,"[""21 May 2026"", ""Best skincare products for glowing skin#skincare #"", ""\u2018\u2019Daydreams of rever steames\ud83c\udf0a"", ""Rainy days bring peaceful vibes\u2764\ufe0f"", ""National day \ud83c\uddf8\ud83c\udde6""]",Not Found,Not Found,Not Found,Not Found,Not Found,Not Found,Not Found,Not Found,Not Found,2026-05-21T10:16:40Z,33.59,FAIL,"[""followers outside configured range or unavailable"", ""insufficient fashion/beauty keyword matches"", ""last upload is older than configured activity window""]",skincare routine,2026-10-01T17:36:33.483502+00:00
UCj2BeMkZMqGkEmYZFx50Pmg,skincare routine ,YouTube,https://www.youtube.com/channel/UCj2BeMkZMqGkEmYZFx50Pmg,0.0,2.4,0.0,skincare,skincare,"[""please like and subscribe for more details \ud83d\udc47\ud83d\udc47\ud83d\udc47\ud83d\udc47 #skincare"", ""please like and subscribe for more details \ud83d\udc47\ud83d\udc47\ud83d\udc47\ud83d\udc47 #skincare"", ""please like and subscribe for more details \ud83d\udc47\ud83d\udc47\ud83d\udc47\ud83d\udc47 #skincare"", ""please like and subscribe for more details \ud83d\udc47\ud83d\udc47\ud83d\udc47\ud83d\udc47 #skincare"", ""please like and subscribe for more details \ud83d\udc47\ud83d\udc47\ud83d\udc47\ud83d\udc47 #skincare"", ""please like and subscribe \ud83d\udc47 \ud83d\udc47\ud83d\udc47\ud83d\udc47 #skincare"", ""please like and subscribe \ud83d\udc47\ud83d\udc47\ud83d\udc47\ud83d\udc47\ud83d\udc47 #skincare"", ""please like and subscribe for more details \ud83d\udc47\ud83d\udc47\ud83d\udc47\ud83d\udc47 #skincare"", ""please like and subscribe for more details \ud83d\udc47\ud83d\udc47\ud83d\udc47\ud83d\udc47 #skincare"", ""please like and subscribe for more details \ud83d\udc47\ud83d\udc47\ud83d\udc47\ud83d\udc47 #skincare""]",Not Found,Not Found,Not Found,Not Found,Not Found,Not Found,Not Found,Not Found,Not Found,2026-02-08T17:25:26Z,12.5,FAIL,"[""followers outside configured range or unavailable"", ""engagement rate below threshold or unavailable"", ""insufficient fashion/beauty keyword matches"", ""last upload is older than configured activity window""]",skincare routine,2026-10-01T17:36:33.483502+00:00
UCBisgq92x5Y3vA9qtgONfWw,skin care routine 🌺☺️,YouTube,https://www.youtube.com/channel/UCBisgq92x5Y3vA9qtgONfWw,61.0,497.0,0.0222636992811834,"skincare, beauty","skincare, beauty","[""#skincare #blackpink #latestinbeautylineupproducts #girls #kpop"", ""#skincare #blackpink #girls #subscribe"", ""#skincare #blackpink #girls #\u0627\u0643\u0633\u0628\u0644\u0648\u0631"", ""#Muslim girls #self transforms #skincare #girls"", ""#skincare #blackpink #girls"", ""#skincare 0#\u0627\u0633\u062a\u0639\u064a\u0646\u0648\u0627 \u0628\u0627\u0644\u0644\u0647 #girls\u0644\u0627 \u062a\u064a\u0626\u0633\u0648\u0627 \u0645\u0646 \u0631\u0648\u062d \u0627\u0644\u0644\u0647 \u0627\u0646 \u0627\u0644\u0644\u0647 \u063a\u0641\u0648\u0631\u0627 \u0631\u062d\u064a\u0645\u0627"", ""#skincare #blackpink #girls #dayhabitsofacleanhome"", ""#skincare #blackpink #girls"", ""#glowingskin #newvideo #skincare"", ""#skincare #blackpink #latestinbeautylineupproducts #\u0627\u0643\u0633\u0628\u0644\u0648\u0631""]",Not Found,Not Found,Not Found,Not Found,Not Found,Not Found,Not Found,Not Found,Not Found,2026-09-26T19:33:54Z,59.7,FAIL,"[""followers outside configured range or unavailable""]",skincare routine,2026-10-01T17:36:33.483502+00:00
UCTLYkx198OTww7-ykD-AP-w,Dr Redmond - Skincare For Women ,YouTube,https://www.youtube.com/channel/UCTLYkx198OTww7-ykD-AP-w,832.0,115.2,0.0239021176529031,"skincare, beauty, fashion, hair, cosmetics","skincare, beauty, fashion, hair, cosmetics","[""The KOREAN Method to Tighten Sagging Jowls & Turkey Neck Nobody Tells You About"", ""Age Spots Gone! The KOREAN Method Your Doctor Will NEVER Mention"", ""Chill Walk In The Park"", ""10 Hair Secrets From the 1980s Nobody Uses Anymore (They Still Work)"", ""The 10 BEST Foods For Seniors With NO Carbs & NO Sugar (Doctor Explains)"", ""Whiteheads, Blackheads, Open Pores 100 % Working Home Remedy | How To Shrink Pores"", ""No.1 Dermatologist Reveals the SIMPLE Daily Habit That Prevents Eye Wrinkles After 50 | Dr. Redmond"", ""$2 Bottle Does 5 Things: Lifts, Firms, Erases Spots PERMANENTLY \u2014 Sold Everywhere. IGNORED"", ""Replace Your $120 Hair Growth Serum With A $2 One And Stop Shedding In 7 Days (I Tried It For You)"", ""$4 Oil FIRMS Saggy Jowls FOREVER. Facelift Industry BURIED This Since 1978 | Dr. Redmond""]",Not Found,Not Found,Not Found,Not Found,Not Found,Not Found,Not Found,IT,Not Found,2026-07-09T19:00:22Z,43.29,FAIL,"[""followers outside configured range or unavailable"", ""country does not match configured region""]",skincare routine,2026-10-01T17:36:33.483502+00:00
UC6fHtEjHFBC9hmwYHVVc5AA,The SkinCare Routine,YouTube,https://www.youtube.com/channel/UC6fHtEjHFBC9hmwYHVVc5AA,473.0,1890.4,0.0211338084683276,"skincare, makeup, beauty, hair","skincare, makeup, beauty, hair","[""Basta ESFOLIANTI! E' il momento di fermarsi!"", ""La tua pelle ti sta parlando (ma la ascolti?)"", ""Il Tymo automatic curler funziona su capello corto?"", ""E' ora di usare la crema spf!"", ""Il tonico al posto dell'acqua????"", ""Detergenti vs struccanti"", ""Scopri la tua pelle. Guida pratica per conoscere e trattare il tuo #skintype"", ""Basta skincare a caso. Inizia da qui! Se la tua skincare non funziona\u2026 guarda questo."", ""Funziona DAVVERO? Automatic Curler in azione!"", ""L\u2019ACQUA NON LAVA! Errore pi\u00f9 comune di quello che si pensa!""]",Not Found,Not Found,Not Found,Not Found,Not Found,Not Found,Not Found,IT,Not Found,2026-04-13T15:30:08Z,39.79,FAIL,"[""followers outside configured range or unavailable"", ""last upload is older than configured activity window"", ""country does not match configured region""]",skincare routine,2026-10-01T17:36:33.483502+00:00
UCcdzGsO8PvUO1FQJqnluPWQ,skincare routine,YouTube,https://www.youtube.com/channel/UCcdzGsO8PvUO1FQJqnluPWQ,0.0,58.5,,skincare,skincare,"[""Men skincare routine #shorts#youtubeshorts#shortvideo#shortsfeed#skincare"", ""Mens skincare#shorts#youtubeshorts#shortsfeed#trendingshorts#skincare""]",Not Found,Not Found,Not Found,Not Found,Not Found,Not Found,Not Found,Not Found,Not Found,2023-09-06T19:13:15Z,12.5,FAIL,"[""followers outside configured range or unavailable"", ""engagement rate below threshold or unavailable"", ""insufficient fashion/beauty keyword matches"", ""last upload is older than configured activity window""]",skincare routine,2026-10-01T17:36:33.483502+00:00
UCYYCvBvwK8ayRmy7o_4-VKg,Skincare Routine With Nature,YouTube,https://www.youtube.com/channel/UCYYCvBvwK8ayRmy7o_4-VKg,758.0,124.4,0.0028253475303164,"skincare, makeup, hair","skincare, makeup, hair","[""\u0985\u09b2\u09cd\u09aa \u09b8\u09ae\u09df\u09c7\u09b0 \u09ae\u09a7\u09cd\u09af\u09c7 \u0995\u09ae \u0995\u09b7\u09cd\u099f\u09c7 \u09a6\u09cd\u09b0\u09c1\u09a4 \u0993\u099c\u09a8 \u0995\u09ae\u09bf\u09df\u09c7 \u09a8\u09bf\u099c\u09c7\u0995\u09c7 \u09b8\u09c1\u09b8\u09cd\u09a5 \u0993 \u09b8\u09c1\u09a8\u09cd\u09a6\u09b0 \u09b0\u09be\u0996\u09be\u09b0 \u09b8\u09b9\u099c \u0989\u09aa\u09be\u09df? Waight loss"", ""\u0985\u09b2\u09b8 \u09b8\u09cd\u0995\u09bf\u09a8\u0995\u09c7\u09df\u09be\u09b0? Lazy skincare?"", ""\u0986\u09aa\u09a8\u09be\u09b0 \u09a4\u09cd\u09ac\u0995\u09c7\u09b0 \u0995\u09cd\u09b7\u09a4\u09bf \u0986\u09aa\u09a8\u09bf\u0987 \u0995\u09b0\u099b\u09c7\u09a8 \u098f\u0987 \u09e9\u099f\u09bf \u09ad\u09c1\u09b2\u09c7\u09b0 \u09ae\u09be\u09a7\u09cd\u09af\u09ae\u09c7? "", ""\u09af\u09c7\u0995\u09cb\u09a8\u09cb \u09ac\u09df\u09b8\u09c7 \u09af\u09c7\u0995\u09cb\u09a8\u09cb \u0995\u09be\u099c\u09c7\u09b0 \u09ab\u09be\u0981\u0995\u09c7 \u0998\u09b0\u09c7 \u09ac\u09b8\u09c7 \u0996\u09c1\u09ac \u09b8\u09b9\u099c\u09c7 \u0993 \u0985\u09b2\u09cd\u09aa \u09b8\u09ae\u09df\u09c7\u09b0 \u09ae\u09a7\u09cd\u09af\u09c7 \u09ae\u09c7\u09df\u09c7\u09a6\u09c7\u09b0 \u0987\u09a8\u0995\u09be\u09ae\u09c7\u09b0 \u0995\u09df\u09c7\u0995\u099f\u09bf \u09b8\u09b9\u099c \u0986\u0987\u09a1\u09bf\u09df\u09be"", ""\u09a4\u09cd\u09ac\u0995\u0995\u09c7 \u09b8\u09c1\u09b8\u09cd\u09a5, \u09b8\u09c1\u09a8\u09cd\u09a6\u09b0 \u0993 \u09a6\u09be\u0997\u09ae\u09c1\u0995\u09cd\u09a4 \u09b0\u09be\u0996\u09ac\u09c7 \u09ae\u09be\u09a4\u09cd\u09b0 \u09eb\u09e6 \u099f\u09be\u0995\u09be\u09b0 \u098f\u0987  \u099c\u09bf\u09a8\u09bf\u09b8\u099f\u09be \u09a4\u09ac\u09c7 \u09aa\u09cd\u09b0\u09a4\u09bf\u09a6\u09bf\u09a8 \u09b2\u09be\u0997\u09be\u09a4\u09c7 \u09b9\u09ac\u09c7? "", ""\u0995\u09bf\u09ad\u09be\u09ac\u09c7 \u09b8\u09ac\u09b8\u09ae\u09df \u09a8\u09bf\u099c\u09c7\u0995\u09c7 \u09a4\u09c8\u09b0\u09bf \u09b0\u09be\u0996\u09ac\u09c7\u09a8? always prepare "", ""\u0986\u09b6\u09bf\u09b0 \u09a6\u09b6\u0995\u09c7\u09b0 \u09b0\u09c7\u099f\u09cd\u09b0\u09cb \u099f\u09cd\u09b0\u09c7\u09a8\u09cd\u09a1\u09c7 \u09a8\u09bf\u099c\u09c7\u0995\u09c7 \u09a8\u09be \u09ad\u09be\u09b8\u09bf\u09df\u09c7 \u09ac\u09b0\u09cd\u09a4\u09ae\u09be\u09a8 \u09aa\u09cd\u09b0\u09af\u09c1\u0995\u09cd\u09a4\u09bf\u09a4\u09c7 \u09b8\u09cd\u09ae\u09be\u09b0\u09cd\u099f \u0993 \u09b8\u09cd\u09ac\u09be\u09ac\u09b2\u09ae\u09cd\u09ac\u09c0 \u09b9\u09df\u09c7 \u0989\u09a0\u09c1\u09a8?"", ""\u09aa\u09cd\u09b0\u09a4\u09bf\u09a6\u09bf\u09a8\u09c7\u09b0 \u0995\u09be\u099c\u09c7\u09b0 \u09ae\u09be\u09a7\u09cd\u09af\u09ae\u09c7 \u0993 \u09ab\u09c7\u09b2\u09c7 \u09a6\u09c7\u0993\u09df\u09be \u099c\u09bf\u09a8\u09bf\u09b8 \u09a6\u09bf\u09df\u09c7 \u09b8\u09b9\u099c\u09c7\u0987  \u09b8\u09cd\u0995\u09bf\u09a8\u0995\u09c7\u09df\u09be\u09b0\u09c7\u09b0 \u0989\u09aa\u09be\u09df?Everyday easy skincare "", ""\u09a4\u09cd\u09ac\u0995\u09c7\u09b0 \u0993\u09aa\u09c7\u09a8 \u09aa\u09cb\u09b0\u09b8 \u09ac\u09be \u099b\u09cb\u099f \u099b\u09cb\u099f \u0997\u09b0\u09cd\u09a4\u09c7\u09b0 \u09ae\u09a4\u09c7\u09be \u09a6\u09c7\u0996\u09be \u09af\u09be\u0993\u09df\u09be \u098f\u0987 \u09b8\u09ae\u09b8\u09cd\u09af\u09be\u09b0 \u099a\u09bf\u09b0\u09b8\u09cd\u09a5\u09be\u09df\u09c0 \u0998\u09b0\u09cb\u09df\u09be \u09b8\u09ae\u09be\u09a7\u09be\u09a8?open pors "", ""\u0995\u09cb\u09a8 \u09a7\u09b0\u09a8\u09c7\u09b0 \u09b8\u09be\u0987\u09a1 \u0987\u09ab\u09c7\u0995\u09cd\u099f\u09b8 \u099b\u09be\u09dc\u09be\u0987 \u09eb \u099f\u09be\u0995\u09be\u09b0 \u098f\u0987 \u0995\u09cd\u09af\u09be\u09aa\u09b8\u09c1\u09b2\u099f\u09bf \u09a6\u09bf\u09df\u09c7 \u09b6\u09b0\u09cd\u099f\u0995\u09be\u099f\u09c7 \u0995\u09b0\u09c7 \u09ab\u09c7\u09b2\u09c1\u09a8 \u09b9\u09c7\u09df\u09be\u09b0\u0995\u09c7\u09df\u09be\u09b0 \u0993 \u09b8\u09cd\u0995\u09bf\u09a8\u0995\u09c7\u09df\u09be\u09b0? ""]",sumonaskincare95@gmail.com,channel description,Not Found,Not Found,Not Found,Not Found,Not Found,BD,Not Found,2026-10-01T13:58:41Z,46.98,FAIL,"[""followers outside configured range or unavailable"", ""engagement rate below threshold or unavailable"", ""country does not match configured region""]",skincare routine,2026-10-01T17:36:33.483502+00:00
UCZCbjkIHbPcvw_zJNnyDz8A,Beauty care routine 😁,YouTube,https://www.youtube.com/channel/UCZCbjkIHbPcvw_zJNnyDz8A,15.0,1331.7,0.0063438873934926,"skincare, beauty","skincare, beauty","[""Basan+atta+coffee powder+adha lemon juice+dahi ka mix karke face pack teyar karna hai"", ""1 tablespoon honey+1tablespoon dono ko Milakar chehre per massage karni hai #skincare #daliyrutine"", ""oats+basan+aate ka choker+dahi+coffee powder+2drops Desi ghee+row Milk ine sab ka ek facepack teyar"", ""Tip:\u00a0Aloe Vera gel + chutki Haldi (Turmeric)  chammach Shahad (Honey)tan hatane aur pimples ko rokta"", ""Mash ripe papaya with 1 teaspoon of honey to dissolve dead skin cells using natural papain enzymes."", ""tamatar ka juice 1 teble teaspoon or3,4drops lemon juice mix karke night me chare pr applykrnah#skin"", ""basan+ek pinch haldi+kacha row milk+coffee powder skin glow \ud83c\udf1f#skincare#daliyrutine #skincareroutine"", ""facialathome,coffee powder+ sugar-2step,row milkcleanser 3step,aalo+dahi-steamwarm basan+coffee face"", ""chawalatta +dhudh \u201cInstant glow ke liyeye desi nuskhatry karo#glownaturally #skinfreshness#skincare"", ""\u201cHoney+Lemon se paoinstant glowing skin\ud83c\udf6f#skincare #homeremedies#facepacke  #naturalskin #glowingskin""]",Not Found,Not Found,Not Found,Not Found,Not Found,Not Found,Not Found,IN,Not Found,2026-04-30T16:50:31Z,29.44,FAIL,"[""followers outside configured range or unavailable"", ""engagement rate below threshold or unavailable"", ""last upload is older than configured activity window""]",skincare routine,2026-10-01T17:36:33.483502+00:00
UCJqmwqw0TYa6QK70U2gFirA,Skin care routine,YouTube,https://www.youtube.com/channel/UCJqmwqw0TYa6QK70U2gFirA,10.0,4.4,1.7784313725490195,Not Found,Not Found,"[""7 day 'Glass skin' challenge besan mask.           #asthetic #beuty #homemade #benefits"", ""MULTANI MITTI MASK #benefits #beuty #homemade #milk #multani"", ""face Washing tips.                          #benefits #beuty #homemade #water"", ""Do it every night. #benefits #beuty #homemade #milk"", ""Morning routine for healthy skin. #benefits #homemade #beuty #water"", ""skin care steps.                                #benefits #beuty #homemade#milk#water"", ""skin glowing in week.                      #benefits #homemade #beuty#milk#water"", ""Summer skin care.                          #benefits #beuty #homemade #multani mitti"", ""Glass glowing skin challange.         #benefits #beuty #homemade#multani mitti"", ""For glowing skin.                               #benefits, #besan, #flour, #homemade,#recipe, #beuty""]",Not Found,Not Found,Not Found,Not Found,Not Found,Not Found,Not Found,Not Found,Not Found,2023-10-08T17:03:31Z,35.0,FAIL,"[""followers outside configured range or unavailable"", ""insufficient fashion/beauty keyword matches"", ""last upload is older than configured activity window""]",skincare routine,2026-10-01T17:36:33.483502+00:00
UCRabDXk2GbN1aHGogwbBgDQ,Skin care routine,YouTube,https://www.youtube.com/channel/UCRabDXk2GbN1aHGogwbBgDQ,38.0,86.0,0.0396447556888463,skincare,skincare,"[""How to Add Retinoid in your skincare routine??#retinol #trending #antiaging  #theordinaryskincare"", ""#moisturizer #foryou #skincare #noncomedogenic #niacinamide #vitaminb5 #shortsyoutube #viral"", ""If you have any skin concern follow my tiktok account #skincare #foryou  #shortvideo #shortsyoutube"", ""#vitamin_c #youngerskin #finelinesandwrinkles #antiagingserum #skincare   #viral #foryou #shorts"", ""Anti-aging SkincareRetinol.treats wrinkles, fine lines and give your skin younger look."", ""Unit Cell Structure Of NaCl (Sodium Chloride) Table Salt""]",Not Found,Not Found,Not Found,Not Found,Not Found,Not Found,Not Found,Not Found,Not Found,2023-09-12T15:17:39Z,40.25,FAIL,"[""followers outside configured range or unavailable"", ""insufficient fashion/beauty keyword matches"", ""last upload is older than configured activity window""]",skincare routine,2026-10-01T17:36:33.483502+00:00
UCLY_OkB4tlemHnKM8Zar36Q,Skincare-Routine,YouTube,https://www.youtube.com/channel/UCLY_OkB4tlemHnKM8Zar36Q,123.0,265.3,0.1050734291579977,"skincare, beauty","skincare, beauty","[""piel hermosa..col\u00e1geno,el n\u00famero 1 en el mercado.. problema:huesos,piel,pelo,u\u00f1as collagen+ soluci\u00f3n"", ""dermapen /microneebling facial"", ""relajaci\u00f3n... relaxing.. relajante..massage #paz"", ""dermaplaning facial, limpieza facial profunda...."", ""masaje facial en unos minutos.mejora la circulaci\u00f3n sanguinea,aparte de una sensaci\u00f3n de relajaci\u00f3n."", ""Envejecimiento de la piel...#skin #beauty #esthetician #routines #protectorsolar"", ""Depilaci\u00f3n...#depilaci\u00f3nl\u00e1ser #depilaci\u00f3n #estetica"", ""facial Resultado...Efecto de la limpieza facial... #skincare"", ""relajaci\u00f3n...#relaxing massage #massage #relax #massage #estetica"", ""Facial...siempre cuidarnos!!! 19 de febrero de 2025""]",Not Found,Not Found,Not Found,Not Found,Not Found,Not Found,Not Found,Not Found,Not Found,2025-04-07T04:32:34Z,60.0,FAIL,"[""followers outside configured range or unavailable"", ""last upload is older than configured activity window""]",skincare routine,2026-10-01T17:36:33.483502+00:00
UChpAHL269jqxV9n63q3wzbw,skin care routine ,YouTube,https://www.youtube.com/channel/UChpAHL269jqxV9n63q3wzbw,4.0,213.66666666666663,0.0001591089896579,Not Found,Not Found,"[""16 September 2026"", ""16 September 2026"", ""16 September 2026"", ""16 September 2026"", ""Absolute satisfaction! Watch this ultimate skin reset. Your skin deserves this therapy. \ud83e\uddfc\ud83e\uddf4"", ""Absolute satisfaction! Watch this ultimate skin reset. Your skin deserves this therapy. \ud83e\uddfc\ud83e\uddf4""]",Not Found,Not Found,Not Found,Not Found,Not Found,Not Found,Not Found,Not Found,Not Found,2026-09-16T05:20:59Z,16.78,FAIL,"[""followers outside configured range or unavailable"", ""engagement rate below threshold or unavailable"", ""insufficient fashion/beauty keyword matches""]",skincare routine,2026-10-01T17:36:33.483502+00:00
UCTGDQHYevHyq6W6a_HqT4Bw,Beauty and skin care routine ,YouTube,https://www.youtube.com/channel/UCTGDQHYevHyq6W6a_HqT4Bw,133.0,47.4,0.199058989703458,"skincare, makeup, beauty","skincare, makeup, beauty","[""Let's start team work#skincareroutine #skincaretips #teamwork #comedy #viralvideo"", ""Best hack for home remedy \ud83e\udef0#skincareroutine #skincaretips #viralshorts #viralvideo"", ""By by dark circles best home remedy and perfect hack#skincareroutine #skincaretips #beautiful"", ""Best glowing whiting serum and amazing results  #skincareroutine #beautitips #skincaretips"", ""Best whitening serum for face #beautiful #shorts #skincareroutine #skincaretips"", ""7-Day Rice Cream Challenge - Get Glass Skin Naturally \ud83e\udd2b"", ""DIY SuGAR toothpaste and honey mixtures Scrub \u2764\ufe0f\ud83e\udef0 To Glowing hand \ud83e\udd2b"", ""Best The Ordinary Serums for Glowing & Healthy Skin | Review & Tips!\"""", ""\""Top 5 Face Scrubs for Oily Skin & Acne \u2013 Get Clear, Glowing Skin!\"""", ""\u2705 Secret to Baby Soft Hands! Try This DIY Mask! \u2705 Whitening Hand Mask  Get Salon-Like Results at \ud83c\udfe1""]",Not Found,Not Found,Not Found,Not Found,Not Found,Not Found,Not Found,Not Found,Not Found,2025-02-17T08:03:26Z,60.0,FAIL,"[""followers outside configured range or unavailable"", ""last upload is older than configured activity window""]",skincare routine,2026-10-01T17:36:33.483502+00:00
UCI0Ikiek3VlDlNs1k11upgQ,skincare routine,YouTube,https://www.youtube.com/channel/UCI0Ikiek3VlDlNs1k11upgQ,1.0,6.4,0.3571428571428571,"makeup, beauty, hair","makeup, beauty, hair","[""7 March 2024"", ""6 March 2024"", ""#eyemakeup#shorts"", ""#shorts  kabir singh #viral"", ""ss vlogs fans."", ""big b fanclub#kaalia dialogue #shorts"", ""bekhayali ....kabir singh#shorts."", ""tum bin songs#tumhare siwa #shorts"", ""om chanting."", ""#homemade  cleansing milk #youtubeshorts""]",Not Found,Not Found,Not Found,Not Found,Not Found,Not Found,Not Found,Not Found,Not Found,2024-03-07T04:31:27Z,60.0,FAIL,"[""followers outside configured range or unavailable"", ""last upload is older than configured activity window""]",skincare routine,2026-10-01T17:36:33.483502+00:00
UChjNKk7uPOYeZSpHGIbpYJA,Skinory - Skincare Routine Tracker,YouTube,https://www.youtube.com/channel/UChjNKk7uPOYeZSpHGIbpYJA,0.0,16.5,0.0,skincare,skincare,"[""That little jar symbol on your skincare is an expiry date"", ""Skinory - number one routine control app for your skincare"", ""Skinory skin routine tracker"", ""Skinory - Skincare routine tracker""]",Not Found,Not Found,Not Found,Not Found,Not Found,Not Found,Not Found,Not Found,Not Found,2026-09-19T17:48:49Z,29.83,FAIL,"[""followers outside configured range or unavailable"", ""engagement rate below threshold or unavailable"", ""insufficient fashion/beauty keyword matches""]",skincare routine,2026-10-01T17:36:33.483502+00:00
UC2ScYLDTiOnTIQIOluBwl-A,skin care routine ,YouTube,https://www.youtube.com/channel/UC2ScYLDTiOnTIQIOluBwl-A,2.0,9.0,0.0,Not Found,Not Found,"[""just try this one month \ud83d\udc4d"", ""try it just one month \ud83d\udc4d""]",Not Found,Not Found,Not Found,Not Found,Not Found,Not Found,Not Found,Not Found,Not Found,2025-12-07T02:54:12Z,0.0,FAIL,"[""followers outside configured range or unavailable"", ""engagement rate below threshold or unavailable"", ""insufficient fashion/beauty keyword matches"", ""last upload is older than configured activity window""]",skincare routine,2026-10-01T17:36:33.483502+00:00
UCs8w8bVy54OMf6LokG69g0A,Jan Angelo,YouTube,https://www.youtube.com/channel/UCs8w8bVy54OMf6LokG69g0A,584000.0,36235.3,0.0224605919585563,"skincare, makeup, beauty, haul, hair, style","skincare, makeup, beauty, haul, hair, style","[""NEW JAPANESE SKINCARE in the PHILIPPINES? \ud83d\ude33 Affordable Picks from Mitsukoshi BGC!"", ""Best Moisturizers for BARRIER REPAIR - ALL Skin Types + ALL Budgets! (Filipino)"", ""\ud83c\uddef\ud83c\uddf5 Japanese Drugstore SKINCARE + PERSONAL CARE Worth Buying for FILIPINOS  \ud83c\uddf5\ud83c\udded | Jan Angelo"", ""\ud83c\uddf5\ud83c\udded PINOY SHOPPERS' GUIDE to OLIVE YOUNG, KOREA \ud83c\uddf0\ud83c\uddf7 Must-buy + SULIT Finds! | Jan Angelo"", ""SKINCARE SHOPPING sa WAREHOUSE PHARMACY in Korea?! \ud83d\ude33 Grabe rito! | Jan Angelo"", ""My HAIR STYLING Routine After HAIR LOSS (Filipino) | Jan Angelo"", ""Red, Itchy or Flaky Skin? Dermatologist Explains Eczema, Dermatitis & More! (Filipino)"", ""Why Is Your Face RED? \ud83d\udd34 Derma Explains Acne Marks, Rosacea, & Other Causes! (Filipino)"", ""MINOXIDIL & FINASTERIDE: Effective ba for RECEDING HAIRLINE + HAIR LOSS? My Results after 3 YEARS"", ""Sunscreens That FEEL GOOD in PHILIPPINE WEATHER \u2600\ufe0f (Why THAI Sunscreens Feel Different)""]",Not Found,Not Found,Not Found,Not Found,Not Found,Not Found,Not Found,PH,Not Found,2026-09-20T03:00:15Z,58.28,FAIL,"[""followers outside configured range or unavailable"", ""country does not match configured region""]",skincare routine,2026-10-01T17:36:33.483502+00:00
UCc-6v-4RqdWpVTLpz9wfBAQ,skin care tips and routine ,YouTube,https://www.youtube.com/channel/UCc-6v-4RqdWpVTLpz9wfBAQ,0.0,25.0,0.0583333333333333,"skincare, beauty","skincare, beauty","[""5 healthy foods for glowing skin| skincare| skincare routine and tips #skinroutine #skintips"", ""Healthy skin starts with a simple daily routine.  #Skincare #SkincareRoutine #SkincareTips""]",Not Found,Not Found,Not Found,Not Found,Not Found,Not Found,Not Found,Not Found,Not Found,2026-07-26T05:23:00Z,65.11,FAIL,"[""followers outside configured range or unavailable""]",skincare routine,2026-10-01T17:36:33.483502+00:00
UCQSrb95AtdQwJPTZW6LMlLA,skincare routine,YouTube,https://www.youtube.com/channel/UCQSrb95AtdQwJPTZW6LMlLA,6.0,29.0,0.4482758620689655,beauty,beauty,"[""beauty secret""]",Not Found,Not Found,Not Found,Not Found,Not Found,Not Found,Not Found,Not Found,Not Found,2022-09-24T12:07:12Z,47.5,FAIL,"[""followers outside configured range or unavailable"", ""insufficient fashion/beauty keyword matches"", ""last upload is older than configured activity window""]",skincare routine,2026-10-01T17:36:33.483502+00:00
UCCWfpGQquZ3IIlwW03uR-kg,Daily Skin Care Routine,YouTube,https://www.youtube.com/channel/UCCWfpGQquZ3IIlwW03uR-kg,395.0,657.3,0.003315699692287,"skincare, beauty","skincare, beauty","[""Emergency Skin Fixes for a Quick Glow!"", ""Late-Night Habits Wrecking Your Skin \ud83d\ude31"", ""Surprising Acne Triggers You Need to Know!"", ""Late-Night Habits Ruining Your Skin! \ud83d\ude31"", ""Identify Your Biggest Skin Concern with Glow & Vibe"", ""Top Acne Triggers and How to Combat Them!"", ""Top Skin Concerns - Glow & Vibe"", ""Top Acne and Blackhead Struggles"", ""Spotting Blackheads: Common Triggers! \ud83d\udc40"", ""Skincare Saviors: What's Your Hero Product?""]",Not Found,Not Found,Not Found,Not Found,Not Found,Not Found,Not Found,TR,en,2025-12-24T09:27:48Z,27.32,FAIL,"[""followers outside configured range or unavailable"", ""engagement rate below threshold or unavailable"", ""last upload is older than configured activity window"", ""country does not match configured region""]",skincare routine,2026-10-01T17:36:33.483502+00:00
UCcg2-wh3QF8P8sFTT1PDavw,Rehnuma skin care routine,YouTube,https://www.youtube.com/channel/UCcg2-wh3QF8P8sFTT1PDavw,6.0,121.0,0.2510092638223098,Not Found,Not Found,"[""all skin typ serum #goodvibes"", ""lotus herbal de tan #lotusherbals"", ""good vibes  best wipes #goodvibes"", ""good vibes papaya facial kit #purplle""]",Not Found,Not Found,Not Found,Not Found,Not Found,Not Found,Not Found,Not Found,Not Found,2022-08-18T11:17:00Z,35.0,FAIL,"[""followers outside configured range or unavailable"", ""insufficient fashion/beauty keyword matches"", ""last upload is older than configured activity window""]",skincare routine,2026-10-01T17:36:33.483502+00:00
UC4T_mkM1JCQArbXYw44562w,Healthy skin care routine ,YouTube,https://www.youtube.com/channel/UC4T_mkM1JCQArbXYw44562w,7.0,39.85714285714285,0.0550179175857295,skincare,skincare,"[""Unwind with me #like #aesthetic #skincareroutineforoilyskin #share #skincare #subscribe"", ""Night routine #like #aesthetic #skincareroutineforoilyskin #share #skincare #subscribe"", ""Night routine #like #skincareforallskintypes #share #aesthetic #subscribe #skincare"", ""This feeling \ud83d\udc97\ud83d\udc97\ud83d\udc97\ud83d\udc97#like #morningroutine #skincareforallskintypes #share #subscribe"", ""Night routine #like #aesthetic #share #subscribe #skincare"", ""Skin care routine #like #share #share #subscribe"", ""Skin care routine #like #share #subscribe \ud83d\udc97""]",Not Found,Not Found,Not Found,Not Found,Not Found,Not Found,Not Found,Not Found,Not Found,2024-12-11T15:36:23Z,47.5,FAIL,"[""followers outside configured range or unavailable"", ""insufficient fashion/beauty keyword matches"", ""last upload is older than configured activity window""]",skincare routine,2026-10-01T17:36:33.483502+00:00
UCQk5ufjDIArbgF0GT9oRZSQ,Skincare routine 💗,YouTube,https://www.youtube.com/channel/UCQk5ufjDIArbgF0GT9oRZSQ,4.0,639.8571428571429,0.0173674588665447,skincare,skincare,"["".....   # #shortvideo #skincare #care #subscribemychannel #subscribe #fyp\u30b7\u309aviral #fyp\u30b7 #fyp #viral"", ""skin care.                         #video#skincare#glowingup #subscribe#skincareroutine#fyp\u30b7\u309aviral"", ""simple skincare.                          #shortvideo #skincare #skincareroutine #subscribers #fyp\u30b7"", ""\ud83d\ude2d.                            #fyh #shortvideo #shorts #useful #shortsfeed #videos #subscribe"", ""party dress \ud83e\udd27#song #shortvideo"", ""\ud83e\udd0c\ud83c\udffb\ud83d\udc97"", ""#videos #youtubeshorts  #mayiri  \ud83d\ude10\ud83e\udd40""]",Not Found,Not Found,Not Found,Not Found,Not Found,Not Found,Not Found,Not Found,Not Found,2026-09-02T06:00:28Z,38.21,FAIL,"[""followers outside configured range or unavailable"", ""insufficient fashion/beauty keyword matches""]",skincare routine,2026-10-01T17:36:33.483502+00:00
UCv27sG1-3TDigr8KflXskpg,Bangla Skincare Routine,YouTube,https://www.youtube.com/channel/UCv27sG1-3TDigr8KflXskpg,2440.0,303.1,0.0899106642204441,style,style,"[""Woodcar#car#viralvideo#everyoneeverywhere"", ""Creating Hyper-Realistic Miniature Magic \ud83c\udfac"", ""1. \ud83c\udf31 Gardening Day with My Best Friend #garden #fyp"", ""\""A clever dog uses a piece of food as bait to catch a large fish from the river #lifewatch"", ""Kotha"", ""I did it"", ""The cat made chocolate."", ""Marriage#entertainment"", ""\u201cBig me vs mini me#lifeisbutadream #funny"", ""1. \u201cTiny Cat, Big Squish!\u201d #beautifulmoment#Myclick#photooftheday""]",Not Found,Not Found,Not Found,Not Found,Not Found,Not Found,Not Found,CA,Not Found,2026-07-16T18:38:15Z,50.61,FAIL,"[""followers outside configured range or unavailable"", ""insufficient fashion/beauty keyword matches"", ""country does not match configured region""]",skincare routine,2026-10-01T17:36:33.483502+00:00
UCM7Wp_OSiRWHXlju_c_EXtQ,Smart Routine ,YouTube,https://www.youtube.com/channel/UCM7Wp_OSiRWHXlju_c_EXtQ,144.0,1211.7,0.0138916963548207,skincare,skincare,"[""GLOW Up Tips \u2764\ufe0f\ud83c\udf80\u2728#youtubeshorts #shorts #shortvideo #viral #glowup"", ""GLOW Up in 6 Months\ud83c\udf80\u2764\ufe0f#foryou #youtubeshorts #shortvideo #shorts #viral"", ""SKINCARE For 10 _12 olds \u2728\ud83c\udf37#foryou#youtubeshorts #shortvideo #shorts #skincare #viral"", ""SCHOOL ROUTINE \u2728\ud83c\udf80\ud83c\udf37#school #routines #fyp #foryou #youtubeshorts #ytshorts #youtubeshort #shortvideo"", ""GLOW Up Tips For 10-12 Years Old \u2728\ud83c\udf37\ud83c\udf80#foryou #shorts #shortvideo #short #shortsfeed #youtubeshorts"", ""GLOW Up Tips \u2728\ud83d\udc8b\u2764\ufe0f#foryou #viral #shorts #youtubeshorts #glowup #shortsfeed #shortvideo #shortsfeed"", ""PALE SKIN?TRY THIS \u2728\ud83c\udf37#foryou #viral #youtubeshorts #shorts #shortsfeed"", ""NIGHT ROUTINE \u2728\ud83c\udf80\ud83c\udf37#foryou #shorts #shortvideo #shortsviral #vita #viral #youtubeshorts"", ""GLASS SKIN CHALLENGE \u2728\ud83c\udf80 #skincare #aesthetic #foryou #youtubeshorts #shorts"", ""GLOW UP TIPS FOR TEENAGE GIRLS \u2728\u2764\ufe0f\ud83c\udf37#foryou #viral #shorts #shortsvideo#youtubeshorts #viralshorts""]",Not Found,Not Found,Not Found,Not Found,Not Found,Not Found,Not Found,IN,Not Found,2026-09-15T10:28:45Z,38.67,FAIL,"[""followers outside configured range or unavailable"", ""insufficient fashion/beauty keyword matches""]",skincare routine,2026-10-01T17:36:33.483502+00:00
UCEmkEht7fF4NYbdoPKD2C9A,Skincare routine ,YouTube,https://www.youtube.com/channel/UCEmkEht7fF4NYbdoPKD2C9A,0.0,8.0,0.125,beauty,beauty,"[""pure vegetarian Omega 3 #omega3 #health #shorts #ytshorts  \ud83d\udcaa\u2714\ufe0f""]",Not Found,Not Found,Not Found,Not Found,Not Found,Not Found,Not Found,Not Found,Not Found,2024-04-20T04:21:21Z,47.5,FAIL,"[""followers outside configured range or unavailable"", ""insufficient fashion/beauty keyword matches"", ""last upload is older than configured activity window""]",skincare routine,2026-10-01T17:36:33.483502+00:00
UC3_0l1SC8xlUYSSJwCn_11w,skincare routine ,YouTube,https://www.youtube.com/channel/UC3_0l1SC8xlUYSSJwCn_11w,58.0,521.0,0.0135183534435052,"skincare, hair","skincare, hair","[""important scientists for ssc #ssc #goverment #exams #scientists #competition"", ""rajputi poshak\u2764 #rajasthani #poshak #jwelery #trendingshorts #viralshorts #padmavati  #jaipuri"", ""\ud83d\udc40\ud83d\udc85 #skincare #glowup #glowingskin #girls #skincareroutine"", ""comment link #budgetfriendly #girls #glowingskin #glowingskin #glowup #skincare #skincareroutine"", ""comment for link\u2764#budgetfriendly #glowingskin #girls #skincare #skincareroutine #glowup"", ""skincare routine under budget #skincare #skincareroutine #glowingskin #glowup #budgetfriendly #girls""]",Not Found,Not Found,https://www.instagram.com/glowup_withsonyy?igsh=enU5Z3k3OWdjNTlz,https://linktr.ee/Glowup_withsonyy,Not Found,Not Found,Not Found,Not Found,Not Found,2026-07-02T05:51:00Z,34.46,FAIL,"[""followers outside configured range or unavailable"", ""last upload is older than configured activity window""]",skincare routine,2026-10-01T17:36:33.483502+00:00
UCunNSAVSi9oUfKffIoIPdbw,SKINCARE ROUTINE,YouTube,https://www.youtube.com/channel/UCunNSAVSi9oUfKffIoIPdbw,36.0,986.3,0.0589912732769875,skincare,skincare,"[""19 Mei 2024"", ""skincare routine \u2728 #rekomendasi #skincare #skincareroutine"", ""mampir ke tik tok aku yak"", ""kuku palsu#kukupalsu # #aesthetic"", ""rate dari kalian berapa? #fyp #journal"", ""unboxing buku journal baru"", ""unboxing stiker mini box"", ""unboxing time"", ""open request journal \u2728\ud83d\udc90"", ""journal \u2728\ud83d\udc90""]",Not Found,Not Found,Not Found,Not Found,Not Found,Not Found,Not Found,Not Found,Not Found,2024-05-19T13:53:02Z,47.5,FAIL,"[""followers outside configured range or unavailable"", ""insufficient fashion/beauty keyword matches"", ""last upload is older than configured activity window""]",skincare routine,2026-10-01T17:36:33.483502+00:00
UC2oEREZoPwQzZV4vbeYpAYQ,Skinfinity Routine,YouTube,https://www.youtube.com/channel/UC2oEREZoPwQzZV4vbeYpAYQ,32.0,228.3,0.0694360681645174,"skincare, beauty, style","skincare, beauty, style","[""DIY Rice Water for Glowing Skin  #skincare   #beauty \u2728 #skincareroutine  #sunscreen"", ""Natural Skincare #skincaretipsinhindi  #brightskin    #beauty  #sunscreen    #beautytips"", ""Clear, Radiant & Healthy Skin Tips  #skincaretipsinhindi  #brightskin  #sunscreen  #beauty"", ""Essential Skincare Routine After Gym! \ud83d\udca6\u2728 #skincaretipsinhindi  #beauty    #antiaging"", ""Post-Workout Glow: Essential Skincare Routine After Gym! \ud83d\udca6\u2728   #beauty  #brightskin    #skincare"", ""Skincare Secrets to Revive Your Skin!  #brightskin  #healthyskin  #beauty    #glowingskin"", ""Skincare Before Gym  #skincareroutine  #brightskin   #antiaging  #beauty   #glowingskin"", ""\u201cMy 24-Hour Skin Glow Routine \ud83c\udf05\u201d #beauty  #skincaretipsinhindi  #skincareroutine  #koreanskincare"", ""Stay Hydrated, Stay Beautiful  #skincareroutine  #skincaretipsinhindi   #beauty   #koreanskincare"", ""How Stress Impacts Your Skin  #skincareroutine  #brightskin  #beauty    #skincareroutine  #sunscreen""]",Not Found,Not Found,Not Found,Not Found,Not Found,Not Found,Not Found,Not Found,Not Found,2025-11-30T17:03:01Z,60.0,FAIL,"[""followers outside configured range or unavailable"", ""last upload is older than configured activity window""]",skincare routine,2026-10-01T17:36:33.483502+00:00
UC7nIr74-kKrbGu5Igiy9v0g,Foodie and Skincare Routine,YouTube,https://www.youtube.com/channel/UC7nIr74-kKrbGu5Igiy9v0g,406.0,535.6,0.0505617977528089,"skincare, makeup, beauty, hair","skincare, makeup, beauty, hair","[""Nanganallur Anjaneyar Temple | After Kudamuzhaku visit | Short Vlog"", ""Enga veetu function ||Oru kutty vlog.. \u2764\ufe0f|| A Day In My Life.. \ud83e\udd29"", ""Peel of mask\ud83c\udfad|| Simple & Effective Method to Remove Blackheads and whiteheads|| Easy Remedy"", ""15 years of Enga veettu Golu Arrangements.. || Navarathri special || Vlog.. \ud83e\udd29"", ""\u0bae\u0bc2\u0bb2\u0bbf\u0b95\u0bc8 \u0b9a\u0bc0\u0baf\u0b95\u0bcd\u0b95\u0bbe\u0baf\u0bcd \u0ba4\u0bc2\u0bb3\u0bcd \u0bb5\u0bc0\u0b9f\u0bcd\u0bb2\u0baf\u0bc7 \u0ba4\u0baf\u0bbe\u0bb0\u0bbf\u0b95\u0bcd\u0b95\u0bb2\u0bbe\u0bae\u0bcd... \u2618\ufe0f\ud83c\udf31/Homemade herbal seeyakaai powder...\ud83c\udf41/For long hair"", ""Atho Recipe in tamil ||Street food dish|| Burma food..\ud83c\udf72||tasty \ud83d\udcaf"", ""5 sec challenge with my partner.. \ud83d\ude02 \ud83d\ude02 \ud83d\ude02/ kee \ud83d\ude1d vaishu.... \ud83e\udd70 / fun video."", ""\ud83d\udca524hrs YES \ud83d\udc4dchallenge in tamil / part 2/ Revenge \ud83d\udcaf/"", ""24hrs YES challenge in tamil / part 1\ud83d\udcaf/ Its time for Revenge/ fun unlimited"", ""Whisper challenge in tamil / fun challenge /semma comedy /""]",Not Found,Not Found,Not Found,Not Found,Not Found,Not Found,Not Found,Not Found,Not Found,2022-06-11T14:24:14Z,60.0,FAIL,"[""followers outside configured range or unavailable"", ""last upload is older than configured activity window""]",skincare routine,2026-10-01T17:36:33.483502+00:00
UCejOs0DiIFoYZA5MEAk8edQ,ASMR(skin care routine),YouTube,https://www.youtube.com/channel/UCejOs0DiIFoYZA5MEAk8edQ,0.0,44.0,0.0741740144100825,"skincare, makeup","skincare, makeup","[""#asmrvideo #skincare #care #asmr #asmrmakeup #skincareroutine"", ""#care #asmrvideo #skincare #skincareroutine #asmrvideo"", ""#care #asmrvideo #skincare #skincareroutine #skincareroutine #asmrmakeup #asmr #makeup #makeup"", ""#care #asmrvideo #skincare #skincareroutine #asmr #asmrmakeup"", ""#care #asmrvideo #skincareroutine #skincare #asmr"", ""#care #skincareroutine #asmrvideo  #skincare #asmrmakeup #makeup"", ""#skincare #care #asmrvideo #care #skincareroutine"", ""#skincare #care #skincareroutine #asmrvideo"", ""#skincare #skincareroutine #care"", ""#skincare #asmrvideo""]",Not Found,Not Found,Not Found,Not Found,Not Found,Not Found,Not Found,Not Found,Not Found,2026-09-20T06:05:31Z,77.56,FAIL,"[""followers outside configured range or unavailable""]",skincare routine,2026-10-01T17:36:33.483502+00:00
UC9Z-rOHeWMo2JTCPj5zC_fQ,Revision Skincare,YouTube,https://www.youtube.com/channel/UC9Z-rOHeWMo2JTCPj5zC_fQ,776.0,2940.1,0.0053455419658969,skincare,skincare,"[""Revision Skincare YouthFull Lip Replenisher"", ""Revision Skincare DEJ Eye Cream"", ""Revision Skincare Nectifirm Advanced"", ""Revision Skincare Intellishade"", ""Revision Skincare C+ Correcting Complex 30% THD Ascorbate"", ""Erin Blackwell's Go-To Exfoliation Product | Triple-Action Exfoliator"", ""Erin Blackwell's 2 Step Revision Skincare Routine For Glowing Skin"", ""Kristin Leite's Revision Skincare Product Duo For Radiant Skin"", ""Dawn Monteith's Post-Treatment Revision Skincare Must-Haves"", ""Dr. Julian Sass's Favorite Revision Skincare Product""]",Not Found,Not Found,Not Found,Not Found,Not Found,Not Found,Not Found,US,Not Found,2025-09-11T16:50:37Z,16.24,FAIL,"[""followers outside configured range or unavailable"", ""engagement rate below threshold or unavailable"", ""insufficient fashion/beauty keyword matches"", ""last upload is older than configured activity window"", ""country does not match configured region""]",skincare routine,2026-10-01T17:36:33.483502+00:00
UCe22FTF85KBQhqEv3xqhqKA,Skincare routine with me🫧,YouTube,https://www.youtube.com/channel/UCe22FTF85KBQhqEv3xqhqKA,0.0,22.166666666666668,0.0345622119815668,Not Found,Not Found,"[""13 \u0e2a\u0e34\u0e07\u0e2b\u0e32\u0e04\u0e21 2569"", ""\u0e21\u0e32\u0e08\u0e31\u0e14\u0e0a\u0e31\u0e49\u0e19\u0e27\u0e32\u0e07\u0e2d\u0e32\u0e2b\u0e32\u0e23\u0e01\u0e31\u0e19\u0e04\u0e48\u0e30"", ""16 \u0e21\u0e01\u0e23\u0e32\u0e04\u0e21 2569"", ""TODAY I WILL EAT SUSHIRO\ud83c\udf63\ud83c\udf5c"", ""Mm2 with me"", ""Play 99night in the forest \ud83c\udf32\ud83e\udeb5""]",Not Found,Not Found,Not Found,Not Found,Not Found,Not Found,Not Found,Not Found,Not Found,2026-08-13T08:38:33Z,33.3,FAIL,"[""followers outside configured range or unavailable"", ""insufficient fashion/beauty keyword matches""]",skincare routine,2026-10-01T17:36:33.483502+00:00
UC5vtbZjd-n_KVfiTyTu5X7g,Skin care routine,YouTube,https://www.youtube.com/channel/UC5vtbZjd-n_KVfiTyTu5X7g,,,,Not Found,Not Found,[],Not Found,Not Found,Not Found,Not Found,Not Found,Not Found,Not Found,Not Found,Not Found,,0.0,FAIL,"[""followers outside configured range or unavailable"", ""engagement rate below threshold or unavailable"", ""insufficient fashion/beauty keyword matches"", ""last upload date unavailable""]",skincare routine,2026-10-01T17:36:33.483502+00:00
UCcrs37sXIzvCmDWBjqWpDUQ,29 PLUS,YouTube,https://www.youtube.com/channel/UCcrs37sXIzvCmDWBjqWpDUQ,34.0,464.9,0.0350158700750309,"skincare, beauty","skincare, beauty","[""The Perfect Eye Serum"", ""Complete Routine for a Healthy Skin"", ""Daily Glow Routine"", ""29 PLUS Skyline Sculpt & Float"", ""Instant Radiance : Your skincare ritual, all in one place."", ""Healthy Skin Starts From Within"", ""Why Ritual Sets?"", ""Inside the Formula: 29 Plus"", ""Connecting Dots"", ""The Rich Set: Skincare Routine, simplified""]",Not Found,Not Found,Not Found,Not Found,Not Found,Not Found,Not Found,Not Found,Not Found,2026-07-24T13:34:15Z,54.18,FAIL,"[""followers outside configured range or unavailable""]",skincare routine,2026-10-01T17:36:33.483502+00:00
UCe57Ep5CimOupjcIHGfgLeg,Katelyns skin care routine ,YouTube,https://www.youtube.com/channel/UCe57Ep5CimOupjcIHGfgLeg,10.0,70.4,,Not Found,Not Found,"[""November 1, 2023"", ""morning routine part 1"", ""morning routine part 2"", ""getting ready part 2"", ""getting ready part 1"", ""getting ready kind of fast"", ""making my bed"", ""get ready with me"", ""it's all over me"", ""October 24, 2023""]",Not Found,Not Found,Not Found,Not Found,Not Found,Not Found,Not Found,Not Found,Not Found,2023-11-02T05:31:57Z,0.0,FAIL,"[""followers outside configured range or unavailable"", ""engagement rate below threshold or unavailable"", ""insufficient fashion/beauty keyword matches"", ""last upload is older than configured activity window""]",skincare routine,2026-10-01T17:36:33.483502+00:00
UCtIa1W2bhzlpPAW00GfsIKQ,Skincare routine ,YouTube,https://www.youtube.com/channel/UCtIa1W2bhzlpPAW00GfsIKQ,227.0,7.8,0.0964285714285714,Not Found,Not Found,"[""5 October 2024"", ""Old school play"", ""Old school play"", ""28 September 2024"", ""28 September 2024"", ""24 September 2024"", ""18 September 2024"", ""17 September 2024"", ""I animate now"", ""15 September 2024""]",Not Found,Not Found,Not Found,Not Found,Not Found,Not Found,Not Found,Not Found,Not Found,2024-10-05T11:58:11Z,35.0,FAIL,"[""followers outside configured range or unavailable"", ""insufficient fashion/beauty keyword matches"", ""last upload is older than configured activity window""]",skincare routine,2026-10-01T17:36:33.944149+00:00
UCTkqSeATU4wh-CZcjrEdv_w,SKincare routine,YouTube,https://www.youtube.com/channel/UCTkqSeATU4wh-CZcjrEdv_w,65.0,597.6,0.0208866266637672,Not Found,Not Found,"[""September 27, 2026"", ""February 17, 2026"", ""#cocacolafalls"", ""January 24, 2024"", ""January 1, 2024"", ""February 24, 2023"", ""#standupcomedy"", ""February 23, 2023"", ""#iceland"", ""#iceland""]",Not Found,Not Found,Not Found,Not Found,Not Found,Not Found,Not Found,Not Found,Not Found,2026-09-27T22:09:26Z,33.95,FAIL,"[""followers outside configured range or unavailable"", ""insufficient fashion/beauty keyword matches""]",skincare routine,2026-10-01T17:36:33.944149+00:00
UCK_FEA7uY9Wc86A1YOBRkCQ,Skincare routine ,YouTube,https://www.youtube.com/channel/UCK_FEA7uY9Wc86A1YOBRkCQ,9.0,31.4,0.0672779745075066,haul,haul,"[""Florida trip \ud83e\ude77\ud83c\udf38\ud83d\udca9 and sorry for all the late words that\u2019s on there, but that\u2019s how it turned out \ufffc\ufffc\ufffc"", ""What day do you guys go to school? Mine is August 14"", ""Shopping haul"", ""\ud83d\udca4\ud83d\udca4\ud83d\udca4"", ""July 28, 2025"", ""In a go cart"", ""July 27, 2025"", ""Init"", ""Say"", ""Don\u2019t mind my over bit""]",Not Found,Not Found,Not Found,Not Found,Not Found,Not Found,Not Found,Not Found,Not Found,2025-08-05T17:55:02Z,47.5,FAIL,"[""followers outside configured range or unavailable"", ""insufficient fashion/beauty keyword matches"", ""last upload is older than configured activity window""]",skincare routine,2026-10-01T17:36:33.944149+00:00
UCpsgXVMULUk61vtoh0i9ONA,Skin care Routine,YouTube,https://www.youtube.com/channel/UCpsgXVMULUk61vtoh0i9ONA,0.0,172.66666666666666,0.1829006074289093,skincare,skincare,"[""\u0938\u0941\u0902\u0926\u0930 \u0924\u094d\u0935\u091a\u093e \u0915\u0947 \u0932\u093f\u090f \u092d\u094b\u091c\u0928 #shorts"", ""top 5 skincare"", ""glowing skin challenge in a week #glowingskin #challenge #weekly #shorts #viral #shortvideo""]",Not Found,Not Found,Not Found,Not Found,Not Found,Not Found,Not Found,Not Found,Not Found,2022-10-01T18:15:07Z,47.5,FAIL,"[""followers outside configured range or unavailable"", ""insufficient fashion/beauty keyword matches"", ""last upload is older than configured activity window""]",skincare routine,2026-10-01T17:36:33.944149+00:00
UCI4r3a5GYOqCfsa7kcyppiw,Skincare Routine Skincare Routine,YouTube,https://www.youtube.com/channel/UCI4r3a5GYOqCfsa7kcyppiw,0.0,6.0,0.0,skincare,skincare,"[""My Tiktok Videos...Hope You Guyz like it\ud83d\ude01\ud83d\ude01\ud83d\ude4c\ud83d\ude4c"", ""First Video Started with My Pre Birthday Celebration Soon Uploading skincare routine..\u263a\ufe0f\u263a\ufe0f""]",Not Found,Not Found,Not Found,Not Found,Not Found,Not Found,Not Found,Not Found,Not Found,2019-07-24T09:14:14Z,12.5,FAIL,"[""followers outside configured range or unavailable"", ""engagement rate below threshold or unavailable"", ""insufficient fashion/beauty keyword matches"", ""last upload is older than configured activity window""]",skincare routine,2026-10-01T17:36:33.944149+00:00
UC7glw69ELlrpbdk1Yb3iK2A,skin care routine,YouTube,https://www.youtube.com/channel/UC7glw69ELlrpbdk1Yb3iK2A,5.0,767.3333333333334,0.0224009900990099,Not Found,Not Found,"[""\u0645\u0647\u0645\u0627\u062a \u0632\u064a\u062a \u062c\u0648\u0646\u0633\u0648\u0646/\u0632\u064a\u062a \u0627\u0644\u0623\u0637\u0641\u0627\u0644"", ""September 8, 2026"", ""September 8, 2026""]",Not Found,Not Found,Not Found,Not Found,Not Found,Not Found,Not Found,Not Found,Not Found,2026-09-08T20:35:59Z,30.79,FAIL,"[""followers outside configured range or unavailable"", ""insufficient fashion/beauty keyword matches""]",skincare routine,2026-10-01T17:36:33.944149+00:00
UChJ1YJ3xx0WTfC0aH0mrsjQ,Skincare routine 🎧_Mini_Vlog,YouTube,https://www.youtube.com/channel/UChJ1YJ3xx0WTfC0aH0mrsjQ,0.0,8.0,,skincare,skincare,"[""8 September 2023"", ""skincare routine \ud83c\udfa7 #fyp\u30b7 #skincareroutine"", ""Skincare routine \ud83c\udfa7#fyp\u30b7 #skincareroutine""]",Not Found,Not Found,Not Found,Not Found,Not Found,Not Found,Not Found,Not Found,Not Found,2023-09-07T19:30:30Z,12.5,FAIL,"[""followers outside configured range or unavailable"", ""engagement rate below threshold or unavailable"", ""insufficient fashion/beauty keyword matches"", ""last upload is older than configured activity window""]",skincare routine,2026-10-01T17:36:33.944149+00:00
UC1dq3su916pkuYDRLUWRuVQ,skin care routine,YouTube,https://www.youtube.com/channel/UC1dq3su916pkuYDRLUWRuVQ,12.0,342.0,0.0788375101871995,Not Found,Not Found,"[""Mask to improve skin elasticity (para la elasticidad de la piel)"", ""moisturizing hand mask"", ""mascarilla para pieles grasas de baking soda (bicarbonato de sodio)"", ""tips para que el protector solar no quede muy blanco y aceite que sirve como protector solar"", ""Aceites para la piel.Baobab,Moringa,CaNamo."", ""organic botox/ botox org@nico""]",Not Found,Not Found,Not Found,Not Found,Not Found,Not Found,Not Found,Not Found,Not Found,2021-12-30T20:49:53Z,35.0,FAIL,"[""followers outside configured range or unavailable"", ""insufficient fashion/beauty keyword matches"", ""last upload is older than configured activity window""]",skincare routine,2026-10-01T17:36:33.944149+00:00
UCy9B_opHwkKZjGuaOxu86_g,Skin care routine ,YouTube,https://www.youtube.com/channel/UCy9B_opHwkKZjGuaOxu86_g,13.0,40.9,0.1589093516725095,"skincare, makeup, beauty, fashion, outfit, hair","skincare, makeup, beauty, fashion, outfit, hair","[""korean glass skin \u2728.#skinwhitening #aesthetic #fypviral\u30b7 #kpop #blackpink"", ""color combination \ud83d\ude0d#trendingshorts #bts #fypviral\u30b7 #aesthetic #kpop"", ""Glowing skin challenge in ine week \ud83c\udf80#skincare #bts #aesthetic #trendingshorts #blackpink"", ""Homemade Face whitening masuk\ud83c\udf80#skincare #beautytips #fypviral\u30b7 #blackpink #bts"", ""How to get pink Lips \ud83d\ude18#aesthetic #lipsticklover#skincare#fypviral\u30b7#blackpink#bts"", ""7 Days Tan Removal Challenge \ud83d\ude0d#skincare #korean #aesthetic #fypviral\u30b7#blackpink #korean#bts"", ""Best colour combination for girls \ud83d\ude18#fashion #aesthetic #fypviral\u30b7"", ""Make natural lips tint and blush \u2665\ufe0f#skincare #beauty #lipsticktutorial #fypviral\u30b7"", ""Glow up tips for girls \u2728#skincare #glowup #aesthetic #fypviral\u30b7"", ""Overnight beauty with honey \u2728#skincare #aesthetic #fypviral\u30b7""]",Not Found,Not Found,Not Found,Not Found,Not Found,Not Found,Not Found,IN,Not Found,2025-05-30T19:43:07Z,60.0,FAIL,"[""followers outside configured range or unavailable"", ""last upload is older than configured activity window""]",skincare routine,2026-10-01T17:36:33.944149+00:00
UCePK29MBVUSQE-g1YDPz68w,Skin care routine•20K views•2 hours ago,YouTube,https://www.youtube.com/channel/UCePK29MBVUSQE-g1YDPz68w,163.0,74.3,0.1651660163582333,"skincare, beauty, hair, style","skincare, beauty, hair, style","[""Use This Homemade Face Pack Before Any Special Event \u2728 | Natural Glow & Brighter Looking Skin"", ""Dark Circles Remove Naturally | Coffee + Yogurt + Turmeric Remedy | Get Bright Under Eyes at Home"", ""Milk & Aloe Vera Cleanser | Natural Skin Cleansing"", ""Banana Face pack for Glowing Skin|winter Special Face pack|"", ""Diy Winter Wightening Cream at Home|Get Look younger And gorgeous|"", ""Raw Milk Special Face Pack|Extra Glowing Skin in Just 3 Days|"", ""curd skin whitening tips| Dahi se Rang Gora Karne ka Tarika|"", ""Miracle coffee Face Pack|superb duperb Results \ud83d\udcaf|Coffee se rang gora Karne ka tarika|"", ""Remove under EYE Dark Circles Remove permanently|\ud83d\udcaf % effective Remedy|"", ""Diy Moong Daal Face Pack|Get change complexion in finally 2 Days|""]",Not Found,Not Found,Not Found,Not Found,Not Found,Not Found,Not Found,PK,Not Found,2026-07-16T17:29:53Z,62.89,FAIL,"[""followers outside configured range or unavailable"", ""country does not match configured region""]",skincare routine,2026-10-01T17:36:33.944149+00:00
UCVrtx4IO1mcIUQfvN03CqhQ,Makeup Asmr Skincare routine (Cafe),YouTube,https://www.youtube.com/channel/UCVrtx4IO1mcIUQfvN03CqhQ,26.0,549.1,0.0838484618277145,makeup,makeup,"[""Asmr"", ""Nadina iona"", ""22 May 2021"", ""Makeup removing asmr"", ""Nadina iona asmr"", ""Nadina iona asmr"", ""9 May 2021"", ""\ud83d\ude07 wow"", ""Nadina iona asmr"", ""Nadina iona asmr makeup removing""]",Not Found,Not Found,Not Found,Not Found,Not Found,Not Found,Not Found,IN,Not Found,2021-05-25T06:08:17Z,47.5,FAIL,"[""followers outside configured range or unavailable"", ""insufficient fashion/beauty keyword matches"", ""last upload is older than configured activity window""]",skincare routine,2026-10-01T17:36:33.944149+00:00
UCU0ONimhX126lCRa3Bgl0Bw,꧁Wafa’s Skincare Routine꧂,YouTube,https://www.youtube.com/channel/UCU0ONimhX126lCRa3Bgl0Bw,100.0,706.0,0.074877238285346,skincare,skincare,"[""Test to speech(my mom is giving birth!) part1"", ""The Rock eyebrow meme\ud83d\ude33"", ""TYSM FOR MAKING US REACH 110 LIKES AND 62 SUBSCRIBERS \u2764\ufe0f\ud83d\ude2d"", ""ROBLOX MEMES\ud83d\udc80"", ""That one time when your mok asks for your phone and see ur roblox avatar be like:"", ""Tell me what is this-#shortvideo#funnyvideo#weirdtoy#youtube#viral#WeeviTVshorts#tiktok#toys#games"", ""Me during zoom class! (short) WeevITV"", ""Got a new labtop!! warch till the end plz"", ""who wants to comment any number between 1 and 28 to see if u gonna win ;)"", ""idk the name of this trend :) #WeeviTV#roblox#shorts#youtube#fidgets#toys#fungame#fidgettoys""]",Not Found,Not Found,Not Found,Not Found,Not Found,Not Found,Not Found,Not Found,Not Found,2022-04-03T16:21:08Z,47.5,FAIL,"[""followers outside configured range or unavailable"", ""insufficient fashion/beauty keyword matches"", ""last upload is older than configured activity window""]",skincare routine,2026-10-01T17:36:33.944149+00:00
UCs69rHthrFbw-QTAGZuZMgA,DIY Neutral skin care Routine easy home remedies ,YouTube,https://www.youtube.com/channel/UCs69rHthrFbw-QTAGZuZMgA,4.0,102.66666666666669,0.0039036444121035,"skincare, beauty, hair","skincare, beauty, hair","[""Homemade Bleach instant Glow #homemadebleach #instantglowing #skincare #coffeemask #DIYbleach #"", ""Homemade Keratin Treatment For Hair || Strong smooth shiny Hair \u2728\ud83d\udcaf"", ""Betroot Face mask instant Glow & soft skin #beetrootfacemask #glowskin #pinkskin #safeskincare"", ""\ud83d\udc96Beetroot + Coffee Glow mask \ud83d\ude0d| 6 ingredients DIY Tan removal &  Brigth skin Remedie"", ""Beetroot Face Mask | Soft , Glowing & pink Skin Netrually| Beetroot Magic Mask "", ""Mulethi Face mask \u2728\ud83c\udf3f Neutral Glow\ud83d\ude0d\ud83c\udf1f\ud83d\udcaf""]",Not Found,Not Found,Not Found,Not Found,Not Found,Not Found,Not Found,Not Found,Not Found,2026-05-29T07:02:47Z,27.73,FAIL,"[""followers outside configured range or unavailable"", ""engagement rate below threshold or unavailable"", ""last upload is older than configured activity window""]",skincare routine,2026-10-01T17:36:33.944149+00:00
UCSBSzYawqdFngoCTNo3K1Ug,Skincare routine ,YouTube,https://www.youtube.com/channel/UCSBSzYawqdFngoCTNo3K1Ug,12.0,291.5,0.4863543490951547,skincare,skincare,"[""Ayn mil k mani Pedi kryn ghr pr \ud83e\udd17 #goviral #followme #skincare"", ""Best moisturizing and bleaching balls recipe \ud83e\udee3 #goviral #skincare #followme #firstshortvideo""]",Not Found,Not Found,Not Found,Not Found,Not Found,Not Found,Not Found,Not Found,Not Found,2025-10-24T15:04:49Z,47.5,FAIL,"[""followers outside configured range or unavailable"", ""insufficient fashion/beauty keyword matches"", ""last upload is older than configured activity window""]",skincare routine,2026-10-01T17:36:33.944149+00:00
UCeSvcolXEYiKhrCr5-lpSxQ,Aesthetic Chinese Beauty Routine,YouTube,https://www.youtube.com/channel/UCeSvcolXEYiKhrCr5-lpSxQ,57.0,1251.111111111111,0.0276815716644975,"skincare, beauty, hair","skincare, beauty, hair","[""Skincare Routine \ud83d\udc95 #asianskincareroutine #beautycare #skincare #chinese #beautytips"", ""ASMR body care \ud83d\udc95 #morningroutine #asianskincareroutine #beautycare #chinese #skincare"", ""ASMR body care \ud83d\udc95\ud83d\udc95 #asianskincareroutine #beautycare #morningroutine #skincare #beautytips #chinese"", ""Haircare\ud83d\udcab #beautycare #asianskincareroutine #chinese #haircare #beautytips #beauty"", ""Morning Routine #beautycare #chinese #beautytips #morningroutine #asianskincareroutine"", ""Morning Routine \ud83d\udcab #beautycare #chinese #asianskincareroutine #beautytips  #beauty #morningroutine"", ""Body Care \ud83d\udcab #beautycare #skincare #chinese  #morningroutine #beautytips #beauty #bodycare"", ""06:00 morning routine #skincare #beautycare #chinese #beautytips #morningroutine"", ""That Girl Morning Routine #skincare #chinese  #beautycare #beauty #beautytips #morningroutine""]",Not Found,Not Found,Not Found,Not Found,Not Found,Not Found,Not Found,Not Found,Not Found,2026-06-18T05:25:39Z,44.38,FAIL,"[""followers outside configured range or unavailable"", ""last upload is older than configured activity window""]",skincare routine,2026-10-01T17:36:33.944149+00:00
UCxfQrpcCJ5NbrRryyobbVtA,Nailart & skincare routine point ,YouTube,https://www.youtube.com/channel/UCxfQrpcCJ5NbrRryyobbVtA,24.0,812.9,0.018083874157268,Not Found,Not Found,"[""simple pretty nail art at home.e without any equipments\ud83e\udd0d\ud83d\udc9c#nails #simplenails #nailart #nailpolish"", ""simple pretty nail art at home #nails #naildesign #nailart #nailtutorial #nailpolish"", ""simple is beautiful #prettynail #nails #simple #elegant#nailart#nail design"", ""prettiest nails design \ud83d\ude0d\ud83d\ude0d#nailart #nailloveeeee #nailicious #prettynail #naildesign #easynailart"", ""perfect of white and green \ud83d\udc9a\ud83e\udd0d#nailart #nailicious #nails #nailloveeeee #prettynail #nailart"", ""strawberry\ud83c\udf53\ud83c\udf53 design pretty nails #nailart #nails #nailicious #prettynailart #prettynail #naildesign"", ""simple and bright pretty nails designs #nailart #nails\ud83d\udc9b\ud83d\udda4\ud83e\udd0d #nailicious #nails #nailpolish"", ""perfect match of black nd yellow \ud83d\udc9b\ud83d\udc9b nail art#nailart #nailicious #diy #shortfeed #naildesign #nails"", ""simple is the best... perfect shade\ud83d\udc99\ud83d\udc99#naildesign #nails #nailpolish #art #shortfeed"", ""cherry \ud83c\udf52 nail art design easily with home equipments #naildesign #nails #nailpolish #art""]",Not Found,Not Found,Not Found,Not Found,Not Found,Not Found,Not Found,Not Found,Not Found,2025-05-29T14:30:34Z,12.66,FAIL,"[""followers outside configured range or unavailable"", ""insufficient fashion/beauty keyword matches"", ""last upload is older than configured activity window""]",skincare routine,2026-10-01T17:36:33.944149+00:00
UC5xmJ26qFoE4X4kdLNiZ0cQ,Revamp your Skincare Routine,YouTube,https://www.youtube.com/channel/UC5xmJ26qFoE4X4kdLNiZ0cQ,47.0,440.0,0.0428536779502344,"makeup, beauty, grwm","makeup, beauty, grwm","[""Fruit Makeup Tutorial \ud83d\udc96"", ""favsNude lipsticksFor Iioht Slzin"", ""GRWM for a Lunch Date with Bae! #shorts #makeup #makeupartist"", ""Makeup Inspired By Camila\u2019s Met Gala Look\ud83d\udc9c"", ""\u0926\u0941\u0928\u093f\u092f\u093e \u0938\u0947 \u0915\u094b\u0908 \u0939\u092e\u0926\u0930\u0926\u0940 \u0928\u0939\u0940 \u091c\u0928\u093e\u092c, \u0939\u092e \u0905\u092a\u0928\u0940 \u0927\u0942\u0928 \u092e\u0947 \u091c\u0940\u0928\u0947 \u0935\u093e\u0932\u0947 \u092a\u0930\u093f\u0902\u0926\u0947....!"", ""\u091c\u0917\u093e\u0924 \u0938\u0930\u094d\u0935\u093e\u0924 \u092e\u094c\u0932\u094d\u092f\u0935\u093e\u0928 \u0930\u0924\u094d\u0928 \u092e\u094d\u0939\u0923\u091c\u0947 \u092e\u0947\u0939\u0928\u0924 \ud83d\ude0d\ud83d\udcaf\u270c\ufe0f"", ""success \u092d\u0947\u091f\u0947\u0932 \u0915\u0940 \u0928\u093e\u0939\u0940 \u0924\u0947 \u092e\u093e\u0939\u0940\u0924 \u0928\u093e\u0939\u0940 \u092a\u0923 \u092a\u094d\u0930\u092f\u0924\u094d\u0928 101% \u0915\u0930\u0923\u093e\u0930 SHORT"", ""\u0939\u092e \u091a\u0947\u0939\u0930\u0947 \u0938\u0947 \u0938\u0941\u0902\u0926\u0930 \u0928\u0939\u0940 \ud83e\udd7a\ud83d\ude24 \u092a\u0930 \u0926\u093f\u0932 \u0915\u0947 \u0938\u093e\u092b \u0939\u0948 \u2764\ufe0f\ud83d\ude07 \u0907\u0938\u0932\u093f\u092f\u0947 \u0924\u094b \u0939\u092e \u092c\u0939\u0941\u0924 \u0915\u092e \u0932\u094b\u0917\u094b \u0915\u0947 \u0916\u093e\u0938 \u0939\u0948 \ud83d\ude07\ud83d\udcaf\ud83d\ude0d"", ""\u091c\u0917\u093e\u0924 \u0926\u094b\u0928 \u0932\u094b\u0915 \u0915\u0927\u0940\u091a \u0938\u0941\u0927\u0930\u0942 \u0936\u0915\u0924 \u0928\u093e\u0939\u0940\ud83e\uddd1\u200d\ud83e\udd1d\u200d\ud83e\uddd1\ud83d\ude1c\ud83d\ude1c\ud83d\ude0d\ud83d\ude0d \u090f\u0915 \u0924\u0942 \u0906\u0923\u093f \u0926\u0941\u0938\u0930\u093e \u092e\u0940 \ud83d\ude02\ud83d\ude02\ud83d\ude02\ud83d\ude02 WhatsApp status # short#shortvideo"", ""\u0932\u094b\u0915\u093e\u0902\u091a\u093e \u0935\u093f\u091a\u093e\u0930 \u0928\u093e\u0939\u0940 \u0915\u0930\u0924 \u092c\u0938\u0924\u093e \u0906\u092e\u094d\u0939\u0940\ud83d\ude08\ud83d\ude08 \u0906\u092e\u091a\u094d\u092f\u093e \u0918\u0930\u091a\u0947 \u092e\u094d\u0939\u0923\u0924\u093e\u0924 \u0928\u093e \u0906\u092e\u094d\u0939\u0940 \u091a\u093e\u0902\u0917\u0932\u0947 \ud83e\udd70\ud83d\ude0d\ud83d\ude1c\u0906\u0939\u0947 \u092c\u0938 \u0935\u093f\u0937\u092f \u0938\u0902\u092a\u0932\u093e \ud83d\ude05\u270c\ufe0f""]",Not Found,Not Found,Not Found,Not Found,Not Found,Not Found,Not Found,Not Found,Not Found,2021-10-20T02:37:47Z,55.0,FAIL,"[""followers outside configured range or unavailable"", ""last upload is older than configured activity window""]",skincare routine,2026-10-01T17:36:33.944149+00:00
UCf7DVxEqBZ9-t52BDXeErEw,Rittika beauty skin care routine daily vlogs ,YouTube,https://www.youtube.com/channel/UCf7DVxEqBZ9-t52BDXeErEw,8.0,1.0,0.0,Not Found,Not Found,"[""Normal night skin care routine""]",Not Found,Not Found,Not Found,Not Found,Not Found,Not Found,Not Found,Not Found,Not Found,2025-02-19T15:30:25Z,0.0,FAIL,"[""followers outside configured range or unavailable"", ""engagement rate below threshold or unavailable"", ""insufficient fashion/beauty keyword matches"", ""last upload is older than configured activity window""]",skincare routine,2026-10-01T17:36:33.944149+00:00
UCgR471kvw3iYpWcwZe5bKow,vlada skincare routine,YouTube,https://www.youtube.com/channel/UCgR471kvw3iYpWcwZe5bKow,227.0,907.2,0.0066063267278032,Not Found,Not Found,"[""\u0413\u0435\u043b\u044c \u0434\u043b\u044f \u0443\u0437\u0438 \u0441 \u043e\u0437\u043e\u043d\u0430 \u0430\u0440\u0442 #197020328 \u0441 \u043f\u0440\u043e\u043c\u043e\u043a\u043e\u0434\u043e\u043c AE67AB650F9E \u0431\u0443\u0434\u0435\u0442 -15%"", ""\u041e\u043d \u0443\u0431\u0438\u0440\u0430\u0435\u0442 \u043c\u043e\u0438 \u043c\u0430\u043b\u044f\u0440\u043d\u044b\u0435 \u043c\u0435\u0448\u043a\u0438!\ud83d\udc94 \u0430\u0440\u0442 \u043d\u0430 \u0441\u0442\u0438\u043a \u043e\u0437\u043e\u043d #3564090838 \u0441 \u043f\u0440\u043e\u043c\u043e\u043a\u043e\u0434\u043e\u043c #AE67AB650F9E \u0431\u0443\u0434\u0435\u0442 -15%"", ""\u0413\u0435\u043b\u044c \u0434\u043b\u044f \u0443\u0437\u0438 \u0441 \u043e\u0437\u043e\u043d\u0430 \u0430\u0440\u0442 #197020328\u0441 \u043f\u0440\u043e\u043c\u043e\u043a\u043e\u0434\u043e\u043c AE67AB650F9E \u0431\u0443\u0434\u0435\u0442 -15%"", ""\u0435\u0449\u0435 \u0438 \u043f\u0440\u043e\u0431\u043d\u0438\u043a\u0438 \u043f\u0440\u0435\u0434\u043b\u043e\u0436\u0438\u043b \u0437\u0430 200\u20bd\u2026 \u043f\u043e\u0434\u0440\u043e\u0431\u043d\u0430\u044f \u0438\u043d\u0441\u0442\u0440\u0443\u043a\u0446\u0438\u044f \u0432 \u0437\u0430\u043a\u0440\u0435\u043f\u0435\u2757\ufe0f"", ""\u0434\u0430\u0436\u0435 \u044f \u043d\u0435 \u043e\u0436\u0438\u0434\u0430\u043b\u0430 \u0442\u0430\u043a\u043e\u0433\u043e \u0431\u044b\u0441\u0442\u0440\u043e\u0433\u043e \u0440\u0435\u0437\u0443\u043b\u044c\u0442\u0430\u0442\u0430\u2026"", ""InterCHARM \u043f\u0440\u043e\u0439\u0434\u0435\u0442 \u0432 \u041c\u043e\u0441\u043a\u0432\u0435 14\u201317 \u043e\u043a\u0442\u044f\u0431\u0440\u044f"", ""\u0432\u044b\u0441\u0442\u0430\u0432\u043a\u0430 \u043f\u0440\u043e\u0439\u0434\u0435\u0442 14-15 \u043e\u043a\u0442\u044f\u0431\u0440\u044f \u0432 \u041c\u043e\u0441\u043a\u0432\u0435!"", ""InterCHARM \u043f\u0440\u043e\u0439\u0434\u0435\u0442 \u0432 \u041c\u043e\u0441\u043a\u0432\u0435 14\u201317 \u043e\u043a\u0442\u044f\u0431\u0440\u044f\ud83d\ude0d"", ""\u043a\u0441\u0442\u0430\u0442\u0438, \u044d\u0442\u0438 \u043f\u0440\u043e\u0434\u0443\u043a\u0442\u044b \u043c\u043e\u0436\u043d\u043e \u0443\u0440\u0432\u0430\u0442\u044c \u0441 -15% \u043f\u043e \u043f\u0440\u043e\u043c\u043e  AE67AB650F9E"", ""InterCHARM \u043f\u0440\u043e\u0439\u0434\u0435\u0442 \u0432 \u041c\u043e\u0441\u043a\u0432\u0435 14\u201317 \u043e\u043a\u0442\u044f\u0431\u0440\u044f\ud83d\ude0d""]",Not Found,Not Found,Not Found,https://intercharm.ru/visit-reg,Not Found,Not Found,Not Found,Not Found,Not Found,2026-09-28T16:30:44Z,23.96,FAIL,"[""followers outside configured range or unavailable"", ""engagement rate below threshold or unavailable"", ""insufficient fashion/beauty keyword matches""]",skincare routine,2026-10-01T17:36:33.944149+00:00
UCyZGEzdU9uP7-to-IipFwGg,skincare routines,YouTube,https://www.youtube.com/channel/UCyZGEzdU9uP7-to-IipFwGg,0.0,0.0,,"skincare, makeup","skincare, makeup","[""liptint goute #liptint #liptintviral #fyp""]",Not Found,Not Found,Not Found,Not Found,Not Found,Not Found,Not Found,ID,Not Found,2026-09-30T13:00:19Z,44.78,FAIL,"[""followers outside configured range or unavailable"", ""engagement rate below threshold or unavailable"", ""country does not match configured region""]",skincare routine,2026-10-01T17:36:33.944149+00:00
UCgOIa0HncqZWfW_i4qhMh3A,Reet’s Skincare Routine ,YouTube,https://www.youtube.com/channel/UCgOIa0HncqZWfW_i4qhMh3A,8.0,498.6,0.01672658491033,"skincare, makeup, beauty, fashion, hair, style","skincare, makeup, beauty, fashion, hair, style","[""Yes I can #viralshorts #growth #shorts #fyp"", ""Green tea clay mask review as it\u2019s good for oily skin\u2026# #koreanskincare #viral #shorts #beauty"", ""Daily skincare #viralshorts #skincare #beautytips ty"", ""Hair and skincare #viral #shorts #skincare #hairstyle #makeup"", ""Collagen peel off mask #viral #skincare #beauty #fyp"", ""Korean face mask#skincare #shorts #fyp #beauty #viral"", ""Makeup #beauty #skincare #shorts #fyp"", ""Cucumber face mask #viral #skincare #viralvideo #shorts"", ""Viral egg mask#skincare #viral #explore #subscribe #shorts"", ""Waxing#viral #explore #viral video#skincareroutine via l""]",Not Found,Not Found,Not Found,Not Found,Not Found,Not Found,Not Found,Not Found,Not Found,2026-09-27T16:43:12Z,55.82,FAIL,"[""followers outside configured range or unavailable""]",skincare routine,2026-10-01T17:36:33.944149+00:00
UC8_XMcsmhUb5rGEjBlCmXvg,skin care routine ,YouTube,https://www.youtube.com/channel/UC8_XMcsmhUb5rGEjBlCmXvg,0.0,0.0,,Not Found,Not Found,"[""Do you  want  perfect  skin \u2728\ufe0f # skin care  #shorts #shortsfeed #  trending song #trendingshorts""]",Not Found,Not Found,Not Found,Not Found,Not Found,Not Found,Not Found,Not Found,Not Found,2026-03-16T14:17:05Z,0.0,FAIL,"[""followers outside configured range or unavailable"", ""engagement rate below threshold or unavailable"", ""insufficient fashion/beauty keyword matches"", ""last upload is older than configured activity window""]",skincare routine,2026-10-01T17:36:33.944149+00:00
UCGek9wIoyeoltBpMNdGC68A,Skin care routine ,YouTube,https://www.youtube.com/channel/UCGek9wIoyeoltBpMNdGC68A,0.0,29.0,,skincare,skincare,"[""let's make a rice face mask  #like #skincareroutine #comment #subscribe #shorts  new video  coming""]",Not Found,Not Found,Not Found,Not Found,Not Found,Not Found,Not Found,Not Found,Not Found,2024-02-09T12:08:10Z,12.5,FAIL,"[""followers outside configured range or unavailable"", ""engagement rate below threshold or unavailable"", ""insufficient fashion/beauty keyword matches"", ""last upload is older than configured activity window""]",skincare routine,2026-10-01T17:36:33.944149+00:00
UCfrVh2Ik3aifQ3-_0T6sGLw,Josepa Skincare for oily skin treatment,YouTube,https://www.youtube.com/channel/UCfrVh2Ik3aifQ3-_0T6sGLw,10.0,122.4,0.0662795190954445,"skincare, style, cosmetics","skincare, style, cosmetics","[""Young and Free skin saver kit for oily skin by Josepa Sincare -  Hila review"", ""Skin Saver Kit  by Josepa Skincare - user review by Shaked"", ""your habits are related to the quality of your skin"", ""Are you committed to your skin health and to your success and happiness"", ""Oily skin treatment with Skin Saver Kit provides skin cleansing, skin hydration, skin moisturizing"", ""Important! Natural oily skin care effective routine should include drinking water for hydrated skin"", ""Benefits of Red Algae for oily skincare routine for your face -healthy-looking skin facial treatment"", ""Benefits of oily skin care routine of Young&Free oily Skin Saver Kit by Josepa skincare"", ""Red algae for oily skin routine and oily skin facial skincare in our clean pools."", ""The best oily skin care routine is infused with red algae by Josepa Skincare, growing in clean ponds""]",Not Found,Not Found,Not Found,https://josepaskincare.com,Not Found,Not Found,Not Found,US,Not Found,2019-10-10T11:18:19Z,60.0,FAIL,"[""followers outside configured range or unavailable"", ""last upload is older than configured activity window"", ""country does not match configured region""]",skincare routine,2026-10-01T17:36:33.944149+00:00
UC_r9H8uzd3RqUph7NU57dMQ,skin care and daily routine  286,YouTube,https://www.youtube.com/channel/UC_r9H8uzd3RqUph7NU57dMQ,3.0,6.0,0.6666666666666666,skincare,skincare,"[""my all day 7 stap skin care routine #skuncareanddailyrutine#skincare""]",Not Found,Not Found,Not Found,Not Found,Not Found,Not Found,Not Found,Not Found,Not Found,2025-06-22T14:57:02Z,47.5,FAIL,"[""followers outside configured range or unavailable"", ""insufficient fashion/beauty keyword matches"", ""last upload is older than configured activity window""]",skincare routine,2026-10-01T17:36:33.944149+00:00
UCvECC3KMkUIxEE6Fbfc6gvg,skin care routine for samra,YouTube,https://www.youtube.com/channel/UCvECC3KMkUIxEE6Fbfc6gvg,0.0,124.0,0.0080645161290322,Not Found,Not Found,"[""flaxseed marks""]",Not Found,Not Found,Not Found,Not Found,Not Found,Not Found,Not Found,Not Found,Not Found,2025-07-08T06:56:45Z,5.65,FAIL,"[""followers outside configured range or unavailable"", ""engagement rate below threshold or unavailable"", ""insufficient fashion/beauty keyword matches"", ""last upload is older than configured activity window""]",skincare routine,2026-10-01T17:36:33.944149+00:00
UCotrSZWVfrWcikodj8aR9sA,Skincare Routine,YouTube,https://www.youtube.com/channel/UCotrSZWVfrWcikodj8aR9sA,3190.0,537.9,0.0225482363751613,skincare,skincare,"[""Ph\u00f2ng kh\u00e1m b\u1ea5t \u1ed5n c\u1ee7a tung tung sa hur #shorts #brainrot"", ""Ngu\u1ed3n g\u1ed1c c\u1ee7a c\u00e1 s\u00e2u mang gi\u00e0y Tralalero tralala #shorts #brainrot"", ""Ngu\u1ed3n g\u1ed1c c\u1ee7a ng\u01b0\u1eddi c\u00e2y brr brr patapim #shorts #brainrot"", ""Ai l\u00e0 ng\u01b0\u1eddi cu\u1ed1i c\u00f9ng th\u1ef1c hi\u1ec7n tr\u00f2 ch\u01a1i #shorts #funny #ronaldo #messi"", ""M\u00f3n qu\u00e0 b\u1ea5t ng\u1edd c\u1ee7a m\u00e8o con #shorts #funny #animals #cats"", ""S\u1ef1 Th\u1eadt \u00cdt Ng\u01b0\u1eddi Bi\u1ebft V\u1ec1 Qu\u00e1i V\u1eadt Lingan Melon #shorts"", ""T\u1ea5t T\u1ea7n T\u1eadt V\u1ec1 Con Qu\u00e1i V\u1eadt LinGan Melon #shorts"", ""Cu\u1ed9c Chi\u1ebfn C\u1ee7a Udin Din Din V\u00e0  LERU LERU LE PENGUINEL #shorts"", ""T\u1ea5t T\u1ea7n T\u1eadt Chuy\u1ec7n T\u00ecnh C\u1ee7a Con Nai V\u00e0 Ch\u1ecb C\u00fa M\u00e8o #shorts"", ""Bu\u1ed5i \u0110i Si\u00eau Th\u1ecb B\u1ea5t \u1ed4n C\u1ee7a Tung Tung Sahur #shorts #tungtungtungsahur""]",Not Found,Not Found,Not Found,Not Found,Not Found,Not Found,Not Found,US,Not Found,2025-10-03T12:01:00Z,28.28,FAIL,"[""followers outside configured range or unavailable"", ""insufficient fashion/beauty keyword matches"", ""last upload is older than configured activity window"", ""country does not match configured region""]",skincare routine,2026-10-01T17:36:33.944149+00:00
UCZxuPO7hF1Ewi0PcibPo-fg,The Routine,YouTube,https://www.youtube.com/channel/UCZxuPO7hF1Ewi0PcibPo-fg,109.0,665.5,0.0192212842350574,"skincare, beauty","skincare, beauty","[""\u2728Anua Heartleaf 77% Soothing Toner"", ""Your new FAVORITE ampoule"", ""The BEST soothing cream for you"", ""The BEST eye cream for you!"", ""The skincare product YOU NEED"", ""Try BTS Jin\u2019s moisturizer\u2728"", ""Try THESE skincare products for clear skin"", ""The BEST cream for breakouts"", ""Try these treatments when you come to Korea!"", ""Have you used the Tirtir milk skin toner?""]",Not Found,Not Found,Not Found,Not Found,Not Found,Not Found,Not Found,Not Found,Not Found,2025-02-14T12:54:18Z,38.45,FAIL,"[""followers outside configured range or unavailable"", ""last upload is older than configured activity window""]",skincare routine,2026-10-01T17:36:33.944149+00:00
UC303WqCMHDi-1lBfYPsN_cA,Skin care routine,YouTube,https://www.youtube.com/channel/UC303WqCMHDi-1lBfYPsN_cA,5.0,405.5,0.0621951219512195,Not Found,Not Found,"[""Coming third grade after summer #lifeisbutadream \ufffc"", ""May 28, 2026"", ""May 26, 2026"", ""May 25, 2026"", ""May 24, 2026"", ""May 24, 2026"", ""May 24, 2026"", ""May 24, 2026"", ""May 23, 2026"", ""May 23, 2026""]",Not Found,Not Found,Not Found,Not Found,Not Found,Not Found,Not Found,Not Found,Not Found,2026-05-29T11:50:24Z,35.0,FAIL,"[""followers outside configured range or unavailable"", ""insufficient fashion/beauty keyword matches"", ""last upload is older than configured activity window""]",skincare routine,2026-10-01T17:36:33.944149+00:00
UCnpnKnel2_KmllYjQx_cIgg,fiza skin care routine ,YouTube,https://www.youtube.com/channel/UCnpnKnel2_KmllYjQx_cIgg,0.0,6.5,0.1875,Not Found,Not Found,"[""August 12, 2026"", ""August 12, 2026"", ""August 12, 2026"", ""August 12, 2026""]",Not Found,Not Found,Not Found,Not Found,Not Found,Not Found,Not Found,Not Found,Not Found,2026-08-12T09:24:02Z,43.89,FAIL,"[""followers outside configured range or unavailable"", ""insufficient fashion/beauty keyword matches""]",skincare routine,2026-10-01T17:36:33.944149+00:00
UC8e6WlaU9tEUY6MXOxPF8YQ,Skin care routine ,YouTube,https://www.youtube.com/channel/UC8e6WlaU9tEUY6MXOxPF8YQ,1.0,3.3,0.1,skincare,skincare,"[""\ud83e\udec2\ud83d\udc83\u2764\ufe0f\u200d\ud83e\ude79\ud83e\uddff\ud83d\udc97"", ""\ud83d\udde3\ufe0f\ud83e\uddff\ud83c\udf80"", ""\ud83d\udc4c\ud83d\udc4b\ud83e\uddff\ud83c\udf80\ud83d\udc3c"", ""buillori"", ""bairan"", ""majboor"", ""jalebi baby"", ""#vaselinehack#itworks #skincareroutineforteens #skincareroutine #girlsproduct #homereamedy #korean"", ""#girlsproduct #skincareroutine #itworks #skincareroutineforteens #1weekglowup #homereamedy"", ""#itworks #skincareroutine #skincareroutineforteens #homereamedy #girlsproduct""]",Not Found,Not Found,Not Found,Not Found,Not Found,Not Found,Not Found,Not Found,Not Found,2026-07-12T13:08:52Z,49.5,FAIL,"[""followers outside configured range or unavailable"", ""insufficient fashion/beauty keyword matches""]",skincare routine,2026-10-01T17:36:33.944149+00:00
UCjJJaahkZUx7ev_mu7dMV3w,Skin Care Diaries,YouTube,https://www.youtube.com/channel/UCjJJaahkZUx7ev_mu7dMV3w,5.0,18.25,0.1227272727272727,"skincare, makeup, beauty, style","skincare, makeup, beauty, style","[""Nourish and Hydrate: Essential Ingredients for a Healthy Skincare Regimen"", ""Skincare Tips for Clear and Glowing Skin"", ""Unlock Your Skin's Potential: Secrets to Radiant and Youthful Skin"", ""Essential Steps for Healthy Skin: A Simple Skincare Routine""]",Not Found,Not Found,Not Found,Not Found,Not Found,Not Found,Not Found,Not Found,Not Found,2023-05-31T19:26:24Z,60.0,FAIL,"[""followers outside configured range or unavailable"", ""last upload is older than configured activity window""]",skincare routine,2026-10-01T17:36:33.944149+00:00
UC20sDuJvpF8i_so_he2sarw,skin care routine,YouTube,https://www.youtube.com/channel/UC20sDuJvpF8i_so_he2sarw,13.0,84.5,0.1806704104105692,makeup,makeup,"[""simple makeup"", ""home remedies for clear and glowing skin"", ""maa Devi Mahalakshmi"", ""September 9, 2023"", ""for beautiful skin"", ""simple and tasty pasta!!""]",Not Found,Not Found,Not Found,Not Found,Not Found,Not Found,Not Found,Not Found,Not Found,2023-09-24T08:56:19Z,47.5,FAIL,"[""followers outside configured range or unavailable"", ""insufficient fashion/beauty keyword matches"", ""last upload is older than configured activity window""]",skincare routine,2026-10-01T17:36:33.944149+00:00
UCBQaQfN1Ac0O-Nm1sD1K5ZQ,SkinCare By Rejalla,YouTube,https://www.youtube.com/channel/UCBQaQfN1Ac0O-Nm1sD1K5ZQ,93.0,46.11111111111112,0.1046207221758814,"skincare, beauty, hair","skincare, beauty, hair","[""Discover skin perfection with #RejallaSerum! \ud83c\udf1f"", ""7 Skin Care Benefits of Using Rejalla Hydrating Serum and Rejalla Face Mask for a Radiant Skin"", ""Cut your daily skin care routine by 10 minutes!"", ""What is in your face serum? Let's find out! #beautytips #glowingskin #skincare #healthyskinbeyond50"", ""Skincare routine that really works. My skin is better than ever! #brownskincareroutine"", ""Refresh your skin  after a relaxing day at the beach. Love Rejalla skincare products #glowingskin"", ""Rejuvenate Your Face With Rejalla Face Mask"", ""Using the face mask step by step!"", ""Explaining How to Use The Mask""]",Not Found,Not Found,Not Found,Not Found,Not Found,Not Found,Not Found,US,Not Found,2024-04-10T02:11:07Z,60.0,FAIL,"[""followers outside configured range or unavailable"", ""last upload is older than configured activity window"", ""country does not match configured region""]",skincare routine,2026-10-01T17:36:33.944149+00:00
UCiy3Jh_aCQoZ7LLDail9UsQ,SKIN CARE ROUTINE BY SAFAÀ,YouTube,https://www.youtube.com/channel/UCiy3Jh_aCQoZ7LLDail9UsQ,773.0,18444.3,0.0425075559802498,Not Found,Not Found,"[""\u0623\u062d\u0633\u0646 \u0645\u0631\u0637\u0628 \u0627\u0644\u0628\u0634\u0631\u0629  \u062f\u0647\u0646\u064a\u0629 \u0648 \u0645\u062e\u062a\u0644\u0637\u0629 \u0645\u0639\u0631\u0636\u0629 \u0627\u0644\u062d\u0628\u0648\u0628 \u062e\u0637\u064a\u064a\u0631"", ""\u0633\u064a\u0631\u0648\u0645 \u0648 \u0645\u0642\u0634\u0631 \u0644\u064a \u0646\u0641\u0639\u0648\u0646\u064a \u0644\u064a\u0637\u0627\u0634 \u0628\u062a\u062c\u0631\u064a\u0628 \u0645\u0646 the ordinary \u0645\u0639 \u0630\u0643\u0631 \u062a\u0645\u0646"", ""\u0645\u0632\u064a\u0644 \u0639\u0631\u0642 \u0637\u0628\u064a\u0639\u064a \u0648 \u0645\u0631\u0637\u0628  \u0648 \u0645\u0643\u0627\u0648\u0646\u0627\u062a\u0647 \u062a\u0645\u0646 \u0645\u0646\u0627\u0633\u0628 \u0648 \u0641\u064a\u0646 \u062a\u0644\u0642\u0627\u0648\u0647 \u061f\u061f"", ""\u0648\u0635\u0641\u0629 \u0644\u0634\u0639\u0631 \u0628\u0627\u0644\u0623\u0639\u0634\u0627\u0628 \u0645\u062c\u0631\u0628\u0629 \u0645\u0643\u0648\u0646\u0627\u062a \u0645\u0648\u062c\u0648\u062f\u0629 \u0641\u0643\u0644 \u0628\u064a\u062a"", ""the ordinary salicylic acid \u0627\u0644\u0639\u062f\u0648 \u0627\u0644\u0623\u0648\u0644  \u0644\u062d\u0628 \u0634\u0628\u0627\u0628 \u0648 \u0631\u0624\u0648\u0633 \u0633\u0648\u062f\u0627\u0621 \u0648 \u0648 \u062d\u0628 \u062a\u062d\u062a \u062c\u0644\u062f\u060c \u0641\u0648\u0627\u0626\u062f\u0647 \u0648\u0627\u0633\u062a\u0639\u0645\u0627\u0644\u0647"", ""shampooing l'oreal elseve \u062e\u062f\u064a\u062a\u0648 \u0648 \u0645\u0646\u062f\u0645\u062a\u0634 \u0632\u0648\u064a\u0646 \u0644\u0634\u0639\u0631"", ""\u0645\u0646\u0636\u0641 \u0644\u062d\u0628\u0648\u0628 \u062a\u062d\u062a \u062c\u0644\u062f  cerave anti rugosit\u00e9s \u0644\u062c\u0645\u064a\u0639 \u0623\u0646\u0648\u0627\u0639 \u0627\u0644\u0628\u0634\u0631\u0629\u060c \u0648 \u0645\u0639\u0627\u0634 \u062a\u0633\u062a\u0639\u0645\u0644\u064a\u0647 \u0644\u0644\u062d\u0635\u0648\u0644 \u0639\u0644\u0649 \u0646\u062a\u064a\u062c\u0629 \u062c\u064a\u062f\u0629"", ""\u0639\u0644\u0627\u062c \u062d\u0628 \u0634\u0628\u0627\u0628 \u063a\u064a\u0631 \u0628 29 \u062f\u0631\u0647\u0645"", ""\u0639\u0644\u0627\u062c \u062c\u0644\u062f \u0627\u0644\u0648\u0632\u0629 \u0648 \u0634\u0639\u0631 \u062a\u062d\u062a \u062c\u0644\u062f \u0648\u062a\u0645\u0646 \u0645\u0646\u0627\u0633\u0628"", ""the ordinary glycolic acid \u0633\u0644\u0628\u064a\u0627\u062a \u0648 \u0627\u064a\u062c\u0627\u0628\u064a\u0627\u062a \u060c \u0639\u0644\u0627\u062c \u062a\u0635\u0628\u063a\u0627\u062a \u0648 \u0637\u0631\u064a\u0642\u0629 \u0627\u0644\u0627\u0633\u062a\u0639\u0645\u0627\u0644""]",Not Found,Not Found,Not Found,Not Found,Not Found,Not Found,Not Found,Not Found,Not Found,2024-12-07T23:33:31Z,29.76,FAIL,"[""followers outside configured range or unavailable"", ""insufficient fashion/beauty keyword matches"", ""last upload is older than configured activity window""]",skincare routine,2026-10-01T17:36:33.944149+00:00
UC36TNmyNRy9fIZ521ss97IQ,PFEFE routine,YouTube,https://www.youtube.com/channel/UC36TNmyNRy9fIZ521ss97IQ,214.0,1015.7,0.0126728747472909,"skincare, makeup, beauty, grwm","skincare, makeup, beauty, grwm","[""Get your guasha tools #pfefe #cryoguasha #guashamassage #skincare #beauty #fyp #foryou"", ""Enjoy the skincare routine time with PFEFE cryo sticks\ud83d\udc86\u200d\u2640\ufe0f#pfefe #cryosticks #cryoglobes #skincare"", ""Skincare GRWM #pfefe #iceglobes #skincare #makeup #makeupartist #skincaretips #grwm #icefacial"", ""Saturday day skincare must have #pfefe #beauty #cryosticks #cryoglobes #skincare"", ""Love this GRWM video by Baylee\ud83d\udc9ePFEFE cryo guasha helps depuff in the morning.#pfefe #skincare #spa"", ""Let\u2019s depuff with PFEFE cryo guasha #pfefe #cryo #skincare #guashafacial #facial #beautytips"", ""Meet the new skincare: 360 Rotating Ice Globes #pfefe #skincare #beauty #skincarehacks #beautytips"", ""Giving myself the royal treatment with a cryo gua sha depuff routine #skincare #pfefe #beautycare"", ""Ice globes have become my everyday must-haves. #pfefe #cryoglobes #coolingglobes  #skincare"", ""Daily depuff with cryo guasha! #pfefe #skincare #beauty #selfcare #spaathome #makeup #relaxing""]",Not Found,Not Found,Not Found,Not Found,Not Found,Not Found,Not Found,Not Found,Not Found,2024-05-22T15:25:12Z,33.87,FAIL,"[""followers outside configured range or unavailable"", ""last upload is older than configured activity window""]",skincare routine,2026-10-01T17:36:33.944149+00:00
